vacancy_id,date_posted,profession,experience_level,region,work_format,company_size,key_skills,salary_from_rub,salary_to_rub,currency
101715,2024-01-01,Frontend Developer,Senior,Удалённо (Россия),Удалённо,Малая (50-250),"CSS, Git, JavaScript, React, TypeScript",120000,149000,RUB
101858,2024-01-01,DevOps Engineer,Lead,Санкт-Петербург,Офис,Средняя (250-1000),"CI/CD, Docker, Git, Kubernetes, Terraform",164000,217000,RUB
104935,2024-01-01,Frontend Developer,Middle,Новосибирск,Удалённо,Стартап (<50),"CSS, Git, JavaScript, React, TypeScript",55000,71000,RUB
101747,2024-01-01,System Analyst,Middle,Новосибирск,Удалённо,Стартап (<50),"BPMN, Confluence, Git, Jira",58000,77000,RUB
105518,2024-01-01,ML Engineer,Middle,Казань,Удалённо,Средняя (250-1000),"Git, Kubernetes, MLflow, PyTorch, Python, TensorFlow",69000,82000,RUB
104165,2024-01-01,DevOps Engineer,Junior,Удалённо (Россия),Удалённо,Средняя (250-1000),"AWS, Git, Kubernetes, Linux",50000,63000,RUB
101088,2024-01-02,DevOps Engineer,Senior,Удалённо (Россия),Гибрид,Стартап (<50),"CI/CD, Git, Terraform",127000,157000,RUB
104263,2024-01-02,Data Scientist,Senior,Москва,Офис,Стартап (<50),"Docker, Git, Pandas, PyTorch, SQL, Scikit-learn",172000,231000,RUB
103125,2024-01-02,ML Engineer,Senior,Москва,Офис,Крупная (1000+),"Docker, Git, MLflow, Python, TensorFlow",231000,297000,RUB
101798,2024-01-02,Data Scientist,Middle,Санкт-Петербург,Гибрид,Средняя (250-1000),"Docker, Pandas, PyTorch, Python, Scikit-learn",82000,96000,RUB
100206,2024-01-03,Frontend Developer,Middle,Москва,Удалённо,Средняя (250-1000),"CSS, Git, HTML, JavaScript, React, TypeScript",72000,90000,RUB
101989,2024-01-03,Backend Developer,Middle,Санкт-Петербург,Гибрид,Крупная (1000+),"Docker, Java, SQL",95000,123000,RUB
102078,2024-01-03,Frontend Developer,Middle,Москва,Гибрид,Малая (50-250),"CSS, Git, HTML, JavaScript, React, TypeScript",79000,96000,RUB
104783,2024-01-03,Backend Developer,Lead,Удалённо (Россия),Удалённо,Крупная (1000+),"Java, PostgreSQL, REST API",223000,286000,RUB
104670,2024-01-04,Full-stack Developer,Lead,Казань,Удалённо,Стартап (<50),"Docker, Git, JavaScript, Node.js, React, SQL",110000,128000,RUB
105484,2024-01-04,Mobile Developer,Junior,Удалённо (Россия),Удалённо,Малая (50-250),"Git, REST API, SQL, Swift",47000,57000,RUB
104531,2024-01-04,Backend Developer,Middle,Удалённо (Россия),Удалённо,Средняя (250-1000),"Git, Kubernetes, Python, REST API, SQL",96000,122000,RUB
101930,2024-01-04,Full-stack Developer,Middle,Санкт-Петербург,Офис,Стартап (<50),"Docker, Git, JavaScript, Node.js, React, SQL",71000,87000,RUB
101034,2024-01-04,Data Analyst,Junior,Санкт-Петербург,Офис,Стартап (<50),"Git, SQL, Tableau",45000,53000,RUB
102679,2024-01-04,DevOps Engineer,Middle,Москва,Удалённо,Стартап (<50),"AWS, Git, Kubernetes",108000,146000,RUB
104211,2024-01-04,Backend Developer,Middle,Казань,Офис,Стартап (<50),"Java, Kubernetes, Python",49000,62000,RUB
105763,2024-01-05,DevOps Engineer,Junior,Москва,Офис,Стартап (<50),"CI/CD, Git, Linux, Terraform",59000,70000,RUB
100029,2024-01-05,ML Engineer,Middle,Удалённо (Россия),Гибрид,Крупная (1000+),"Docker, Git, Kubernetes, PyTorch, Python, TensorFlow",104000,128000,RUB
104039,2024-01-05,Data Engineer,Middle,Екатеринбург,Удалённо,Стартап (<50),"Airflow, Git, Python",57000,66000,RUB
100099,2024-01-05,Data Scientist,Senior,Краснодар,Гибрид,Малая (50-250),"Docker, Git, Python, Scikit-learn, Statistics",104000,123000,RUB
100049,2024-01-05,ML Engineer,Junior,Казань,Удалённо,Малая (50-250),"Docker, Git, Kubernetes, MLflow, PyTorch, TensorFlow",32000,39000,RUB
100912,2024-01-05,Data Engineer,Senior,Санкт-Петербург,Удалённо,Малая (50-250),"ClickHouse, Git, Kafka, SQL, Spark",164000,196000,RUB
102765,2024-01-05,Mobile Developer,Middle,Удалённо (Россия),Удалённо,Малая (50-250),"Git, Kotlin, REST API, SQL, Swift",88000,108000,RUB
100421,2024-01-05,Data Engineer,Middle,Москва,Удалённо,Малая (50-250),"Docker, Git, Kafka, Python",124000,150000,RUB
104545,2024-01-05,Backend Developer,Lead,Удалённо (Россия),Удалённо,Малая (50-250),"Docker, Git, Kubernetes, PostgreSQL, Python, REST API",184000,245000,RUB
100599,2024-01-05,Data Scientist,Middle,Москва,Офис,Стартап (<50),"Docker, Git, PyTorch, Python, SQL, Scikit-learn, Statistics",70000,93000,RUB
102908,2024-01-06,Data Engineer,Middle,Удалённо (Россия),Гибрид,Крупная (1000+),"ClickHouse, Docker, Git, Python, SQL, Spark",113000,151000,RUB
105584,2024-01-06,Backend Developer,Middle,Удалённо (Россия),Гибрид,Крупная (1000+),"Git, Java, Kubernetes, Python, REST API, SQL",100000,115000,RUB
101215,2024-01-06,Product Manager,Junior,Москва,Удалённо,Малая (50-250),"Confluence, Jira, SQL",46000,55000,RUB
101418,2024-01-06,DevOps Engineer,Junior,Удалённо (Россия),Удалённо,Стартап (<50),"AWS, CI/CD, Docker, Git, Linux, Terraform",56000,70000,RUB
101892,2024-01-06,System Analyst,Middle,Екатеринбург,Офис,Крупная (1000+),"BPMN, Confluence, Git, Jira, SQL",65000,87000,RUB
102647,2024-01-06,Full-stack Developer,Lead,Удалённо (Россия),Гибрид,Малая (50-250),"Docker, Git, Node.js, React, SQL",176000,225000,RUB
105109,2024-01-07,Full-stack Developer,Senior,Москва,Гибрид,Малая (50-250),"Git, JavaScript, Node.js, React, SQL",132000,175000,RUB
101383,2024-01-07,Backend Developer,Middle,Казань,Гибрид,Малая (50-250),"Git, Java, PostgreSQL, Python",41000,51000,RUB
102278,2024-01-07,Product Manager,Junior,Краснодар,Удалённо,Крупная (1000+),"Agile, Analytics, Git, Jira",36000,45000,RUB
104887,2024-01-07,Data Scientist,Middle,Москва,Офис,Средняя (250-1000),"Docker, Git, PyTorch, Python, SQL, Scikit-learn, Statistics",119000,142000,RUB
103514,2024-01-07,Backend Developer,Senior,Санкт-Петербург,Офис,Стартап (<50),"Docker, Git, Java, Kubernetes",140000,184000,RUB
105358,2024-01-08,Data Analyst,Senior,Санкт-Петербург,Гибрид,Малая (50-250),"Git, Python, Tableau",106000,134000,RUB
102613,2024-01-08,Frontend Developer,Senior,Санкт-Петербург,Удалённо,Малая (50-250),"CSS, Git, HTML, JavaScript",98000,128000,RUB
105611,2024-01-08,Mobile Developer,Junior,Москва,Удалённо,Малая (50-250),"Git, Kotlin, REST API, Swift",47000,58000,RUB
102879,2024-01-08,DevOps Engineer,Middle,Санкт-Петербург,Удалённо,Крупная (1000+),"CI/CD, Git, Kubernetes, Linux",107000,140000,RUB
103180,2024-01-08,Product Manager,Middle,Удалённо (Россия),Удалённо,Малая (50-250),"Analytics, Confluence, Git, SQL",110000,133000,RUB
105670,2024-01-08,Backend Developer,Middle,Удалённо (Россия),Удалённо,Крупная (1000+),"Git, Java, Kubernetes, PostgreSQL, REST API",100000,120000,RUB
103521,2024-01-08,Data Analyst,Middle,Москва,Офис,Стартап (<50),"Excel, Git, Power BI, Python, SQL, Tableau",76000,98000,RUB
105698,2024-01-08,Data Analyst,Middle,Удалённо (Россия),Офис,Малая (50-250),"Excel, Git, Python",70000,90000,RUB
105019,2024-01-08,Mobile Developer,Junior,Санкт-Петербург,Офис,Средняя (250-1000),"Git, Kotlin, REST API, SQL",47000,54000,RUB
101064,2024-01-08,Full-stack Developer,Lead,Екатеринбург,Гибрид,Стартап (<50),"Git, JavaScript, Node.js, React, SQL",133000,177000,RUB
101784,2024-01-09,System Analyst,Middle,Нижний Новгород,Офис,Малая (50-250),"Confluence, Git, Jira, SQL, UML",41000,52000,RUB
105676,2024-01-09,Data Analyst,Senior,Москва,Офис,Крупная (1000+),"Excel, Git, Python, SQL",173000,213000,RUB
101415,2024-01-09,Backend Developer,Senior,Удалённо (Россия),Офис,Стартап (<50),"Docker, Git, Java, REST API, SQL",135000,163000,RUB
101408,2024-01-09,Full-stack Developer,Middle,Москва,Гибрид,Малая (50-250),"Docker, Git, JavaScript, React, SQL",85000,108000,RUB
105158,2024-01-09,Mobile Developer,Middle,Москва,Офис,Крупная (1000+),"Git, Kotlin, SQL, Swift",102000,125000,RUB
105332,2024-01-09,Full-stack Developer,Middle,Москва,Офис,Малая (50-250),"Docker, Git, JavaScript, SQL",100000,117000,RUB
100637,2024-01-09,System Analyst,Junior,Удалённо (Россия),Удалённо,Малая (50-250),"BPMN, Confluence, Git, Jira",42000,55000,RUB
103911,2024-01-09,Product Manager,Middle,Москва,Удалённо,Средняя (250-1000),"Agile, Analytics, Confluence, Git, Jira, SQL",154000,204000,RUB
102216,2024-01-10,Full-stack Developer,Junior,Казань,Офис,Малая (50-250),"Docker, Git, Node.js, React, SQL",30000,40000,RUB
102137,2024-01-10,Frontend Developer,Junior,Краснодар,Офис,Стартап (<50),"CSS, Git, JavaScript, React, TypeScript",30000,35000,RUB
102098,2024-01-10,Product Manager,Lead,Удалённо (Россия),Удалённо,Стартап (<50),"Agile, Analytics, Confluence, Git, Jira, SQL",198000,245000,RUB
105436,2024-01-10,DevOps Engineer,Senior,Краснодар,Офис,Стартап (<50),"AWS, CI/CD, Docker, Git, Kubernetes, Terraform",97000,123000,RUB
101853,2024-01-10,Backend Developer,Middle,Москва,Удалённо,Средняя (250-1000),"Docker, Git, Kubernetes, Python, SQL",96000,110000,RUB
105307,2024-01-10,DevOps Engineer,Junior,Нижний Новгород,Удалённо,Стартап (<50),"AWS, CI/CD, Git, Linux, Terraform",38000,50000,RUB
103173,2024-01-11,QA Engineer,Middle,Санкт-Петербург,Гибрид,Крупная (1000+),"Git, Manual Testing, Postman, Python, SQL",56000,74000,RUB
105900,2024-01-11,DevOps Engineer,Junior,Екатеринбург,Гибрид,Стартап (<50),"CI/CD, Docker, Git, Linux, Terraform",34000,42000,RUB
104534,2024-01-11,Backend Developer,Junior,Москва,Гибрид,Средняя (250-1000),"Docker, Git, Kubernetes, PostgreSQL, REST API, SQL",53000,67000,RUB
101125,2024-01-11,Backend Developer,Middle,Санкт-Петербург,Гибрид,Стартап (<50),"Docker, Git, Kubernetes, REST API, SQL",68000,89000,RUB
104402,2024-01-11,Data Scientist,Middle,Казань,Удалённо,Крупная (1000+),"Docker, Git, PyTorch, SQL, Scikit-learn, Statistics",78000,101000,RUB
103105,2024-01-11,Product Manager,Junior,Удалённо (Россия),Гибрид,Средняя (250-1000),"Agile, Analytics, Confluence, Git, Jira, SQL",49000,64000,RUB
101345,2024-01-11,Mobile Developer,Senior,Новосибирск,Офис,Малая (50-250),"Git, Kotlin, REST API, SQL, Swift",94000,124000,RUB
105829,2024-01-12,Frontend Developer,Junior,Москва,Офис,Крупная (1000+),"CSS, Git, HTML, JavaScript, React, TypeScript",55000,66000,RUB
105789,2024-01-12,Backend Developer,Senior,Новосибирск,Офис,Малая (50-250),"Docker, Git, Kubernetes, Python, REST API",100000,124000,RUB
102497,2024-01-12,QA Engineer,Junior,Москва,Удалённо,Стартап (<50),"Git, Manual Testing, Postman, Python, SQL, Selenium",38000,51000,RUB
105867,2024-01-13,Data Scientist,Junior,Новосибирск,Офис,Крупная (1000+),"Git, Pandas, Scikit-learn, Statistics",49000,63000,RUB
105547,2024-01-13,Full-stack Developer,Middle,Казань,Офис,Крупная (1000+),"Docker, Git, JavaScript, React, SQL",70000,81000,RUB
104078,2024-01-13,Data Scientist,Senior,Новосибирск,Удалённо,Средняя (250-1000),"Docker, Git, Pandas, PyTorch, SQL, Scikit-learn",114000,136000,RUB
102658,2024-01-13,QA Engineer,Senior,Москва,Гибрид,Малая (50-250),"Git, Manual Testing, Python, SQL, Selenium",88000,112000,RUB
101509,2024-01-13,Data Scientist,Middle,Москва,Гибрид,Средняя (250-1000),"Git, Pandas, PyTorch, SQL, Scikit-learn, Statistics",88000,113000,RUB
103477,2024-01-13,Backend Developer,Senior,Удалённо (Россия),Гибрид,Малая (50-250),"Git, Java, Kubernetes, SQL",111000,145000,RUB
104945,2024-01-14,Mobile Developer,Junior,Удалённо (Россия),Гибрид,Стартап (<50),"Git, Kotlin, REST API, Swift",42000,55000,RUB
102625,2024-01-14,ML Engineer,Senior,Удалённо (Россия),Гибрид,Средняя (250-1000),"Git, Kubernetes, MLflow, Python, TensorFlow",212000,255000,RUB
103126,2024-01-14,System Analyst,Junior,Казань,Гибрид,Малая (50-250),"BPMN, Git, SQL, UML",30000,40000,RUB
102848,2024-01-14,Mobile Developer,Senior,Удалённо (Россия),Удалённо,Средняя (250-1000),"Git, Kotlin, REST API, SQL, Swift",182000,241000,RUB
100500,2024-01-14,Data Analyst,Senior,Москва,Офис,Стартап (<50),"Excel, Git, SQL, Tableau",143000,184000,RUB
104906,2024-01-14,DevOps Engineer,Middle,Екатеринбург,Офис,Малая (50-250),"Git, Linux, Terraform",71000,85000,RUB
102377,2024-01-15,Data Analyst,Middle,Санкт-Петербург,Гибрид,Средняя (250-1000),"Excel, Git, Power BI, SQL, Tableau",63000,74000,RUB
100516,2024-01-15,DevOps Engineer,Lead,Москва,Гибрид,Стартап (<50),"Docker, Git, Kubernetes, Linux, Terraform",188000,229000,RUB
104980,2024-01-15,ML Engineer,Senior,Санкт-Петербург,Гибрид,Средняя (250-1000),"Docker, Git, Kubernetes, MLflow",168000,195000,RUB
102767,2024-01-15,DevOps Engineer,Middle,Москва,Гибрид,Средняя (250-1000),"CI/CD, Git, Linux, Terraform",110000,141000,RUB
102730,2024-01-15,Data Analyst,Senior,Краснодар,Офис,Крупная (1000+),"Excel, Git, Power BI, Python, SQL, Tableau",72000,88000,RUB
104159,2024-01-15,Frontend Developer,Senior,Санкт-Петербург,Гибрид,Малая (50-250),"CSS, Git, HTML, JavaScript, React",118000,142000,RUB
102173,2024-01-15,Data Analyst,Junior,Москва,Офис,Стартап (<50),"Excel, Git, Power BI, Tableau",40000,50000,RUB
105825,2024-01-16,ML Engineer,Junior,Екатеринбург,Офис,Малая (50-250),"Docker, Git, Kubernetes, MLflow, Python, TensorFlow",31000,42000,RUB
104275,2024-01-16,Data Analyst,Senior,Удалённо (Россия),Офис,Средняя (250-1000),"Excel, Git, Python, SQL",123000,161000,RUB
105196,2024-01-16,Data Scientist,Middle,Санкт-Петербург,Гибрид,Стартап (<50),"Git, Pandas, PyTorch, Statistics",83000,112000,RUB
105703,2024-01-16,DevOps Engineer,Senior,Санкт-Петербург,Офис,Средняя (250-1000),"AWS, Docker, Git, Kubernetes, Linux",163000,189000,RUB
103629,2024-01-16,Data Scientist,Middle,Москва,Офис,Стартап (<50),"PyTorch, Python, SQL",104000,123000,RUB
101837,2024-01-16,Data Engineer,Senior,Москва,Удалённо,Средняя (250-1000),"Airflow, Git, SQL",214000,252000,RUB
105640,2024-01-16,Mobile Developer,Middle,Удалённо (Россия),Удалённо,Средняя (250-1000),"Git, REST API, SQL, Swift",80000,97000,RUB
100574,2024-01-17,Product Manager,Middle,Удалённо (Россия),Гибрид,Крупная (1000+),"Agile, Analytics, Confluence, Git, Jira, SQL",87000,107000,RUB
101289,2024-01-17,Data Scientist,Middle,Москва,Гибрид,Стартап (<50),"Docker, Pandas, PyTorch, Python, SQL, Scikit-learn",97000,121000,RUB
101656,2024-01-17,Data Analyst,Junior,Санкт-Петербург,Гибрид,Стартап (<50),"Excel, Git, Power BI, Python, SQL, Tableau",33000,41000,RUB
104654,2024-01-17,Backend Developer,Middle,Москва,Офис,Малая (50-250),"Git, Kubernetes, PostgreSQL, Python, REST API, SQL",99000,120000,RUB
102791,2024-01-17,QA Engineer,Junior,Санкт-Петербург,Гибрид,Средняя (250-1000),"Git, Manual Testing, SQL, Selenium",35000,44000,RUB
101185,2024-01-17,Data Analyst,Junior,Удалённо (Россия),Офис,Малая (50-250),"Excel, Git, Power BI, Python, SQL, Tableau",30000,40000,RUB
103777,2024-01-17,Frontend Developer,Senior,Санкт-Петербург,Гибрид,Крупная (1000+),"CSS, Git, HTML, JavaScript, TypeScript",127000,158000,RUB
103273,2024-01-17,Data Engineer,Middle,Краснодар,Удалённо,Стартап (<50),"Airflow, ClickHouse, Git, Python",53000,67000,RUB
102986,2024-01-18,Full-stack Developer,Junior,Москва,Удалённо,Крупная (1000+),"Docker, Git, JavaScript, Node.js, React, SQL",51000,60000,RUB
102620,2024-01-18,System Analyst,Middle,Москва,Удалённо,Крупная (1000+),"BPMN, Git, Jira, SQL, UML",110000,135000,RUB
100787,2024-01-18,Data Analyst,Middle,Екатеринбург,Офис,Средняя (250-1000),"Excel, Git, Python, Tableau",48000,58000,RUB
100668,2024-01-18,Data Analyst,Junior,Москва,Гибрид,Средняя (250-1000),"Excel, Git, Power BI, SQL, Tableau",42000,54000,RUB
101652,2024-01-18,Data Engineer,Middle,Москва,Гибрид,Малая (50-250),"Airflow, ClickHouse, Docker, Git",92000,107000,RUB
102974,2024-01-19,DevOps Engineer,Junior,Санкт-Петербург,Офис,Стартап (<50),"CI/CD, Git, Kubernetes, Terraform",50000,66000,RUB
104169,2024-01-19,DevOps Engineer,Middle,Краснодар,Офис,Средняя (250-1000),"AWS, Docker, Git, Kubernetes, Linux, Terraform",56000,75000,RUB
102561,2024-01-19,Frontend Developer,Middle,Удалённо (Россия),Гибрид,Средняя (250-1000),"CSS, Git, HTML, React, TypeScript",59000,73000,RUB
103346,2024-01-19,DevOps Engineer,Middle,Москва,Удалённо,Средняя (250-1000),"AWS, CI/CD, Git, Kubernetes, Linux, Terraform",116000,153000,RUB
104690,2024-01-19,Product Manager,Middle,Удалённо (Россия),Офис,Средняя (250-1000),"Agile, Analytics, Confluence, Git, Jira, SQL",93000,118000,RUB
101244,2024-01-19,ML Engineer,Senior,Новосибирск,Удалённо,Малая (50-250),"Docker, Git, Kubernetes, PyTorch, Python",127000,161000,RUB
104966,2024-01-19,Full-stack Developer,Middle,Новосибирск,Удалённо,Малая (50-250),"Docker, Git, JavaScript, SQL",67000,88000,RUB
100751,2024-01-19,Full-stack Developer,Junior,Москва,Удалённо,Стартап (<50),"Docker, Git, JavaScript, React, SQL",55000,71000,RUB
105175,2024-01-20,Backend Developer,Middle,Санкт-Петербург,Гибрид,Малая (50-250),"Docker, Git, Java, PostgreSQL, Python, REST API, SQL",86000,109000,RUB
101374,2024-01-20,Backend Developer,Junior,Москва,Офис,Малая (50-250),"Docker, Git, Java, Kubernetes, PostgreSQL, Python, SQL",53000,68000,RUB
102632,2024-01-20,Data Analyst,Senior,Удалённо (Россия),Гибрид,Малая (50-250),"Excel, Git, Power BI, Python, SQL",114000,148000,RUB
102230,2024-01-21,Mobile Developer,Middle,Санкт-Петербург,Удалённо,Малая (50-250),"Git, REST API, SQL, Swift",62000,83000,RUB
101513,2024-01-21,QA Engineer,Junior,Санкт-Петербург,Офис,Крупная (1000+),"Git, Manual Testing, Postman, Python, SQL, Selenium",35000,45000,RUB
104672,2024-01-21,Full-stack Developer,Senior,Нижний Новгород,Гибрид,Средняя (250-1000),"Docker, Git, JavaScript",86000,99000,RUB
104716,2024-01-21,Data Analyst,Junior,Удалённо (Россия),Гибрид,Средняя (250-1000),"Git, Power BI, Python, SQL",42000,51000,RUB
105777,2024-01-21,Data Scientist,Middle,Москва,Офис,Стартап (<50),"Docker, Git, Pandas, SQL, Scikit-learn",99000,128000,RUB
105351,2024-01-21,Frontend Developer,Senior,Новосибирск,Удалённо,Крупная (1000+),"Git, HTML, JavaScript, React, TypeScript",122000,141000,RUB
104033,2024-01-21,Data Analyst,Senior,Москва,Гибрид,Стартап (<50),"Excel, Git, Power BI, Python, SQL",130000,164000,RUB
104488,2024-01-21,Data Engineer,Middle,Удалённо (Россия),Офис,Малая (50-250),"Airflow, Docker, Git, Spark",76000,90000,RUB
105172,2024-01-22,Full-stack Developer,Senior,Удалённо (Россия),Удалённо,Средняя (250-1000),"Docker, Git, JavaScript, Node.js, React, SQL",133000,166000,RUB
104113,2024-01-22,Backend Developer,Lead,Санкт-Петербург,Удалённо,Малая (50-250),"Docker, Git, Java, PostgreSQL, Python, REST API",181000,227000,RUB
100549,2024-01-22,DevOps Engineer,Middle,Удалённо (Россия),Удалённо,Крупная (1000+),"CI/CD, Docker, Git, Kubernetes",114000,145000,RUB
102340,2024-01-22,System Analyst,Junior,Казань,Удалённо,Крупная (1000+),"Confluence, Git, Jira, SQL",35000,45000,RUB
102495,2024-01-22,Product Manager,Senior,Краснодар,Удалённо,Малая (50-250),"Analytics, Git, Jira, SQL",94000,124000,RUB
105426,2024-01-23,Backend Developer,Lead,Санкт-Петербург,Удалённо,Крупная (1000+),"Git, Java, REST API, SQL",200000,252000,RUB
101217,2024-01-23,ML Engineer,Middle,Удалённо (Россия),Удалённо,Стартап (<50),"Docker, Git, Kubernetes, MLflow, Python, TensorFlow",88000,116000,RUB
103115,2024-01-23,Backend Developer,Senior,Екатеринбург,Гибрид,Стартап (<50),"Docker, Git, Kubernetes, SQL",66000,76000,RUB
103244,2024-01-23,Data Analyst,Senior,Казань,Гибрид,Стартап (<50),"Excel, Git, Power BI, Python, SQL, Tableau",71000,89000,RUB
104794,2024-01-23,Full-stack Developer,Senior,Москва,Удалённо,Крупная (1000+),"Git, JavaScript, Node.js, React",172000,229000,RUB
105032,2024-01-23,ML Engineer,Lead,Санкт-Петербург,Офис,Крупная (1000+),"Docker, Git, Kubernetes, PyTorch, Python, TensorFlow",162000,218000,RUB
100705,2024-01-23,Data Scientist,Middle,Екатеринбург,Офис,Малая (50-250),"Docker, Git, Python, SQL, Scikit-learn, Statistics",56000,74000,RUB
104166,2024-01-24,Frontend Developer,Middle,Москва,Офис,Стартап (<50),"CSS, Git, HTML, JavaScript, React",84000,107000,RUB
104097,2024-01-24,Data Scientist,Senior,Москва,Офис,Стартап (<50),"Docker, Git, SQL, Statistics",176000,208000,RUB
100386,2024-01-24,Data Analyst,Senior,Екатеринбург,Удалённо,Стартап (<50),"Excel, Git, Power BI, Python, SQL, Tableau",77000,97000,RUB
101827,2024-01-24,Backend Developer,Middle,Санкт-Петербург,Удалённо,Средняя (250-1000),"Docker, Git, Java, REST API",105000,135000,RUB
101922,2024-01-24,Backend Developer,Senior,Екатеринбург,Гибрид,Крупная (1000+),"Docker, Git, Kubernetes, PostgreSQL, Python, REST API",126000,166000,RUB
104635,2024-01-25,Full-stack Developer,Senior,Санкт-Петербург,Офис,Малая (50-250),"Docker, Git, JavaScript, Node.js, React",128000,156000,RUB
103939,2024-01-25,Frontend Developer,Middle,Новосибирск,Офис,Стартап (<50),"CSS, Git, HTML, JavaScript, React",48000,64000,RUB
105177,2024-01-25,Data Analyst,Junior,Нижний Новгород,Гибрид,Средняя (250-1000),"Excel, Git, Python, SQL",30000,40000,RUB
101907,2024-01-26,Backend Developer,Senior,Екатеринбург,Гибрид,Стартап (<50),"Git, Java, PostgreSQL, Python",83000,96000,RUB
103985,2024-01-26,ML Engineer,Middle,Москва,Удалённо,Средняя (250-1000),"Git, MLflow, PyTorch, Python, TensorFlow",146000,183000,RUB
105133,2024-01-26,Full-stack Developer,Junior,Москва,Офис,Стартап (<50),"Docker, Git, JavaScript, React",44000,53000,RUB
104056,2024-01-26,Frontend Developer,Junior,Санкт-Петербург,Офис,Малая (50-250),"CSS, Git, HTML, JavaScript, TypeScript",38000,49000,RUB
100993,2024-01-26,QA Engineer,Middle,Краснодар,Гибрид,Крупная (1000+),"Git, Manual Testing, SQL, Selenium",42000,50000,RUB
103740,2024-01-26,System Analyst,Middle,Санкт-Петербург,Гибрид,Малая (50-250),"BPMN, Git, Jira, SQL, UML",85000,100000,RUB
103431,2024-01-26,Backend Developer,Middle,Москва,Офис,Стартап (<50),"Docker, Git, Python",72000,88000,RUB
104002,2024-01-27,QA Engineer,Middle,Нижний Новгород,Гибрид,Малая (50-250),"Git, Manual Testing, Postman, Python, Selenium",40000,47000,RUB
101358,2024-01-27,Data Scientist,Senior,Москва,Офис,Стартап (<50),"Python, SQL, Statistics",175000,229000,RUB
102774,2024-01-27,Frontend Developer,Junior,Москва,Гибрид,Малая (50-250),"Git, HTML, JavaScript, React, TypeScript",32000,42000,RUB
101994,2024-01-27,Data Analyst,Senior,Казань,Офис,Малая (50-250),"Git, Python, SQL, Tableau",64000,85000,RUB
104408,2024-01-27,Backend Developer,Junior,Москва,Гибрид,Крупная (1000+),"Docker, Git, Java, Kubernetes, PostgreSQL, SQL",64000,83000,RUB
103975,2024-01-28,System Analyst,Middle,Москва,Удалённо,Малая (50-250),"BPMN, Git, Jira, SQL, UML",95000,114000,RUB
102441,2024-01-28,Product Manager,Middle,Краснодар,Удалённо,Малая (50-250),"Agile, Git, Jira, SQL",61000,74000,RUB
103498,2024-01-28,DevOps Engineer,Middle,Москва,Гибрид,Средняя (250-1000),"AWS, CI/CD, Docker, Git, Kubernetes",81000,99000,RUB
102781,2024-01-28,QA Engineer,Middle,Краснодар,Офис,Малая (50-250),"Git, Manual Testing, Postman, Python, Selenium",38000,45000,RUB
102158,2024-01-28,ML Engineer,Junior,Удалённо (Россия),Офис,Крупная (1000+),"Git, MLflow, Python",56000,67000,RUB
104195,2024-01-28,Mobile Developer,Middle,Казань,Гибрид,Крупная (1000+),"Git, Kotlin, REST API, SQL",46000,60000,RUB
105000,2024-01-28,Backend Developer,Middle,Казань,Гибрид,Стартап (<50),"Docker, Git, Java, Python, REST API, SQL",72000,86000,RUB
105104,2024-01-29,Data Scientist,Junior,Екатеринбург,Офис,Средняя (250-1000),"Git, Pandas, SQL, Scikit-learn, Statistics",41000,53000,RUB
102525,2024-01-29,Data Analyst,Junior,Москва,Офис,Средняя (250-1000),"Excel, Git, Power BI, Python, SQL",51000,65000,RUB
100996,2024-01-29,Data Scientist,Middle,Краснодар,Удалённо,Стартап (<50),"Git, Pandas, PyTorch, Scikit-learn, Statistics",58000,67000,RUB
103822,2024-01-29,Data Scientist,Junior,Москва,Гибрид,Средняя (250-1000),"Git, Python, SQL",56000,65000,RUB
100682,2024-01-29,ML Engineer,Senior,Новосибирск,Гибрид,Средняя (250-1000),"Git, Kubernetes, MLflow, PyTorch, Python, TensorFlow",140000,186000,RUB
104758,2024-01-29,Backend Developer,Lead,Удалённо (Россия),Офис,Малая (50-250),"Docker, Git, Java, REST API",197000,243000,RUB
100060,2024-01-29,QA Engineer,Senior,Нижний Новгород,Офис,Крупная (1000+),"Git, Python, SQL, Selenium",74000,100000,RUB
104045,2024-01-30,Data Analyst,Lead,Казань,Офис,Стартап (<50),"Excel, Git, Power BI, Python, SQL, Tableau",91000,107000,RUB
103281,2024-01-30,Frontend Developer,Middle,Москва,Гибрид,Малая (50-250),"CSS, Git, HTML",90000,110000,RUB
100096,2024-01-30,Data Engineer,Junior,Санкт-Петербург,Офис,Крупная (1000+),"Airflow, Docker, Kafka, SQL, Spark",51000,63000,RUB
104729,2024-01-30,System Analyst,Middle,Удалённо (Россия),Удалённо,Стартап (<50),"BPMN, Git, Jira, SQL, UML",96000,112000,RUB
101441,2024-01-30,DevOps Engineer,Junior,Казань,Офис,Средняя (250-1000),"AWS, CI/CD, Git, Kubernetes, Linux, Terraform",30000,35000,RUB
100170,2024-01-30,QA Engineer,Middle,Удалённо (Россия),Офис,Средняя (250-1000),"Postman, Python, SQL",64000,83000,RUB
104395,2024-01-30,QA Engineer,Junior,Москва,Офис,Малая (50-250),"Git, Manual Testing, Python, Selenium",30000,39000,RUB
105956,2024-01-31,Full-stack Developer,Senior,Москва,Удалённо,Крупная (1000+),"Git, JavaScript, Node.js, React",179000,240000,RUB
100657,2024-01-31,Data Scientist,Middle,Удалённо (Россия),Офис,Малая (50-250),"Docker, Git, Pandas, Python, SQL, Statistics",110000,130000,RUB
105750,2024-01-31,Backend Developer,Middle,Екатеринбург,Гибрид,Средняя (250-1000),"Docker, Git, Java, REST API, SQL",58000,76000,RUB
105012,2024-01-31,Data Engineer,Middle,Нижний Новгород,Офис,Стартап (<50),"ClickHouse, Docker, Kafka, Python, Spark",48000,60000,RUB
101384,2024-01-31,Backend Developer,Senior,Нижний Новгород,Гибрид,Малая (50-250),"Docker, Git, Kubernetes, PostgreSQL, Python, REST API",99000,125000,RUB
103380,2024-01-31,Data Scientist,Senior,Москва,Гибрид,Средняя (250-1000),"Docker, Git, Python, SQL, Scikit-learn",182000,231000,RUB
101931,2024-01-31,Frontend Developer,Lead,Краснодар,Удалённо,Малая (50-250),"CSS, Git, HTML, JavaScript, React, TypeScript",124000,159000,RUB
104335,2024-01-31,Frontend Developer,Junior,Краснодар,Удалённо,Крупная (1000+),"Git, HTML, JavaScript, TypeScript",34000,46000,RUB
101496,2024-02-01,Full-stack Developer,Junior,Санкт-Петербург,Удалённо,Крупная (1000+),"Git, JavaScript, Node.js, React, SQL",43000,56000,RUB
101598,2024-02-01,QA Engineer,Senior,Москва,Офис,Малая (50-250),"Git, Postman, Python, SQL",110000,128000,RUB
100889,2024-02-01,Data Scientist,Middle,Санкт-Петербург,Удалённо,Стартап (<50),"Docker, Git, Pandas, PyTorch, Python, Scikit-learn",94000,121000,RUB
105554,2024-02-01,Frontend Developer,Junior,Краснодар,Удалённо,Средняя (250-1000),"CSS, Git, HTML, React",30000,36000,RUB
104439,2024-02-01,Backend Developer,Middle,Москва,Офис,Малая (50-250),"Docker, Kubernetes, PostgreSQL, SQL",85000,112000,RUB
103968,2024-02-01,System Analyst,Middle,Удалённо (Россия),Гибрид,Средняя (250-1000),"BPMN, Git, SQL, UML",81000,105000,RUB
102927,2024-02-02,System Analyst,Middle,Москва,Гибрид,Крупная (1000+),"BPMN, Confluence, Git, Jira, UML",101000,135000,RUB
102779,2024-02-02,DevOps Engineer,Lead,Москва,Гибрид,Средняя (250-1000),"AWS, Git, Kubernetes",272000,322000,RUB
104324,2024-02-02,QA Engineer,Lead,Санкт-Петербург,Гибрид,Средняя (250-1000),"Git, Postman, SQL, Selenium",131000,168000,RUB
104954,2024-02-02,Full-stack Developer,Middle,Новосибирск,Удалённо,Стартап (<50),"Git, JavaScript, Node.js, SQL",61000,76000,RUB
105144,2024-02-02,Data Analyst,Middle,Казань,Офис,Малая (50-250),"Git, Power BI, Python, SQL, Tableau",48000,61000,RUB
103078,2024-02-02,Data Scientist,Lead,Москва,Удалённо,Средняя (250-1000),"Git, Pandas, PyTorch, Python, Scikit-learn, Statistics",251000,304000,RUB
100750,2024-02-02,QA Engineer,Junior,Новосибирск,Удалённо,Малая (50-250),"Git, Manual Testing, Python, Selenium",30000,39000,RUB
102531,2024-02-02,QA Engineer,Senior,Новосибирск,Гибрид,Малая (50-250),"Git, Manual Testing, Python, Selenium",68000,90000,RUB
103902,2024-02-02,Full-stack Developer,Junior,Москва,Офис,Стартап (<50),"Docker, Git, JavaScript, Node.js, React, SQL",45000,57000,RUB
101111,2024-02-02,QA Engineer,Junior,Екатеринбург,Удалённо,Малая (50-250),"Git, Manual Testing, Postman, Python",30000,39000,RUB
100821,2024-02-02,Frontend Developer,Senior,Москва,Офис,Крупная (1000+),"Git, JavaScript, React, TypeScript",141000,187000,RUB
103218,2024-02-03,Data Analyst,Junior,Санкт-Петербург,Офис,Крупная (1000+),"Excel, Git, Power BI, Python, Tableau",38000,48000,RUB
104792,2024-02-03,Data Engineer,Middle,Санкт-Петербург,Гибрид,Крупная (1000+),"ClickHouse, Docker, Git, Python, Spark",120000,157000,RUB
105546,2024-02-03,Data Analyst,Junior,Москва,Гибрид,Крупная (1000+),"Excel, Git, Power BI, Python, SQL, Tableau",55000,67000,RUB
103026,2024-02-03,Data Engineer,Junior,Санкт-Петербург,Офис,Крупная (1000+),"Airflow, Docker, Git, Spark",56000,74000,RUB
100807,2024-02-03,Mobile Developer,Lead,Новосибирск,Удалённо,Малая (50-250),"Git, Kotlin, SQL",148000,196000,RUB
105447,2024-02-03,Data Analyst,Senior,Москва,Офис,Стартап (<50),"Excel, Git, Power BI, Python, SQL, Tableau",107000,131000,RUB
100220,2024-02-03,Data Analyst,Junior,Казань,Гибрид,Средняя (250-1000),"Excel, Git, Power BI, Python, Tableau",35000,44000,RUB
105065,2024-02-03,Frontend Developer,Junior,Москва,Офис,Стартап (<50),"CSS, Git, HTML, React, TypeScript",43000,53000,RUB
101940,2024-02-04,QA Engineer,Senior,Казань,Офис,Малая (50-250),"Git, Manual Testing, Postman, Python, SQL, Selenium",74000,98000,RUB
102105,2024-02-04,Mobile Developer,Middle,Москва,Офис,Малая (50-250),"Git, Kotlin, REST API, SQL, Swift",85000,105000,RUB
101548,2024-02-04,Full-stack Developer,Middle,Санкт-Петербург,Офис,Стартап (<50),"Docker, Git, JavaScript, SQL",67000,86000,RUB
100714,2024-02-05,System Analyst,Middle,Казань,Офис,Стартап (<50),"Confluence, Git, UML",42000,50000,RUB
103650,2024-02-05,QA Engineer,Lead,Удалённо (Россия),Удалённо,Крупная (1000+),"Git, Manual Testing, Postman, Python, SQL, Selenium",146000,197000,RUB
103688,2024-02-05,Full-stack Developer,Middle,Удалённо (Россия),Удалённо,Стартап (<50),"Docker, Git, JavaScript, Node.js, React, SQL",71000,95000,RUB
101654,2024-02-05,Full-stack Developer,Middle,Санкт-Петербург,Офис,Крупная (1000+),"Docker, Git, JavaScript, Node.js, React, SQL",92000,108000,RUB
104394,2024-02-05,Data Engineer,Lead,Санкт-Петербург,Гибрид,Крупная (1000+),"Airflow, ClickHouse, Docker, Git, Kafka",220000,272000,RUB
103369,2024-02-05,Product Manager,Junior,Москва,Гибрид,Средняя (250-1000),"Agile, Analytics, Confluence, Git, SQL",61000,78000,RUB
100834,2024-02-05,Frontend Developer,Senior,Екатеринбург,Удалённо,Малая (50-250),"CSS, Git, HTML, JavaScript, TypeScript",67000,79000,RUB
103509,2024-02-05,Product Manager,Lead,Казань,Офис,Малая (50-250),"Agile, Git, SQL",132000,165000,RUB
100437,2024-02-06,Product Manager,Middle,Удалённо (Россия),Удалённо,Стартап (<50),"Agile, Git, SQL",75000,98000,RUB
102095,2024-02-06,Data Analyst,Junior,Краснодар,Гибрид,Малая (50-250),"Excel, Git, Power BI, Python, SQL",30000,38000,RUB
103931,2024-02-06,Mobile Developer,Junior,Удалённо (Россия),Офис,Стартап (<50),"Git, Kotlin, SQL",44000,53000,RUB
104452,2024-02-06,Backend Developer,Middle,Екатеринбург,Гибрид,Крупная (1000+),"Docker, Git, Java, Kubernetes, Python, REST API, SQL",70000,94000,RUB
103554,2024-02-07,QA Engineer,Middle,Удалённо (Россия),Удалённо,Стартап (<50),"Git, Manual Testing, Postman, SQL, Selenium",64000,84000,RUB
101819,2024-02-07,Data Analyst,Junior,Москва,Удалённо,Крупная (1000+),"Excel, Git, SQL, Tableau",49000,66000,RUB
100278,2024-02-07,System Analyst,Middle,Санкт-Петербург,Офис,Стартап (<50),"BPMN, Confluence, Git",74000,86000,RUB
102115,2024-02-07,Data Scientist,Senior,Москва,Удалённо,Стартап (<50),"Docker, Git, PyTorch, SQL",198000,230000,RUB
105199,2024-02-07,Data Analyst,Senior,Екатеринбург,Гибрид,Крупная (1000+),"Git, Python, SQL, Tableau",112000,135000,RUB
104711,2024-02-07,Data Engineer,Middle,Москва,Удалённо,Малая (50-250),"Airflow, Docker, Git, Kafka, Python, SQL",81000,104000,RUB
102390,2024-02-07,Product Manager,Junior,Москва,Офис,Малая (50-250),"Git, Jira, SQL",63000,76000,RUB
104816,2024-02-07,QA Engineer,Middle,Москва,Офис,Стартап (<50),"Git, Manual Testing, Postman, Python, Selenium",61000,72000,RUB
105452,2024-02-07,Data Scientist,Junior,Удалённо (Россия),Удалённо,Малая (50-250),"Git, Pandas, PyTorch, SQL, Statistics",42000,50000,RUB
101984,2024-02-08,Full-stack Developer,Middle,Нижний Новгород,Удалённо,Малая (50-250),"Docker, Git, JavaScript, Node.js, React",60000,71000,RUB
105555,2024-02-08,Data Engineer,Middle,Удалённо (Россия),Гибрид,Средняя (250-1000),"ClickHouse, Git, Kafka, Python, SQL",104000,134000,RUB
103589,2024-02-08,Frontend Developer,Middle,Санкт-Петербург,Офис,Малая (50-250),"CSS, Git, HTML, JavaScript",68000,82000,RUB
104231,2024-02-09,Frontend Developer,Middle,Удалённо (Россия),Гибрид,Стартап (<50),"CSS, Git, HTML, JavaScript, React, TypeScript",66000,79000,RUB
101863,2024-02-09,Data Engineer,Lead,Удалённо (Россия),Гибрид,Крупная (1000+),"Docker, Git, Kafka, SQL, Spark",215000,254000,RUB
104080,2024-02-09,QA Engineer,Middle,Удалённо (Россия),Гибрид,Средняя (250-1000),"Git, Manual Testing, Postman, Python, SQL, Selenium",53000,62000,RUB
103647,2024-02-09,Frontend Developer,Junior,Казань,Удалённо,Малая (50-250),"Git, HTML, JavaScript, React, TypeScript",32000,43000,RUB
104280,2024-02-10,DevOps Engineer,Junior,Санкт-Петербург,Офис,Стартап (<50),"CI/CD, Docker, Git, Kubernetes, Linux",41000,55000,RUB
104034,2024-02-10,System Analyst,Senior,Москва,Офис,Малая (50-250),"BPMN, Confluence, Git, Jira, SQL",155000,196000,RUB
104911,2024-02-10,Mobile Developer,Lead,Удалённо (Россия),Офис,Стартап (<50),"Git, REST API, Swift",165000,216000,RUB
100289,2024-02-10,Backend Developer,Middle,Нижний Новгород,Гибрид,Средняя (250-1000),"Docker, Git, Java, Kubernetes, REST API, SQL",60000,74000,RUB
104218,2024-02-10,Data Engineer,Junior,Санкт-Петербург,Удалённо,Средняя (250-1000),"Airflow, Git, Kafka",59000,69000,RUB
100461,2024-02-11,Mobile Developer,Lead,Санкт-Петербург,Удалённо,Стартап (<50),"Git, Kotlin, REST API, Swift",197000,256000,RUB
104370,2024-02-11,ML Engineer,Junior,Удалённо (Россия),Офис,Средняя (250-1000),"Git, Kubernetes, PyTorch",52000,59000,RUB
101877,2024-02-11,Backend Developer,Junior,Казань,Удалённо,Средняя (250-1000),"Docker, Git, Kubernetes, SQL",32000,42000,RUB
103791,2024-02-11,ML Engineer,Junior,Москва,Офис,Стартап (<50),"Docker, Git, Kubernetes, MLflow, Python, TensorFlow",66000,81000,RUB
104115,2024-02-11,Data Analyst,Senior,Удалённо (Россия),Офис,Крупная (1000+),"Git, SQL, Tableau",125000,168000,RUB
105834,2024-02-11,ML Engineer,Middle,Удалённо (Россия),Гибрид,Малая (50-250),"Docker, Git, Kubernetes, Python, TensorFlow",96000,125000,RUB
105343,2024-02-11,Backend Developer,Middle,Краснодар,Офис,Малая (50-250),"Git, Kubernetes, PostgreSQL, SQL",58000,69000,RUB
102478,2024-02-12,Data Engineer,Middle,Новосибирск,Гибрид,Средняя (250-1000),"Airflow, Python, SQL",72000,95000,RUB
100089,2024-02-12,System Analyst,Junior,Москва,Офис,Стартап (<50),"BPMN, Confluence, Git, Jira, SQL, UML",45000,60000,RUB
103142,2024-02-12,Data Scientist,Junior,Новосибирск,Гибрид,Стартап (<50),"Docker, Git, PyTorch, Scikit-learn, Statistics",47000,58000,RUB
103715,2024-02-12,Full-stack Developer,Senior,Удалённо (Россия),Офис,Крупная (1000+),"Docker, Git, Node.js, React, SQL",120000,149000,RUB
105496,2024-02-12,Data Scientist,Senior,Удалённо (Россия),Удалённо,Малая (50-250),"Docker, Git, Python, Scikit-learn, Statistics",171000,221000,RUB
100468,2024-02-12,Frontend Developer,Middle,Удалённо (Россия),Гибрид,Средняя (250-1000),"Git, HTML, JavaScript, React",86000,114000,RUB
104065,2024-02-12,Frontend Developer,Senior,Краснодар,Удалённо,Крупная (1000+),"CSS, Git, HTML, JavaScript, React, TypeScript",84000,102000,RUB
103149,2024-02-12,Data Analyst,Middle,Удалённо (Россия),Офис,Стартап (<50),"Excel, Git, Python",72000,87000,RUB
104607,2024-02-13,Full-stack Developer,Senior,Удалённо (Россия),Гибрид,Малая (50-250),"Docker, Git, Node.js, React, SQL",141000,175000,RUB
105357,2024-02-13,Backend Developer,Junior,Казань,Офис,Стартап (<50),"Git, Java, Kubernetes, PostgreSQL, Python, SQL",33000,43000,RUB
100569,2024-02-13,Data Engineer,Lead,Москва,Гибрид,Средняя (250-1000),"Airflow, Git, Kafka, Spark",212000,244000,RUB
101377,2024-02-13,System Analyst,Middle,Нижний Новгород,Удалённо,Малая (50-250),"Confluence, Git, Jira, SQL, UML",47000,59000,RUB
105515,2024-02-13,Frontend Developer,Senior,Москва,Удалённо,Стартап (<50),"CSS, Git, HTML, React, TypeScript",144000,180000,RUB
101796,2024-02-13,Backend Developer,Junior,Москва,Гибрид,Стартап (<50),"Docker, Git, Kubernetes, PostgreSQL, Python",43000,56000,RUB
101646,2024-02-14,Full-stack Developer,Senior,Екатеринбург,Гибрид,Крупная (1000+),"Docker, Git, JavaScript, Node.js, React, SQL",108000,129000,RUB
104914,2024-02-14,Frontend Developer,Lead,Казань,Офис,Стартап (<50),"Git, HTML, JavaScript",98000,122000,RUB
100145,2024-02-14,DevOps Engineer,Senior,Екатеринбург,Удалённо,Средняя (250-1000),"Docker, Git, Terraform",83000,100000,RUB
102519,2024-02-14,DevOps Engineer,Middle,Екатеринбург,Удалённо,Средняя (250-1000),"AWS, Docker, Git, Kubernetes, Terraform",78000,103000,RUB
104776,2024-02-15,Frontend Developer,Middle,Москва,Удалённо,Стартап (<50),"Git, HTML, JavaScript, React, TypeScript",78000,103000,RUB
104646,2024-02-15,Mobile Developer,Senior,Санкт-Петербург,Офис,Стартап (<50),"Git, REST API, SQL",136000,178000,RUB
103805,2024-02-15,DevOps Engineer,Middle,Екатеринбург,Гибрид,Малая (50-250),"Docker, Git, Kubernetes, Linux",68000,85000,RUB
101845,2024-02-15,Data Engineer,Middle,Удалённо (Россия),Гибрид,Средняя (250-1000),"Airflow, Docker, Git, Spark",112000,137000,RUB
102707,2024-02-15,ML Engineer,Middle,Москва,Гибрид,Крупная (1000+),"Docker, Git, MLflow, PyTorch, Python, TensorFlow",135000,155000,RUB
105630,2024-02-16,Mobile Developer,Middle,Москва,Гибрид,Средняя (250-1000),"Kotlin, REST API, SQL",95000,124000,RUB
101624,2024-02-16,Full-stack Developer,Senior,Москва,Удалённо,Стартап (<50),"Docker, Git, JavaScript, Node.js, React, SQL",179000,210000,RUB
104247,2024-02-16,Full-stack Developer,Junior,Санкт-Петербург,Гибрид,Крупная (1000+),"Docker, Git, JavaScript, React, SQL",58000,73000,RUB
102921,2024-02-16,Data Engineer,Middle,Москва,Гибрид,Средняя (250-1000),"ClickHouse, Docker, Git, Kafka, Spark",109000,133000,RUB
105914,2024-02-17,Full-stack Developer,Junior,Екатеринбург,Офис,Средняя (250-1000),"Docker, Git, Node.js, React, SQL",35000,44000,RUB
104865,2024-02-17,QA Engineer,Junior,Москва,Офис,Стартап (<50),"Git, Manual Testing, Postman, Python, SQL, Selenium",37000,49000,RUB
100022,2024-02-17,ML Engineer,Senior,Москва,Удалённо,Крупная (1000+),"Docker, Git, Kubernetes, MLflow, TensorFlow",219000,290000,RUB
101232,2024-02-17,System Analyst,Junior,Казань,Гибрид,Стартап (<50),"Confluence, Git, Jira, SQL, UML",34000,44000,RUB
101073,2024-02-17,Data Engineer,Middle,Москва,Офис,Крупная (1000+),"ClickHouse, Docker, Git, Spark",140000,187000,RUB
105513,2024-02-18,Mobile Developer,Junior,Екатеринбург,Удалённо,Средняя (250-1000),"Git, Kotlin, REST API, SQL, Swift",31000,37000,RUB
104375,2024-02-18,ML Engineer,Senior,Екатеринбург,Гибрид,Крупная (1000+),"MLflow, PyTorch, TensorFlow",133000,159000,RUB
105650,2024-02-18,Product Manager,Middle,Казань,Офис,Крупная (1000+),"Agile, Analytics, Confluence, Git, Jira, SQL",79000,105000,RUB
102510,2024-02-18,Data Analyst,Middle,Удалённо (Россия),Удалённо,Средняя (250-1000),"Excel, Git, SQL, Tableau",107000,140000,RUB
102506,2024-02-18,Frontend Developer,Junior,Нижний Новгород,Гибрид,Средняя (250-1000),"CSS, Git, HTML, React, TypeScript",30000,40000,RUB
105387,2024-02-18,Data Analyst,Middle,Екатеринбург,Гибрид,Средняя (250-1000),"Excel, Git, Power BI, Python, SQL, Tableau",52000,62000,RUB
101391,2024-02-18,DevOps Engineer,Senior,Москва,Офис,Стартап (<50),"AWS, CI/CD, Docker, Git, Linux, Terraform",177000,216000,RUB
102788,2024-02-18,Data Analyst,Middle,Москва,Гибрид,Малая (50-250),"Git, Python, SQL",81000,99000,RUB
105551,2024-02-18,Data Analyst,Middle,Москва,Удалённо,Стартап (<50),"Git, Python, Tableau",61000,72000,RUB
101430,2024-02-18,Frontend Developer,Senior,Москва,Офис,Стартап (<50),"CSS, HTML, JavaScript",126000,159000,RUB
100225,2024-02-18,System Analyst,Middle,Удалённо (Россия),Гибрид,Средняя (250-1000),"BPMN, Confluence, Git, SQL, UML",70000,91000,RUB
103178,2024-02-18,Frontend Developer,Senior,Москва,Удалённо,Средняя (250-1000),"Git, HTML, JavaScript, TypeScript",161000,198000,RUB
105668,2024-02-19,Full-stack Developer,Middle,Краснодар,Гибрид,Малая (50-250),"Docker, Git, JavaScript, Node.js, React, SQL",45000,58000,RUB
103726,2024-02-19,Frontend Developer,Middle,Москва,Офис,Стартап (<50),"Git, HTML, JavaScript, React",78000,95000,RUB
105094,2024-02-19,Data Engineer,Senior,Москва,Удалённо,Крупная (1000+),"ClickHouse, Docker, Git, Kafka, Python, SQL",172000,208000,RUB
105818,2024-02-19,Backend Developer,Junior,Санкт-Петербург,Офис,Стартап (<50),"Git, Java, Python, REST API, SQL",43000,50000,RUB
101346,2024-02-19,Data Scientist,Middle,Санкт-Петербург,Удалённо,Стартап (<50),"Docker, Pandas, PyTorch, Scikit-learn",99000,124000,RUB
105402,2024-02-19,Data Engineer,Senior,Москва,Офис,Малая (50-250),"ClickHouse, Docker, Git, Python",185000,242000,RUB
105523,2024-02-19,Data Scientist,Middle,Казань,Офис,Средняя (250-1000),"Git, Pandas, PyTorch, Python, SQL",72000,91000,RUB
105711,2024-02-20,Data Analyst,Senior,Москва,Гибрид,Крупная (1000+),"Excel, Git, Power BI, Python",171000,216000,RUB
102439,2024-02-20,Full-stack Developer,Middle,Нижний Новгород,Удалённо,Крупная (1000+),"Git, JavaScript, Node.js, React, SQL",49000,56000,RUB
100417,2024-02-20,Full-stack Developer,Junior,Санкт-Петербург,Гибрид,Средняя (250-1000),"Git, Node.js, React, SQL",51000,68000,RUB
102634,2024-02-20,Full-stack Developer,Middle,Санкт-Петербург,Гибрид,Малая (50-250),"Docker, Git, JavaScript, Node.js",78000,97000,RUB
101890,2024-02-20,Data Analyst,Junior,Удалённо (Россия),Офис,Малая (50-250),"Git, Power BI, Python, SQL, Tableau",30000,38000,RUB
104297,2024-02-20,DevOps Engineer,Junior,Санкт-Петербург,Удалённо,Стартап (<50),"Docker, Git, Linux, Terraform",52000,65000,RUB
105907,2024-02-20,System Analyst,Senior,Удалённо (Россия),Офис,Крупная (1000+),"BPMN, Confluence, Git, Jira, SQL, UML",129000,164000,RUB
105141,2024-02-20,Backend Developer,Senior,Удалённо (Россия),Офис,Малая (50-250),"Docker, Git, Java",125000,165000,RUB
104657,2024-02-20,Data Analyst,Middle,Москва,Офис,Малая (50-250),"Excel, Git, Power BI, Python, SQL, Tableau",74000,98000,RUB
102448,2024-02-21,QA Engineer,Middle,Москва,Удалённо,Малая (50-250),"Git, Manual Testing, Postman, Python, Selenium",65000,80000,RUB
100313,2024-02-21,Data Analyst,Middle,Новосибирск,Гибрид,Средняя (250-1000),"Excel, Git, SQL, Tableau",55000,72000,RUB
103558,2024-02-21,QA Engineer,Senior,Санкт-Петербург,Офис,Средняя (250-1000),"Git, Manual Testing, Postman, Python",97000,116000,RUB
104258,2024-02-21,Data Analyst,Middle,Москва,Гибрид,Малая (50-250),"Excel, Git, SQL, Tableau",75000,99000,RUB
103531,2024-02-22,Data Engineer,Middle,Москва,Удалённо,Крупная (1000+),"ClickHouse, Docker, Git, Kafka, Python, SQL",114000,139000,RUB
105692,2024-02-22,Full-stack Developer,Lead,Москва,Офис,Малая (50-250),"Git, Node.js, React, SQL",187000,236000,RUB
100300,2024-02-22,Data Engineer,Middle,Санкт-Петербург,Офис,Малая (50-250),"Python, SQL, Spark",111000,137000,RUB
102454,2024-02-23,Data Analyst,Senior,Москва,Удалённо,Средняя (250-1000),"Excel, Git, Power BI, Python, Tableau",151000,198000,RUB
103646,2024-02-23,QA Engineer,Middle,Казань,Гибрид,Средняя (250-1000),"Git, Manual Testing, Postman, Python, SQL, Selenium",38000,48000,RUB
103597,2024-02-23,Data Analyst,Junior,Казань,Удалённо,Крупная (1000+),"Excel, Git, SQL",36000,44000,RUB
100788,2024-02-23,Product Manager,Senior,Москва,Удалённо,Малая (50-250),"Analytics, Confluence, Git, Jira",173000,201000,RUB
100741,2024-02-24,Backend Developer,Junior,Казань,Удалённо,Стартап (<50),"Git, PostgreSQL, Python",32000,43000,RUB
103765,2024-02-24,DevOps Engineer,Middle,Екатеринбург,Гибрид,Средняя (250-1000),"AWS, CI/CD, Linux",63000,82000,RUB
102147,2024-02-24,Product Manager,Middle,Москва,Гибрид,Крупная (1000+),"Analytics, Confluence, Git, Jira",126000,152000,RUB
103296,2024-02-24,Frontend Developer,Lead,Новосибирск,Офис,Стартап (<50),"CSS, Git, HTML, JavaScript, React, TypeScript",110000,138000,RUB
102905,2024-02-24,Mobile Developer,Junior,Екатеринбург,Гибрид,Малая (50-250),"Git, Kotlin, REST API, SQL, Swift",30000,35000,RUB
104424,2024-02-24,Mobile Developer,Middle,Новосибирск,Офис,Средняя (250-1000),"Git, Kotlin, REST API, SQL, Swift",44000,53000,RUB
102029,2024-02-24,ML Engineer,Middle,Удалённо (Россия),Удалённо,Крупная (1000+),"Docker, Git, MLflow, PyTorch",136000,183000,RUB
101083,2024-02-24,Backend Developer,Junior,Санкт-Петербург,Удалённо,Крупная (1000+),"Docker, Git, Kubernetes, PostgreSQL, Python, REST API",53000,62000,RUB
102007,2024-02-25,Frontend Developer,Middle,Москва,Удалённо,Средняя (250-1000),"CSS, Git, HTML, React, TypeScript",69000,83000,RUB
100565,2024-02-25,Full-stack Developer,Middle,Удалённо (Россия),Удалённо,Малая (50-250),"Docker, Git, JavaScript, Node.js, React, SQL",82000,106000,RUB
101195,2024-02-25,Frontend Developer,Senior,Удалённо (Россия),Офис,Средняя (250-1000),"CSS, Git, HTML, TypeScript",131000,176000,RUB
101826,2024-02-25,Data Scientist,Senior,Нижний Новгород,Удалённо,Средняя (250-1000),"Git, Pandas, PyTorch, Python, SQL",125000,160000,RUB
105455,2024-02-26,Backend Developer,Middle,Москва,Гибрид,Малая (50-250),"Docker, Git, Kubernetes, PostgreSQL, Python, SQL",121000,157000,RUB
104440,2024-02-26,System Analyst,Junior,Москва,Гибрид,Малая (50-250),"Git, Jira, SQL, UML",38000,45000,RUB
105561,2024-02-26,Backend Developer,Junior,Краснодар,Удалённо,Малая (50-250),"Docker, Git, Java, PostgreSQL, SQL",33000,39000,RUB
102384,2024-02-26,Data Scientist,Middle,Москва,Гибрид,Средняя (250-1000),"Git, Pandas, PyTorch, Python",91000,115000,RUB
100957,2024-02-26,Backend Developer,Junior,Удалённо (Россия),Гибрид,Малая (50-250),"Git, PostgreSQL, Python, SQL",35000,41000,RUB
105709,2024-02-26,Full-stack Developer,Middle,Москва,Удалённо,Крупная (1000+),"Docker, Git, JavaScript",110000,144000,RUB
105135,2024-02-26,Full-stack Developer,Lead,Нижний Новгород,Удалённо,Стартап (<50),"Docker, Git, JavaScript, SQL",134000,175000,RUB
103003,2024-02-26,Data Engineer,Middle,Удалённо (Россия),Офис,Малая (50-250),"Airflow, ClickHouse, Docker, Git, Python, SQL",90000,118000,RUB
100737,2024-02-26,Mobile Developer,Senior,Москва,Офис,Малая (50-250),"Git, Kotlin, REST API, SQL, Swift",170000,221000,RUB
103999,2024-02-26,Frontend Developer,Lead,Москва,Удалённо,Крупная (1000+),"CSS, Git, HTML, JavaScript, React, TypeScript",214000,288000,RUB
101772,2024-02-27,QA Engineer,Middle,Санкт-Петербург,Офис,Малая (50-250),"Git, Manual Testing, Postman, Python, Selenium",64000,82000,RUB
105669,2024-02-27,Frontend Developer,Middle,Санкт-Петербург,Офис,Крупная (1000+),"CSS, Git, HTML, JavaScript, React, TypeScript",88000,106000,RUB
103455,2024-02-27,Data Analyst,Middle,Удалённо (Россия),Гибрид,Средняя (250-1000),"Excel, Git, Power BI, Python, SQL, Tableau",75000,87000,RUB
103734,2024-02-27,Backend Developer,Junior,Екатеринбург,Офис,Стартап (<50),"Git, Java, PostgreSQL, REST API",30000,35000,RUB
105862,2024-02-27,Mobile Developer,Junior,Нижний Новгород,Гибрид,Средняя (250-1000),"Git, Kotlin, REST API, SQL, Swift",34000,45000,RUB
101477,2024-02-27,Backend Developer,Middle,Москва,Офис,Стартап (<50),"Docker, Git, Kubernetes, Python, REST API, SQL",98000,122000,RUB
105920,2024-02-27,Frontend Developer,Middle,Новосибирск,Гибрид,Крупная (1000+),"CSS, Git, React, TypeScript",65000,84000,RUB
105245,2024-02-27,Mobile Developer,Lead,Санкт-Петербург,Удалённо,Средняя (250-1000),"Git, Kotlin, REST API, SQL",226000,302000,RUB
105114,2024-02-27,QA Engineer,Middle,Удалённо (Россия),Офис,Малая (50-250),"Git, Manual Testing, Postman, Python, SQL, Selenium",45000,60000,RUB
103094,2024-02-28,Frontend Developer,Senior,Казань,Гибрид,Средняя (250-1000),"CSS, Git, HTML, JavaScript, React",71000,94000,RUB
105221,2024-02-28,ML Engineer,Junior,Казань,Офис,Малая (50-250),"Git, Kubernetes, MLflow, PyTorch, Python, TensorFlow",38000,45000,RUB
102747,2024-02-28,Full-stack Developer,Junior,Новосибирск,Удалённо,Стартап (<50),"Docker, Git, JavaScript, Node.js, React, SQL",32000,42000,RUB
100985,2024-02-29,System Analyst,Middle,Казань,Удалённо,Стартап (<50),"BPMN, Git, Jira",46000,53000,RUB
103345,2024-02-29,Data Engineer,Junior,Нижний Новгород,Офис,Средняя (250-1000),"Airflow, ClickHouse, Git, Kafka, SQL",38000,51000,RUB
102846,2024-02-29,Mobile Developer,Junior,Удалённо (Россия),Офис,Средняя (250-1000),"Git, Kotlin, REST API, SQL, Swift",42000,55000,RUB
102560,2024-02-29,Data Analyst,Middle,Новосибирск,Гибрид,Стартап (<50),"Excel, Git, Python, SQL, Tableau",45000,56000,RUB
103274,2024-02-29,Data Analyst,Lead,Москва,Удалённо,Средняя (250-1000),"Excel, Git, Power BI, SQL",199000,267000,RUB
102194,2024-02-29,Mobile Developer,Senior,Москва,Гибрид,Стартап (<50),"Git, Kotlin, REST API, SQL, Swift",159000,188000,RUB
100534,2024-02-29,Frontend Developer,Senior,Нижний Новгород,Офис,Малая (50-250),"CSS, JavaScript, React, TypeScript",96000,126000,RUB
105851,2024-02-29,Data Engineer,Junior,Нижний Новгород,Гибрид,Стартап (<50),"Kafka, SQL, Spark",30000,39000,RUB
105540,2024-02-29,Data Engineer,Middle,Санкт-Петербург,Удалённо,Крупная (1000+),"Airflow, Git, Kafka, SQL",110000,147000,RUB
101286,2024-03-01,Full-stack Developer,Middle,Новосибирск,Удалённо,Крупная (1000+),"Git, JavaScript, Node.js",64000,74000,RUB
101184,2024-03-01,System Analyst,Senior,Москва,Удалённо,Средняя (250-1000),"BPMN, Git, SQL, UML",170000,205000,RUB
105977,2024-03-02,Backend Developer,Senior,Санкт-Петербург,Гибрид,Малая (50-250),"Docker, Git, Kubernetes, Python",133000,172000,RUB
103257,2024-03-02,Frontend Developer,Junior,Краснодар,Удалённо,Крупная (1000+),"CSS, JavaScript, TypeScript",30000,39000,RUB
103671,2024-03-02,System Analyst,Middle,Санкт-Петербург,Гибрид,Крупная (1000+),"BPMN, Git, Jira, SQL",70000,82000,RUB
102270,2024-03-02,Data Scientist,Middle,Москва,Офис,Малая (50-250),"Docker, Git, Python, SQL, Scikit-learn",94000,110000,RUB
105909,2024-03-02,ML Engineer,Senior,Новосибирск,Гибрид,Средняя (250-1000),"Docker, Git, MLflow, PyTorch, Python",97000,119000,RUB
105431,2024-03-02,ML Engineer,Junior,Москва,Офис,Крупная (1000+),"Docker, Git, Kubernetes, PyTorch, Python",66000,80000,RUB
104219,2024-03-02,ML Engineer,Middle,Удалённо (Россия),Гибрид,Крупная (1000+),"Docker, Git, MLflow, PyTorch, Python",100000,126000,RUB
104884,2024-03-03,Backend Developer,Senior,Екатеринбург,Удалённо,Средняя (250-1000),"Git, Java, Kubernetes, PostgreSQL, SQL",100000,120000,RUB
104142,2024-03-03,Product Manager,Senior,Удалённо (Россия),Гибрид,Малая (50-250),"Agile, Analytics, Confluence, Git, Jira, SQL",154000,189000,RUB
105362,2024-03-03,DevOps Engineer,Middle,Новосибирск,Офис,Стартап (<50),"AWS, CI/CD, Docker, Git, Linux, Terraform",64000,80000,RUB
103428,2024-03-03,Data Analyst,Lead,Екатеринбург,Офис,Малая (50-250),"Git, Power BI, Python, Tableau",84000,106000,RUB
104397,2024-03-03,Mobile Developer,Junior,Москва,Офис,Стартап (<50),"Git, SQL, Swift",44000,51000,RUB
100625,2024-03-03,Frontend Developer,Lead,Краснодар,Офис,Малая (50-250),"CSS, HTML, JavaScript, React, TypeScript",108000,140000,RUB
101568,2024-03-03,Data Analyst,Middle,Удалённо (Россия),Удалённо,Стартап (<50),"Excel, Git, Power BI, Python, SQL, Tableau",66000,88000,RUB
101301,2024-03-04,Full-stack Developer,Senior,Москва,Гибрид,Малая (50-250),"Docker, Git, JavaScript, React",171000,199000,RUB
103692,2024-03-04,Data Engineer,Junior,Удалённо (Россия),Удалённо,Стартап (<50),"Airflow, ClickHouse, Git, Kafka, Python, Spark",50000,60000,RUB
105501,2024-03-04,Mobile Developer,Middle,Удалённо (Россия),Офис,Малая (50-250),"Git, Kotlin, REST API, SQL, Swift",82000,102000,RUB
105983,2024-03-04,Data Analyst,Middle,Москва,Офис,Средняя (250-1000),"Excel, Git, Power BI, Python, SQL, Tableau",84000,106000,RUB
100824,2024-03-04,QA Engineer,Middle,Екатеринбург,Гибрид,Крупная (1000+),"Git, Postman, SQL",42000,52000,RUB
100238,2024-03-05,Data Engineer,Middle,Нижний Новгород,Гибрид,Стартап (<50),"Docker, Git, Python, Spark",76000,97000,RUB
102818,2024-03-05,Frontend Developer,Lead,Екатеринбург,Удалённо,Малая (50-250),"CSS, Git, HTML, TypeScript",126000,167000,RUB
101585,2024-03-05,DevOps Engineer,Junior,Краснодар,Гибрид,Малая (50-250),"AWS, CI/CD, Git, Kubernetes, Linux, Terraform",32000,38000,RUB
105003,2024-03-05,Mobile Developer,Middle,Санкт-Петербург,Офис,Стартап (<50),"Git, Kotlin, REST API, Swift",82000,96000,RUB
104691,2024-03-05,Backend Developer,Middle,Санкт-Петербург,Гибрид,Малая (50-250),"Docker, Git, Java, Kubernetes, PostgreSQL, SQL",63000,85000,RUB
104777,2024-03-05,Product Manager,Middle,Москва,Удалённо,Стартап (<50),"Analytics, Git, Jira, SQL",82000,107000,RUB
104904,2024-03-06,ML Engineer,Lead,Санкт-Петербург,Гибрид,Средняя (250-1000),"Docker, Git, Kubernetes, PyTorch, TensorFlow",274000,366000,RUB
101314,2024-03-06,Data Analyst,Lead,Санкт-Петербург,Удалённо,Средняя (250-1000),"Excel, Git, Power BI, Python, SQL, Tableau",149000,188000,RUB
105348,2024-03-07,DevOps Engineer,Middle,Нижний Новгород,Гибрид,Крупная (1000+),"AWS, CI/CD, Docker, Kubernetes, Terraform",67000,84000,RUB
100814,2024-03-07,Data Analyst,Lead,Москва,Удалённо,Средняя (250-1000),"Git, SQL, Tableau",159000,214000,RUB
104917,2024-03-07,Data Analyst,Middle,Москва,Офис,Крупная (1000+),"Excel, Git, Python, SQL",77000,91000,RUB
103254,2024-03-07,Product Manager,Senior,Москва,Удалённо,Малая (50-250),"Agile, Confluence, Git, Jira",187000,232000,RUB
103383,2024-03-07,Backend Developer,Middle,Москва,Удалённо,Малая (50-250),"Docker, Git, Java, Python, REST API, SQL",93000,120000,RUB
101660,2024-03-07,Data Scientist,Lead,Удалённо (Россия),Гибрид,Стартап (<50),"Docker, Git, Pandas, Statistics",199000,264000,RUB
105845,2024-03-07,Backend Developer,Middle,Москва,Офис,Малая (50-250),"Git, Kubernetes, PostgreSQL, REST API, SQL",94000,118000,RUB
105859,2024-03-08,Mobile Developer,Middle,Москва,Удалённо,Средняя (250-1000),"Git, REST API, SQL, Swift",87000,108000,RUB
100357,2024-03-08,Frontend Developer,Senior,Москва,Офис,Стартап (<50),"CSS, Git, HTML, JavaScript, React, TypeScript",137000,179000,RUB
102892,2024-03-08,DevOps Engineer,Middle,Москва,Гибрид,Малая (50-250),"CI/CD, Docker, Git, Linux",108000,141000,RUB
102246,2024-03-08,DevOps Engineer,Middle,Нижний Новгород,Удалённо,Стартап (<50),"AWS, Git, Kubernetes",67000,81000,RUB
100430,2024-03-08,Data Engineer,Senior,Новосибирск,Удалённо,Малая (50-250),"Git, Kafka, Python",109000,127000,RUB
102542,2024-03-08,System Analyst,Senior,Краснодар,Удалённо,Малая (50-250),"BPMN, Confluence, Git, Jira",95000,114000,RUB
100651,2024-03-08,QA Engineer,Senior,Москва,Удалённо,Средняя (250-1000),"Git, Postman, Python",129000,171000,RUB
102817,2024-03-09,Data Analyst,Middle,Москва,Гибрид,Малая (50-250),"Excel, Git, Power BI, Python, SQL, Tableau",81000,102000,RUB
102950,2024-03-09,QA Engineer,Senior,Санкт-Петербург,Гибрид,Средняя (250-1000),"Git, Postman, Python",97000,131000,RUB
104482,2024-03-09,QA Engineer,Middle,Екатеринбург,Гибрид,Малая (50-250),"Git, Manual Testing, Python, Selenium",37000,47000,RUB
104455,2024-03-09,Full-stack Developer,Middle,Удалённо (Россия),Офис,Малая (50-250),"Docker, Git, JavaScript, Node.js, React, SQL",97000,130000,RUB
104834,2024-03-09,Frontend Developer,Senior,Санкт-Петербург,Удалённо,Малая (50-250),"CSS, Git, React, TypeScript",115000,134000,RUB
100236,2024-03-09,System Analyst,Middle,Санкт-Петербург,Офис,Крупная (1000+),"BPMN, Git, Jira, UML",88000,101000,RUB
104879,2024-03-09,System Analyst,Junior,Москва,Удалённо,Крупная (1000+),"Confluence, Git, SQL",50000,60000,RUB
105576,2024-03-09,System Analyst,Senior,Новосибирск,Гибрид,Стартап (<50),"BPMN, Git, Jira, SQL, UML",89000,111000,RUB
100133,2024-03-09,Mobile Developer,Senior,Екатеринбург,Гибрид,Крупная (1000+),"Git, REST API, SQL, Swift",119000,140000,RUB
101186,2024-03-10,Backend Developer,Middle,Удалённо (Россия),Офис,Средняя (250-1000),"Docker, Git, Java, Kubernetes, PostgreSQL, Python, REST API",76000,100000,RUB
105990,2024-03-10,Data Scientist,Junior,Екатеринбург,Удалённо,Стартап (<50),"Docker, Git, Pandas, PyTorch, Python, SQL, Scikit-learn",33000,44000,RUB
100069,2024-03-10,Data Engineer,Middle,Удалённо (Россия),Гибрид,Стартап (<50),"Git, SQL, Spark",83000,100000,RUB
100528,2024-03-10,DevOps Engineer,Junior,Москва,Офис,Стартап (<50),"AWS, CI/CD, Git, Kubernetes, Terraform",59000,76000,RUB
104715,2024-03-10,Full-stack Developer,Junior,Москва,Удалённо,Средняя (250-1000),"Git, Node.js, React, SQL",60000,78000,RUB
104888,2024-03-10,QA Engineer,Middle,Казань,Офис,Средняя (250-1000),"Git, Manual Testing, SQL, Selenium",39000,48000,RUB
101914,2024-03-11,DevOps Engineer,Senior,Удалённо (Россия),Удалённо,Средняя (250-1000),"AWS, Docker, Git, Linux, Terraform",175000,215000,RUB
104058,2024-03-11,Frontend Developer,Junior,Удалённо (Россия),Офис,Стартап (<50),"CSS, Git, HTML, JavaScript, React, TypeScript",43000,52000,RUB
103614,2024-03-11,Mobile Developer,Junior,Новосибирск,Офис,Средняя (250-1000),"Git, REST API, Swift",35000,44000,RUB
100913,2024-03-11,Backend Developer,Middle,Санкт-Петербург,Гибрид,Малая (50-250),"Docker, Git, Kubernetes, PostgreSQL, Python",80000,102000,RUB
100346,2024-03-11,Product Manager,Senior,Казань,Гибрид,Крупная (1000+),"Analytics, Confluence, Git, Jira, SQL",118000,145000,RUB
102612,2024-03-11,Full-stack Developer,Junior,Краснодар,Офис,Крупная (1000+),"Docker, Git, JavaScript, Node.js",32000,39000,RUB
102646,2024-03-11,System Analyst,Middle,Москва,Офис,Средняя (250-1000),"BPMN, Confluence, Git, Jira, SQL",104000,125000,RUB
100724,2024-03-12,System Analyst,Middle,Удалённо (Россия),Гибрид,Средняя (250-1000),"BPMN, Confluence, Git, Jira, SQL, UML",81000,105000,RUB
100674,2024-03-12,Mobile Developer,Middle,Краснодар,Удалённо,Стартап (<50),"Git, REST API, SQL, Swift",50000,63000,RUB
104677,2024-03-12,System Analyst,Middle,Новосибирск,Гибрид,Малая (50-250),"Confluence, Git, Jira, UML",53000,67000,RUB
101674,2024-03-12,Data Engineer,Senior,Москва,Удалённо,Крупная (1000+),"Airflow, Git, Kafka, Python",230000,266000,RUB
101856,2024-03-12,DevOps Engineer,Middle,Москва,Гибрид,Стартап (<50),"AWS, Git, Terraform",88000,112000,RUB
105664,2024-03-12,Full-stack Developer,Senior,Екатеринбург,Удалённо,Средняя (250-1000),"Git, JavaScript, Node.js",113000,138000,RUB
105835,2024-03-12,Frontend Developer,Junior,Краснодар,Гибрид,Стартап (<50),"CSS, Git, React, TypeScript",30000,39000,RUB
100800,2024-03-12,Frontend Developer,Middle,Удалённо (Россия),Офис,Малая (50-250),"Git, HTML, React",79000,97000,RUB
105331,2024-03-12,ML Engineer,Junior,Москва,Гибрид,Малая (50-250),"Docker, Git, Kubernetes, MLflow, PyTorch, Python, TensorFlow",54000,65000,RUB
104693,2024-03-12,QA Engineer,Junior,Москва,Офис,Стартап (<50),"Git, Postman, Python, SQL, Selenium",36000,48000,RUB
105897,2024-03-13,Backend Developer,Junior,Санкт-Петербург,Удалённо,Стартап (<50),"Git, Kubernetes, Python, REST API, SQL",40000,49000,RUB
101315,2024-03-13,Full-stack Developer,Middle,Казань,Офис,Крупная (1000+),"Docker, Git, JavaScript, Node.js, React, SQL",62000,76000,RUB
103402,2024-03-13,Frontend Developer,Junior,Удалённо (Россия),Удалённо,Средняя (250-1000),"Git, HTML, React, TypeScript",57000,72000,RUB
102556,2024-03-13,Backend Developer,Middle,Москва,Офис,Стартап (<50),"Docker, Git, Java, Kubernetes, PostgreSQL, SQL",92000,116000,RUB
103799,2024-03-13,Frontend Developer,Junior,Москва,Удалённо,Стартап (<50),"CSS, Git, HTML, JavaScript, React",49000,58000,RUB
100242,2024-03-13,Data Engineer,Middle,Краснодар,Офис,Малая (50-250),"Docker, Git, Kafka, SQL, Spark",58000,69000,RUB
101177,2024-03-14,DevOps Engineer,Middle,Москва,Офис,Средняя (250-1000),"Docker, Git, Linux, Terraform",102000,118000,RUB
105369,2024-03-14,Product Manager,Middle,Екатеринбург,Офис,Крупная (1000+),"Agile, Git, Jira, SQL",90000,104000,RUB
102087,2024-03-14,QA Engineer,Middle,Москва,Удалённо,Крупная (1000+),"Git, Manual Testing, Postman, Python, Selenium",90000,117000,RUB
105687,2024-03-14,Data Scientist,Middle,Удалённо (Россия),Офис,Средняя (250-1000),"Git, Python, SQL, Statistics",98000,126000,RUB
100935,2024-03-15,Frontend Developer,Middle,Краснодар,Гибрид,Малая (50-250),"Git, JavaScript, React, TypeScript",38000,50000,RUB
102151,2024-03-15,Frontend Developer,Senior,Москва,Офис,Малая (50-250),"Git, HTML, JavaScript, React",122000,151000,RUB
104982,2024-03-15,Data Engineer,Middle,Удалённо (Россия),Офис,Стартап (<50),"Airflow, ClickHouse, Python, SQL",90000,115000,RUB
103376,2024-03-15,Frontend Developer,Senior,Удалённо (Россия),Гибрид,Крупная (1000+),"CSS, Git, HTML, React, TypeScript",129000,174000,RUB
100783,2024-03-15,Full-stack Developer,Junior,Удалённо (Россия),Офис,Стартап (<50),"Git, JavaScript, React",35000,44000,RUB
102254,2024-03-15,Frontend Developer,Senior,Москва,Удалённо,Средняя (250-1000),"CSS, Git, HTML, JavaScript, React, TypeScript",141000,164000,RUB
100405,2024-03-15,Product Manager,Senior,Санкт-Петербург,Удалённо,Малая (50-250),"Agile, Analytics, Confluence, Git, Jira",132000,171000,RUB
105039,2024-03-15,Data Engineer,Junior,Москва,Удалённо,Малая (50-250),"Git, Python, Spark",59000,76000,RUB
102773,2024-03-15,Data Analyst,Middle,Москва,Офис,Малая (50-250),"Excel, Git, Power BI, Python, Tableau",67000,83000,RUB
103978,2024-03-16,ML Engineer,Middle,Москва,Удалённо,Малая (50-250),"Docker, Git, Kubernetes, MLflow, PyTorch, TensorFlow",144000,187000,RUB
101493,2024-03-16,DevOps Engineer,Middle,Москва,Гибрид,Средняя (250-1000),"AWS, CI/CD, Docker, Git, Kubernetes, Linux",128000,172000,RUB
101395,2024-03-16,Backend Developer,Junior,Удалённо (Россия),Удалённо,Малая (50-250),"Docker, Git, Kubernetes, PostgreSQL, Python, REST API",36000,46000,RUB
100967,2024-03-16,ML Engineer,Lead,Удалённо (Россия),Офис,Средняя (250-1000),"Git, Kubernetes, MLflow, PyTorch, Python",193000,242000,RUB
104243,2024-03-17,DevOps Engineer,Middle,Москва,Удалённо,Стартап (<50),"Git, Kubernetes, Linux",105000,128000,RUB
100767,2024-03-17,Data Scientist,Middle,Санкт-Петербург,Офис,Малая (50-250),"Docker, Git, PyTorch, Python, SQL, Scikit-learn, Statistics",101000,132000,RUB
105915,2024-03-17,Data Engineer,Middle,Санкт-Петербург,Гибрид,Крупная (1000+),"Airflow, ClickHouse, Docker, Git, Kafka, Spark",81000,93000,RUB
101101,2024-03-17,ML Engineer,Senior,Удалённо (Россия),Удалённо,Стартап (<50),"Git, Kubernetes, MLflow, PyTorch, Python",205000,274000,RUB
105151,2024-03-17,Frontend Developer,Junior,Санкт-Петербург,Гибрид,Малая (50-250),"CSS, Git, HTML, JavaScript, React, TypeScript",30000,37000,RUB
100598,2024-03-17,DevOps Engineer,Senior,Санкт-Петербург,Гибрид,Крупная (1000+),"AWS, Git, Kubernetes",180000,227000,RUB
102589,2024-03-18,Backend Developer,Senior,Краснодар,Офис,Стартап (<50),"Docker, Git, Java, Kubernetes, PostgreSQL",90000,104000,RUB
105269,2024-03-18,Data Scientist,Junior,Новосибирск,Удалённо,Средняя (250-1000),"Docker, Git, Python, SQL, Scikit-learn, Statistics",42000,52000,RUB
101492,2024-03-19,Backend Developer,Senior,Санкт-Петербург,Удалённо,Малая (50-250),"Git, Kubernetes, Python, SQL",148000,176000,RUB
100948,2024-03-19,Full-stack Developer,Middle,Удалённо (Россия),Офис,Малая (50-250),"Docker, Git, Node.js, React, SQL",92000,109000,RUB
101990,2024-03-19,Product Manager,Lead,Новосибирск,Удалённо,Крупная (1000+),"Agile, Analytics, Confluence, Git, Jira, SQL",172000,225000,RUB
101691,2024-03-19,Data Engineer,Middle,Екатеринбург,Офис,Малая (50-250),"Airflow, ClickHouse, Docker, Git, Kafka, Spark",75000,97000,RUB
105270,2024-03-19,QA Engineer,Senior,Удалённо (Россия),Удалённо,Средняя (250-1000),"Git, Manual Testing, Postman, Python, SQL",124000,155000,RUB
104671,2024-03-19,System Analyst,Senior,Нижний Новгород,Гибрид,Малая (50-250),"Confluence, Git, Jira, SQL, UML",76000,90000,RUB
103832,2024-03-19,Backend Developer,Senior,Удалённо (Россия),Офис,Средняя (250-1000),"Git, Kubernetes, PostgreSQL, Python, REST API, SQL",167000,206000,RUB
104378,2024-03-19,Data Scientist,Junior,Москва,Офис,Малая (50-250),"Docker, Git, PyTorch, Python, SQL, Statistics",47000,60000,RUB
104212,2024-03-19,Mobile Developer,Middle,Удалённо (Россия),Удалённо,Малая (50-250),"Git, Kotlin, REST API, SQL, Swift",85000,105000,RUB
105017,2024-03-19,ML Engineer,Middle,Москва,Удалённо,Средняя (250-1000),"Docker, Git, Python",130000,169000,RUB
103212,2024-03-19,QA Engineer,Senior,Санкт-Петербург,Удалённо,Малая (50-250),"Git, Manual Testing, SQL, Selenium",90000,120000,RUB
103772,2024-03-19,Backend Developer,Middle,Новосибирск,Офис,Крупная (1000+),"Git, Python, REST API",69000,91000,RUB
104640,2024-03-19,Product Manager,Junior,Санкт-Петербург,Гибрид,Малая (50-250),"Agile, Confluence, Git, Jira, SQL",61000,75000,RUB
104787,2024-03-19,Product Manager,Junior,Екатеринбург,Удалённо,Малая (50-250),"Analytics, Confluence, Git, SQL",32000,41000,RUB
103351,2024-03-19,Data Analyst,Junior,Удалённо (Россия),Удалённо,Малая (50-250),"Excel, Git, Python",30000,38000,RUB
104871,2024-03-20,System Analyst,Junior,Москва,Гибрид,Средняя (250-1000),"Git, Jira, SQL, UML",47000,56000,RUB
105805,2024-03-20,Frontend Developer,Middle,Удалённо (Россия),Офис,Стартап (<50),"CSS, Git, HTML, JavaScript, TypeScript",72000,87000,RUB
104403,2024-03-20,System Analyst,Senior,Москва,Гибрид,Крупная (1000+),"BPMN, Confluence, Git, Jira, SQL, UML",163000,207000,RUB
102599,2024-03-20,DevOps Engineer,Junior,Удалённо (Россия),Удалённо,Средняя (250-1000),"AWS, CI/CD, Git, Kubernetes, Linux, Terraform",55000,66000,RUB
103669,2024-03-21,DevOps Engineer,Senior,Санкт-Петербург,Удалённо,Средняя (250-1000),"Docker, Git, Kubernetes, Linux, Terraform",165000,222000,RUB
101657,2024-03-21,Frontend Developer,Senior,Удалённо (Россия),Офис,Стартап (<50),"CSS, Git, HTML, JavaScript, React, TypeScript",98000,132000,RUB
100233,2024-03-21,Product Manager,Lead,Москва,Удалённо,Средняя (250-1000),"Agile, Confluence, Git, SQL",259000,311000,RUB
102231,2024-03-21,Mobile Developer,Middle,Екатеринбург,Гибрид,Стартап (<50),"Git, Kotlin, REST API, SQL",55000,66000,RUB
103686,2024-03-21,Backend Developer,Lead,Казань,Удалённо,Средняя (250-1000),"Git, PostgreSQL, REST API",159000,183000,RUB
101923,2024-03-21,Frontend Developer,Middle,Удалённо (Россия),Офис,Малая (50-250),"CSS, Git, HTML, JavaScript, React, TypeScript",76000,92000,RUB
100324,2024-03-22,System Analyst,Middle,Санкт-Петербург,Гибрид,Малая (50-250),"BPMN, Confluence, Git, Jira, UML",66000,83000,RUB
103987,2024-03-22,Frontend Developer,Junior,Краснодар,Гибрид,Средняя (250-1000),"CSS, Git, HTML",30000,39000,RUB
102804,2024-03-22,Full-stack Developer,Middle,Удалённо (Россия),Гибрид,Средняя (250-1000),"Docker, Git, Node.js, React",94000,122000,RUB
103530,2024-03-22,ML Engineer,Middle,Новосибирск,Офис,Стартап (<50),"Git, Kubernetes, MLflow, PyTorch",65000,86000,RUB
103611,2024-03-23,ML Engineer,Junior,Москва,Гибрид,Стартап (<50),"Docker, Git, MLflow",52000,69000,RUB
105080,2024-03-23,Data Analyst,Middle,Новосибирск,Гибрид,Стартап (<50),"Excel, Git, SQL, Tableau",52000,66000,RUB
103849,2024-03-23,Data Analyst,Middle,Санкт-Петербург,Офис,Стартап (<50),"Excel, Git, Power BI, Python, SQL, Tableau",54000,69000,RUB
100471,2024-03-23,Data Analyst,Junior,Санкт-Петербург,Гибрид,Средняя (250-1000),"Excel, Git, Power BI, Python, SQL, Tableau",40000,54000,RUB
104790,2024-03-23,DevOps Engineer,Middle,Москва,Офис,Малая (50-250),"AWS, CI/CD, Docker, Git, Linux",84000,102000,RUB
104135,2024-03-24,Frontend Developer,Junior,Москва,Офис,Стартап (<50),"CSS, Git, HTML, React",46000,60000,RUB
101840,2024-03-24,Data Scientist,Junior,Москва,Удалённо,Крупная (1000+),"Git, PyTorch, Python, SQL, Statistics",81000,103000,RUB
105193,2024-03-24,QA Engineer,Middle,Удалённо (Россия),Офис,Стартап (<50),"Git, Manual Testing, Postman, Python, Selenium",60000,74000,RUB
100407,2024-03-24,Frontend Developer,Middle,Удалённо (Россия),Гибрид,Малая (50-250),"Git, JavaScript, React, TypeScript",67000,82000,RUB
105178,2024-03-24,Mobile Developer,Senior,Москва,Гибрид,Стартап (<50),"Git, Kotlin, Swift",188000,244000,RUB
100475,2024-03-24,Backend Developer,Senior,Удалённо (Россия),Удалённо,Крупная (1000+),"Docker, Git, PostgreSQL, Python, REST API, SQL",120000,150000,RUB
103063,2024-03-24,Backend Developer,Senior,Москва,Гибрид,Средняя (250-1000),"Git, Java, Kubernetes, PostgreSQL, REST API, SQL",174000,232000,RUB
102415,2024-03-25,Data Engineer,Middle,Удалённо (Россия),Гибрид,Стартап (<50),"Docker, Python, SQL, Spark",106000,139000,RUB
101449,2024-03-25,Data Scientist,Middle,Удалённо (Россия),Удалённо,Средняя (250-1000),"Git, Pandas, Python",105000,136000,RUB
104724,2024-03-25,Backend Developer,Middle,Удалённо (Россия),Гибрид,Крупная (1000+),"Docker, Git, Java, PostgreSQL, Python, REST API, SQL",95000,120000,RUB
103665,2024-03-26,ML Engineer,Senior,Удалённо (Россия),Удалённо,Крупная (1000+),"Git, Kubernetes, MLflow, TensorFlow",185000,221000,RUB
100208,2024-03-26,Data Engineer,Junior,Москва,Удалённо,Малая (50-250),"Airflow, ClickHouse, Docker, Git, Kafka, Python",59000,75000,RUB
102931,2024-03-26,Full-stack Developer,Junior,Удалённо (Россия),Гибрид,Малая (50-250),"Docker, Git, React",46000,59000,RUB
101413,2024-03-26,QA Engineer,Middle,Москва,Гибрид,Крупная (1000+),"Git, Manual Testing, Python",74000,96000,RUB
104710,2024-03-26,Data Engineer,Senior,Удалённо (Россия),Удалённо,Стартап (<50),"Docker, Git, Kafka, Python, SQL, Spark",137000,174000,RUB
104805,2024-03-26,QA Engineer,Junior,Санкт-Петербург,Гибрид,Стартап (<50),"Git, Manual Testing, Postman, Selenium",34000,45000,RUB
105978,2024-03-26,ML Engineer,Middle,Удалённо (Россия),Гибрид,Малая (50-250),"Git, Kubernetes, PyTorch",112000,140000,RUB
105646,2024-03-26,QA Engineer,Lead,Новосибирск,Офис,Малая (50-250),"Git, Manual Testing, Python, SQL, Selenium",69000,80000,RUB
105871,2024-03-26,Product Manager,Middle,Санкт-Петербург,Удалённо,Крупная (1000+),"Agile, Git, Jira, SQL",96000,117000,RUB
102610,2024-03-26,Backend Developer,Senior,Казань,Офис,Малая (50-250),"Docker, Git, REST API, SQL",95000,124000,RUB
100490,2024-03-27,Data Analyst,Senior,Казань,Офис,Крупная (1000+),"Excel, Git, Power BI, Tableau",90000,114000,RUB
105603,2024-03-27,Data Analyst,Junior,Санкт-Петербург,Офис,Крупная (1000+),"Git, Power BI, Python, SQL",45000,54000,RUB
100963,2024-03-27,ML Engineer,Middle,Москва,Офис,Крупная (1000+),"Docker, Git, MLflow, PyTorch, Python, TensorFlow",142000,177000,RUB
104091,2024-03-27,Data Analyst,Junior,Москва,Офис,Малая (50-250),"Excel, Git, Power BI, SQL, Tableau",45000,54000,RUB
105459,2024-03-27,Data Scientist,Middle,Москва,Удалённо,Малая (50-250),"Docker, Git, Pandas, Python, Scikit-learn, Statistics",109000,146000,RUB
100072,2024-03-27,Full-stack Developer,Junior,Санкт-Петербург,Офис,Крупная (1000+),"Docker, Git, JavaScript, Node.js, SQL",51000,68000,RUB
102753,2024-03-27,Full-stack Developer,Senior,Москва,Удалённо,Стартап (<50),"Git, JavaScript, Node.js, React, SQL",148000,172000,RUB
100950,2024-03-27,Data Analyst,Middle,Москва,Удалённо,Средняя (250-1000),"Excel, Git, Power BI, SQL",95000,124000,RUB
100057,2024-03-27,QA Engineer,Junior,Москва,Офис,Крупная (1000+),"Git, Postman, Python",30000,38000,RUB
103633,2024-03-28,Backend Developer,Middle,Казань,Гибрид,Средняя (250-1000),"Docker, Git, Java, Kubernetes, PostgreSQL, SQL",73000,89000,RUB
102740,2024-03-28,Data Engineer,Middle,Санкт-Петербург,Удалённо,Крупная (1000+),"Airflow, ClickHouse, Docker, Git, Python",121000,146000,RUB
101785,2024-03-28,QA Engineer,Junior,Нижний Новгород,Офис,Стартап (<50),"Git, Manual Testing, Postman, Python, SQL, Selenium",30000,40000,RUB
100013,2024-03-28,Data Analyst,Middle,Москва,Удалённо,Крупная (1000+),"Excel, Git, Power BI, SQL, Tableau",89000,104000,RUB
104229,2024-03-28,ML Engineer,Junior,Москва,Офис,Стартап (<50),"Docker, Git, MLflow, PyTorch",61000,72000,RUB
105585,2024-03-28,QA Engineer,Middle,Новосибирск,Гибрид,Средняя (250-1000),"Git, Manual Testing, Python, SQL, Selenium",39000,48000,RUB
105779,2024-03-28,Data Engineer,Middle,Санкт-Петербург,Гибрид,Крупная (1000+),"Git, Python, SQL, Spark",84000,105000,RUB
102656,2024-03-29,Data Scientist,Senior,Удалённо (Россия),Гибрид,Стартап (<50),"Docker, Git, Pandas, SQL",152000,191000,RUB
103232,2024-03-29,Frontend Developer,Junior,Екатеринбург,Удалённо,Малая (50-250),"HTML, JavaScript, React",30000,38000,RUB
105568,2024-03-29,ML Engineer,Lead,Екатеринбург,Офис,Стартап (<50),"Docker, Git, Kubernetes, PyTorch, Python, TensorFlow",131000,171000,RUB
104751,2024-03-29,Backend Developer,Senior,Москва,Офис,Крупная (1000+),"Docker, Git, Kubernetes, Python",171000,225000,RUB
101119,2024-03-29,Frontend Developer,Middle,Удалённо (Россия),Гибрид,Крупная (1000+),"CSS, Git, React",101000,117000,RUB
102567,2024-03-29,Frontend Developer,Senior,Москва,Гибрид,Средняя (250-1000),"Git, HTML, React",171000,208000,RUB
105110,2024-03-30,Data Engineer,Middle,Москва,Офис,Крупная (1000+),"Airflow, Docker, Git, Kafka, Python",111000,138000,RUB
102904,2024-03-30,Product Manager,Senior,Краснодар,Офис,Стартап (<50),"Analytics, Jira, SQL",79000,104000,RUB
100687,2024-03-30,QA Engineer,Junior,Новосибирск,Офис,Стартап (<50),"Git, Manual Testing, Postman, Python, SQL, Selenium",30000,39000,RUB
102616,2024-03-31,Mobile Developer,Middle,Санкт-Петербург,Офис,Малая (50-250),"Git, Kotlin, REST API, SQL, Swift",72000,92000,RUB
101873,2024-03-31,Full-stack Developer,Middle,Москва,Офис,Малая (50-250),"Docker, Git, Node.js, React, SQL",83000,109000,RUB
105986,2024-03-31,DevOps Engineer,Middle,Удалённо (Россия),Удалённо,Малая (50-250),"AWS, CI/CD, Docker, Git, Kubernetes",120000,153000,RUB
103055,2024-03-31,Full-stack Developer,Junior,Москва,Офис,Средняя (250-1000),"Git, Node.js, React",44000,53000,RUB
101587,2024-03-31,Full-stack Developer,Senior,Санкт-Петербург,Офис,Стартап (<50),"Docker, Git, JavaScript, Node.js, React, SQL",98000,120000,RUB
103927,2024-03-31,Backend Developer,Middle,Нижний Новгород,Гибрид,Малая (50-250),"Git, Java, Kubernetes, REST API, SQL",65000,78000,RUB
103768,2024-04-01,QA Engineer,Junior,Москва,Офис,Средняя (250-1000),"Git, Manual Testing, SQL",42000,50000,RUB
101694,2024-04-01,DevOps Engineer,Middle,Казань,Удалённо,Стартап (<50),"AWS, CI/CD, Docker, Git, Linux, Terraform",66000,85000,RUB
103776,2024-04-01,Data Scientist,Junior,Удалённо (Россия),Гибрид,Крупная (1000+),"Docker, Git, PyTorch, Python, SQL, Scikit-learn",61000,79000,RUB
103581,2024-04-01,Mobile Developer,Middle,Санкт-Петербург,Удалённо,Средняя (250-1000),"Git, Kotlin, REST API, SQL, Swift",79000,97000,RUB
100560,2024-04-01,Data Analyst,Middle,Удалённо (Россия),Офис,Стартап (<50),"Excel, Git, Power BI, Python, SQL",53000,67000,RUB
102768,2024-04-01,Data Analyst,Senior,Москва,Гибрид,Крупная (1000+),"Excel, Git, Power BI, Python, SQL, Tableau",151000,183000,RUB
100790,2024-04-02,QA Engineer,Senior,Москва,Офис,Крупная (1000+),"Git, Manual Testing, Python, SQL, Selenium",133000,163000,RUB
103476,2024-04-02,Backend Developer,Middle,Удалённо (Россия),Офис,Стартап (<50),"Docker, Git, Java, Kubernetes, PostgreSQL, Python, SQL",72000,93000,RUB
102423,2024-04-02,Full-stack Developer,Senior,Удалённо (Россия),Удалённо,Стартап (<50),"Docker, Git, React",144000,184000,RUB
101233,2024-04-02,QA Engineer,Junior,Санкт-Петербург,Удалённо,Малая (50-250),"Git, Manual Testing, Postman, Python, SQL",39000,48000,RUB
102373,2024-04-03,Mobile Developer,Lead,Санкт-Петербург,Удалённо,Крупная (1000+),"Git, Kotlin, REST API, SQL",203000,246000,RUB
100153,2024-04-03,Data Scientist,Middle,Новосибирск,Гибрид,Стартап (<50),"Git, Pandas, PyTorch, Python, SQL, Scikit-learn",69000,93000,RUB
101735,2024-04-04,System Analyst,Senior,Санкт-Петербург,Удалённо,Стартап (<50),"Confluence, Git, Jira, UML",114000,145000,RUB
103208,2024-04-04,QA Engineer,Senior,Москва,Офис,Средняя (250-1000),"Git, Manual Testing, Postman, Python, SQL",94000,109000,RUB
102579,2024-04-04,Data Scientist,Senior,Москва,Гибрид,Малая (50-250),"Git, PyTorch, SQL",169000,224000,RUB
101240,2024-04-04,QA Engineer,Middle,Москва,Офис,Стартап (<50),"Manual Testing, Postman, Selenium",73000,90000,RUB
105010,2024-04-04,Data Engineer,Middle,Нижний Новгород,Удалённо,Малая (50-250),"Airflow, Docker, Git, Kafka, Python, SQL",55000,68000,RUB
100226,2024-04-04,Data Engineer,Middle,Краснодар,Офис,Стартап (<50),"Airflow, ClickHouse, Docker, Git, Kafka, SQL, Spark",58000,70000,RUB
105014,2024-04-04,Full-stack Developer,Middle,Москва,Удалённо,Стартап (<50),"Docker, Git, JavaScript, Node.js, React, SQL",94000,110000,RUB
105945,2024-04-04,DevOps Engineer,Senior,Москва,Удалённо,Крупная (1000+),"AWS, Git, Kubernetes, Terraform",170000,196000,RUB
103268,2024-04-05,Data Engineer,Junior,Москва,Гибрид,Крупная (1000+),"Airflow, ClickHouse, Docker, Git, Kafka, SQL",67000,86000,RUB
100087,2024-04-05,Data Scientist,Junior,Москва,Гибрид,Средняя (250-1000),"Git, Pandas, PyTorch, Statistics",48000,60000,RUB
103489,2024-04-05,Backend Developer,Junior,Москва,Офис,Средняя (250-1000),"Git, Kubernetes, PostgreSQL, Python, REST API, SQL",47000,61000,RUB
104346,2024-04-05,QA Engineer,Middle,Москва,Офис,Средняя (250-1000),"Git, Manual Testing, Postman, Python, SQL, Selenium",86000,107000,RUB
103280,2024-04-05,QA Engineer,Junior,Москва,Офис,Средняя (250-1000),"Git, Manual Testing, SQL, Selenium",35000,41000,RUB
105154,2024-04-05,Full-stack Developer,Senior,Москва,Гибрид,Крупная (1000+),"Docker, Git, JavaScript, SQL",174000,218000,RUB
100114,2024-04-06,DevOps Engineer,Senior,Краснодар,Офис,Стартап (<50),"AWS, CI/CD, Docker, Git, Kubernetes, Linux, Terraform",80000,99000,RUB
101136,2024-04-06,Data Engineer,Middle,Санкт-Петербург,Удалённо,Крупная (1000+),"ClickHouse, Docker, Kafka",134000,177000,RUB
102083,2024-04-06,Full-stack Developer,Middle,Нижний Новгород,Офис,Крупная (1000+),"Docker, Git, Node.js, SQL",75000,101000,RUB
102460,2024-04-07,Frontend Developer,Middle,Москва,Гибрид,Стартап (<50),"Git, HTML, JavaScript, React, TypeScript",94000,112000,RUB
105776,2024-04-07,Backend Developer,Senior,Санкт-Петербург,Удалённо,Малая (50-250),"Git, Java, PostgreSQL, Python, REST API",126000,169000,RUB
102862,2024-04-07,Data Analyst,Middle,Москва,Офис,Малая (50-250),"Excel, Git, Tableau",55000,69000,RUB
102156,2024-04-08,Mobile Developer,Middle,Новосибирск,Гибрид,Средняя (250-1000),"Git, REST API, SQL, Swift",61000,80000,RUB
100931,2024-04-08,Full-stack Developer,Middle,Москва,Гибрид,Малая (50-250),"Git, JavaScript, Node.js, React",111000,149000,RUB
101499,2024-04-08,Data Engineer,Junior,Казань,Офис,Стартап (<50),"Airflow, Git, SQL",36000,44000,RUB
100317,2024-04-08,DevOps Engineer,Senior,Краснодар,Офис,Стартап (<50),"AWS, CI/CD, Git, Kubernetes, Linux",103000,122000,RUB
101596,2024-04-08,Data Engineer,Middle,Новосибирск,Удалённо,Крупная (1000+),"Airflow, Git, Kafka, Spark",71000,88000,RUB
102868,2024-04-08,Data Analyst,Middle,Удалённо (Россия),Гибрид,Средняя (250-1000),"Excel, Git, Power BI, Python, SQL, Tableau",83000,110000,RUB
100611,2024-04-08,Product Manager,Senior,Москва,Офис,Малая (50-250),"Agile, Confluence, Git, Jira",146000,188000,RUB
102453,2024-04-09,Mobile Developer,Senior,Удалённо (Россия),Гибрид,Стартап (<50),"Git, Kotlin, SQL, Swift",135000,163000,RUB
101956,2024-04-09,ML Engineer,Middle,Москва,Удалённо,Крупная (1000+),"Docker, Git, Kubernetes, MLflow, PyTorch",143000,174000,RUB
105259,2024-04-09,Backend Developer,Middle,Москва,Гибрид,Малая (50-250),"Docker, Git, Java, Kubernetes, Python, SQL",95000,125000,RUB
101133,2024-04-09,Data Analyst,Lead,Москва,Гибрид,Малая (50-250),"Excel, Git, Power BI, Python, SQL, Tableau",177000,204000,RUB
104996,2024-04-09,ML Engineer,Middle,Москва,Гибрид,Крупная (1000+),"Git, Kubernetes, PyTorch, Python, TensorFlow",140000,176000,RUB
100722,2024-04-09,DevOps Engineer,Senior,Новосибирск,Гибрид,Стартап (<50),"AWS, CI/CD, Docker, Git, Kubernetes, Terraform",106000,125000,RUB
105500,2024-04-09,ML Engineer,Senior,Москва,Гибрид,Стартап (<50),"Docker, Git, Kubernetes, MLflow, Python",164000,200000,RUB
103458,2024-04-09,Backend Developer,Senior,Удалённо (Россия),Гибрид,Стартап (<50),"Docker, Git, Java, REST API, SQL",133000,176000,RUB
103042,2024-04-09,QA Engineer,Senior,Москва,Офис,Средняя (250-1000),"Git, Postman, Python, SQL, Selenium",124000,165000,RUB
102936,2024-04-09,Backend Developer,Middle,Нижний Новгород,Офис,Малая (50-250),"Docker, Git, Java, Kubernetes",62000,82000,RUB
101551,2024-04-10,QA Engineer,Middle,Москва,Офис,Малая (50-250),"Git, Postman, Python, SQL",54000,62000,RUB
104621,2024-04-10,Frontend Developer,Middle,Екатеринбург,Удалённо,Малая (50-250),"CSS, HTML, TypeScript",56000,75000,RUB
101263,2024-04-10,Mobile Developer,Junior,Удалённо (Россия),Гибрид,Средняя (250-1000),"Git, Kotlin, SQL, Swift",42000,54000,RUB
101476,2024-04-11,Product Manager,Senior,Краснодар,Гибрид,Крупная (1000+),"Analytics, Git, Jira, SQL",91000,108000,RUB
104238,2024-04-11,Frontend Developer,Junior,Казань,Офис,Средняя (250-1000),"CSS, Git, JavaScript, React, TypeScript",30000,35000,RUB
105706,2024-04-11,Frontend Developer,Senior,Москва,Офис,Крупная (1000+),"CSS, Git, HTML, React, TypeScript",178000,226000,RUB
104885,2024-04-11,Data Scientist,Middle,Новосибирск,Офис,Малая (50-250),"Git, Pandas, PyTorch, SQL",59000,74000,RUB
105653,2024-04-11,Product Manager,Junior,Удалённо (Россия),Офис,Малая (50-250),"Agile, Confluence, Git, Jira, SQL",62000,80000,RUB
103635,2024-04-11,Frontend Developer,Lead,Казань,Гибрид,Средняя (250-1000),"CSS, Git, JavaScript",88000,104000,RUB
100754,2024-04-11,DevOps Engineer,Lead,Екатеринбург,Удалённо,Крупная (1000+),"AWS, CI/CD, Git, Kubernetes, Linux",165000,205000,RUB
103261,2024-04-11,ML Engineer,Senior,Москва,Офис,Малая (50-250),"Git, Kubernetes, PyTorch, Python",165000,196000,RUB
104649,2024-04-11,Data Analyst,Middle,Нижний Новгород,Офис,Средняя (250-1000),"Git, Power BI, SQL, Tableau",52000,69000,RUB
100871,2024-04-11,Mobile Developer,Middle,Москва,Удалённо,Малая (50-250),"Git, Kotlin, REST API, SQL, Swift",99000,125000,RUB
105309,2024-04-11,Full-stack Developer,Senior,Удалённо (Россия),Гибрид,Средняя (250-1000),"Git, JavaScript, Node.js, React, SQL",136000,180000,RUB
101565,2024-04-12,Mobile Developer,Junior,Москва,Удалённо,Стартап (<50),"Git, REST API, SQL, Swift",45000,54000,RUB
101144,2024-04-12,Data Scientist,Senior,Удалённо (Россия),Офис,Средняя (250-1000),"Docker, Git, Pandas, Python, SQL, Statistics",115000,137000,RUB
101446,2024-04-12,Mobile Developer,Senior,Новосибирск,Удалённо,Малая (50-250),"Git, Kotlin, REST API, SQL, Swift",102000,129000,RUB
104713,2024-04-12,Data Scientist,Senior,Новосибирск,Гибрид,Средняя (250-1000),"Git, Pandas, PyTorch, Scikit-learn, Statistics",117000,155000,RUB
105884,2024-04-13,ML Engineer,Junior,Нижний Новгород,Удалённо,Малая (50-250),"Docker, Git, Kubernetes, MLflow, Python, TensorFlow",42000,53000,RUB
100483,2024-04-13,Data Engineer,Senior,Екатеринбург,Офис,Стартап (<50),"Python, SQL, Spark",89000,106000,RUB
102001,2024-04-13,Frontend Developer,Junior,Краснодар,Удалённо,Средняя (250-1000),"CSS, Git, HTML, JavaScript, React, TypeScript",30000,39000,RUB
104597,2024-04-13,Data Engineer,Middle,Екатеринбург,Офис,Крупная (1000+),"Git, Kafka, Python, SQL",67000,85000,RUB
101974,2024-04-13,Mobile Developer,Middle,Санкт-Петербург,Гибрид,Малая (50-250),"Git, Kotlin, SQL",80000,94000,RUB
100818,2024-04-13,Backend Developer,Middle,Нижний Новгород,Офис,Малая (50-250),"Docker, Git, Python, REST API, SQL",56000,74000,RUB
102530,2024-04-14,ML Engineer,Junior,Удалённо (Россия),Гибрид,Стартап (<50),"Docker, Git, Kubernetes, PyTorch, Python, TensorFlow",58000,69000,RUB
102174,2024-04-14,Backend Developer,Lead,Удалённо (Россия),Удалённо,Средняя (250-1000),"Docker, Git, Kubernetes, PostgreSQL, REST API, SQL",294000,355000,RUB
101351,2024-04-14,Full-stack Developer,Junior,Удалённо (Россия),Удалённо,Стартап (<50),"Docker, Git, Node.js, React, SQL",48000,60000,RUB
101249,2024-04-14,ML Engineer,Middle,Удалённо (Россия),Офис,Малая (50-250),"Docker, Git, MLflow, PyTorch, Python, TensorFlow",80000,95000,RUB
104479,2024-04-14,QA Engineer,Junior,Удалённо (Россия),Удалённо,Малая (50-250),"Git, SQL, Selenium",37000,47000,RUB
101494,2024-04-14,DevOps Engineer,Senior,Москва,Офис,Малая (50-250),"AWS, Git, Kubernetes, Terraform",194000,235000,RUB
101208,2024-04-14,Backend Developer,Middle,Краснодар,Гибрид,Малая (50-250),"Docker, Git, Kubernetes, PostgreSQL, Python, REST API",58000,70000,RUB
102215,2024-04-15,Mobile Developer,Senior,Казань,Гибрид,Крупная (1000+),"Git, Kotlin, REST API, SQL, Swift",121000,150000,RUB
104354,2024-04-15,Data Scientist,Junior,Москва,Гибрид,Крупная (1000+),"Docker, Git, Pandas, PyTorch, SQL, Statistics",56000,67000,RUB
102832,2024-04-15,DevOps Engineer,Middle,Москва,Удалённо,Стартап (<50),"CI/CD, Docker, Kubernetes, Linux",87000,101000,RUB
105230,2024-04-15,Backend Developer,Junior,Удалённо (Россия),Удалённо,Стартап (<50),"Docker, Git, Java, PostgreSQL, Python, REST API",51000,68000,RUB
100520,2024-04-15,System Analyst,Lead,Удалённо (Россия),Гибрид,Малая (50-250),"BPMN, Confluence, Git, Jira, SQL, UML",166000,221000,RUB
101254,2024-04-15,Mobile Developer,Middle,Санкт-Петербург,Офис,Средняя (250-1000),"Git, Kotlin, REST API, SQL, Swift",78000,97000,RUB
105839,2024-04-15,Mobile Developer,Lead,Москва,Офис,Средняя (250-1000),"Git, Kotlin, REST API, SQL, Swift",210000,276000,RUB
100486,2024-04-15,Backend Developer,Middle,Удалённо (Россия),Гибрид,Крупная (1000+),"Docker, Git, Java, Kubernetes, REST API",117000,152000,RUB
104775,2024-04-16,Full-stack Developer,Middle,Москва,Офис,Крупная (1000+),"Docker, Git, JavaScript, Node.js, React, SQL",109000,146000,RUB
103223,2024-04-16,Data Analyst,Junior,Нижний Новгород,Офис,Крупная (1000+),"Excel, Git, Power BI, Python, SQL",32000,39000,RUB
100058,2024-04-16,DevOps Engineer,Junior,Удалённо (Россия),Удалённо,Средняя (250-1000),"AWS, CI/CD, Docker, Git",57000,73000,RUB
104186,2024-04-16,ML Engineer,Senior,Санкт-Петербург,Удалённо,Средняя (250-1000),"Git, Python, TensorFlow",176000,208000,RUB
105441,2024-04-16,QA Engineer,Middle,Санкт-Петербург,Офис,Стартап (<50),"Git, Postman, Selenium",60000,71000,RUB
102803,2024-04-17,Product Manager,Junior,Москва,Офис,Стартап (<50),"Agile, Analytics, Confluence, Git, Jira, SQL",49000,66000,RUB
100808,2024-04-17,Mobile Developer,Middle,Краснодар,Офис,Средняя (250-1000),"Git, Kotlin, REST API, SQL, Swift",51000,63000,RUB
105980,2024-04-17,Mobile Developer,Junior,Москва,Офис,Малая (50-250),"Git, Kotlin, REST API, SQL, Swift",44000,53000,RUB
103276,2024-04-17,Mobile Developer,Middle,Москва,Удалённо,Стартап (<50),"Git, Kotlin, SQL, Swift",77000,91000,RUB
103863,2024-04-17,DevOps Engineer,Lead,Москва,Гибрид,Малая (50-250),"CI/CD, Docker, Git, Kubernetes, Linux, Terraform",237000,286000,RUB
101302,2024-04-18,Data Engineer,Senior,Санкт-Петербург,Гибрид,Крупная (1000+),"ClickHouse, Docker, Git, SQL",206000,251000,RUB
100399,2024-04-18,DevOps Engineer,Middle,Санкт-Петербург,Удалённо,Средняя (250-1000),"AWS, CI/CD, Git, Kubernetes, Linux, Terraform",123000,159000,RUB
105823,2024-04-18,Mobile Developer,Senior,Нижний Новгород,Гибрид,Малая (50-250),"Git, Kotlin, REST API, SQL, Swift",100000,128000,RUB
105950,2024-04-18,Product Manager,Middle,Санкт-Петербург,Гибрид,Средняя (250-1000),"Agile, Analytics, Git, Jira, SQL",90000,114000,RUB
101007,2024-04-19,Data Engineer,Junior,Москва,Офис,Крупная (1000+),"Docker, Git, Kafka, SQL, Spark",63000,81000,RUB
101593,2024-04-19,ML Engineer,Senior,Санкт-Петербург,Офис,Стартап (<50),"Docker, Git, Kubernetes, MLflow, Python, TensorFlow",110000,130000,RUB
104689,2024-04-19,QA Engineer,Senior,Санкт-Петербург,Гибрид,Малая (50-250),"Git, Manual Testing, Postman, Python, SQL, Selenium",98000,123000,RUB
102869,2024-04-19,Data Analyst,Middle,Нижний Новгород,Гибрид,Стартап (<50),"Git, Power BI, SQL, Tableau",42000,53000,RUB
100059,2024-04-19,Product Manager,Senior,Санкт-Петербург,Офис,Средняя (250-1000),"Agile, Analytics, Git, Jira, SQL",110000,130000,RUB
101424,2024-04-19,Data Scientist,Junior,Новосибирск,Офис,Малая (50-250),"Git, Pandas, PyTorch, Python, SQL",43000,54000,RUB
104720,2024-04-20,QA Engineer,Lead,Москва,Гибрид,Малая (50-250),"Git, Manual Testing, Postman, Python, SQL, Selenium",161000,204000,RUB
101850,2024-04-20,Frontend Developer,Senior,Москва,Офис,Малая (50-250),"CSS, Git, HTML, React, TypeScript",147000,171000,RUB
102345,2024-04-20,Full-stack Developer,Middle,Санкт-Петербург,Удалённо,Средняя (250-1000),"Docker, Git, Node.js, React, SQL",74000,100000,RUB
105680,2024-04-20,Product Manager,Senior,Москва,Гибрид,Стартап (<50),"Confluence, Git, SQL",139000,171000,RUB
100499,2024-04-20,Mobile Developer,Junior,Москва,Офис,Средняя (250-1000),"Git, Kotlin, SQL, Swift",52000,68000,RUB
104730,2024-04-20,Backend Developer,Senior,Новосибирск,Офис,Стартап (<50),"Docker, Git, Kubernetes, Python, REST API",91000,119000,RUB
104838,2024-04-20,Backend Developer,Senior,Москва,Удалённо,Стартап (<50),"Git, PostgreSQL, Python, REST API, SQL",163000,199000,RUB
101998,2024-04-20,Full-stack Developer,Senior,Москва,Удалённо,Средняя (250-1000),"Docker, Git, JavaScript, Node.js, React, SQL",176000,225000,RUB
101123,2024-04-20,Data Engineer,Junior,Краснодар,Удалённо,Стартап (<50),"ClickHouse, Git, Kafka, Spark",38000,51000,RUB
104296,2024-04-21,Full-stack Developer,Senior,Удалённо (Россия),Гибрид,Крупная (1000+),"Docker, Git, JavaScript, Node.js, SQL",171000,216000,RUB
100733,2024-04-21,Data Engineer,Lead,Краснодар,Удалённо,Средняя (250-1000),"Airflow, ClickHouse, Docker, Git, Python, Spark",133000,176000,RUB
102306,2024-04-21,Full-stack Developer,Senior,Санкт-Петербург,Удалённо,Средняя (250-1000),"Git, JavaScript, React, SQL",133000,166000,RUB
105444,2024-04-21,Product Manager,Middle,Нижний Новгород,Гибрид,Стартап (<50),"Agile, Confluence, Git, Jira, SQL",57000,73000,RUB
104254,2024-04-21,QA Engineer,Junior,Москва,Удалённо,Крупная (1000+),"Git, Manual Testing, Postman, SQL, Selenium",42000,54000,RUB
101616,2024-04-21,Data Scientist,Senior,Удалённо (Россия),Удалённо,Стартап (<50),"Docker, Git, PyTorch, Scikit-learn, Statistics",131000,172000,RUB
104285,2024-04-21,Mobile Developer,Middle,Москва,Гибрид,Стартап (<50),"Git, Kotlin, Swift",70000,94000,RUB
100489,2024-04-21,Backend Developer,Middle,Краснодар,Удалённо,Средняя (250-1000),"Git, PostgreSQL, REST API",52000,71000,RUB
102385,2024-04-22,Data Analyst,Junior,Нижний Новгород,Офис,Малая (50-250),"Excel, Git, Power BI, Tableau",30000,39000,RUB
104952,2024-04-22,DevOps Engineer,Middle,Екатеринбург,Гибрид,Средняя (250-1000),"AWS, CI/CD, Docker, Git, Kubernetes",72000,94000,RUB
101644,2024-04-22,Data Scientist,Middle,Краснодар,Гибрид,Крупная (1000+),"Git, Pandas, SQL",43000,55000,RUB
100911,2024-04-22,Backend Developer,Junior,Санкт-Петербург,Удалённо,Стартап (<50),"Docker, Git, Java, Kubernetes, PostgreSQL, REST API",37000,50000,RUB
102682,2024-04-23,Mobile Developer,Lead,Нижний Новгород,Гибрид,Крупная (1000+),"Git, REST API, Swift",149000,190000,RUB
100459,2024-04-23,Backend Developer,Senior,Москва,Офис,Стартап (<50),"Git, PostgreSQL, Python, REST API, SQL",115000,133000,RUB
100105,2024-04-23,Full-stack Developer,Middle,Удалённо (Россия),Гибрид,Малая (50-250),"Docker, Git, JavaScript, Node.js, React, SQL",102000,131000,RUB
100770,2024-04-24,ML Engineer,Senior,Москва,Гибрид,Крупная (1000+),"Docker, Git, Kubernetes, MLflow, PyTorch, TensorFlow",207000,248000,RUB
101335,2024-04-24,Product Manager,Middle,Екатеринбург,Удалённо,Малая (50-250),"Agile, Analytics, Confluence, Git, Jira, SQL",68000,84000,RUB
105427,2024-04-24,Backend Developer,Senior,Москва,Офис,Малая (50-250),"Docker, Git, PostgreSQL, Python",130000,151000,RUB
102840,2024-04-24,Product Manager,Senior,Краснодар,Удалённо,Малая (50-250),"Agile, Analytics, Confluence, Jira",87000,101000,RUB
105179,2024-04-24,Frontend Developer,Middle,Екатеринбург,Гибрид,Малая (50-250),"CSS, Git, HTML, JavaScript, React, TypeScript",60000,79000,RUB
100681,2024-04-24,Frontend Developer,Senior,Нижний Новгород,Офис,Крупная (1000+),"CSS, Git, HTML, React",93000,125000,RUB
101658,2024-04-24,Backend Developer,Middle,Санкт-Петербург,Гибрид,Малая (50-250),"Git, PostgreSQL, Python, REST API, SQL",95000,128000,RUB
104331,2024-04-24,DevOps Engineer,Middle,Москва,Гибрид,Стартап (<50),"AWS, CI/CD, Docker, Git, Linux, Terraform",109000,147000,RUB
103163,2024-04-24,Product Manager,Middle,Казань,Офис,Крупная (1000+),"Agile, Analytics, Confluence, Git, Jira, SQL",68000,84000,RUB
105058,2024-04-25,Frontend Developer,Lead,Новосибирск,Удалённо,Средняя (250-1000),"Git, JavaScript, React, TypeScript",121000,163000,RUB
105460,2024-04-25,Frontend Developer,Junior,Удалённо (Россия),Гибрид,Малая (50-250),"CSS, Git, HTML, React",47000,61000,RUB
103096,2024-04-25,System Analyst,Middle,Москва,Офис,Стартап (<50),"BPMN, Confluence, Git, Jira",73000,89000,RUB
103655,2024-04-25,QA Engineer,Senior,Новосибирск,Удалённо,Стартап (<50),"Git, Manual Testing, Selenium",67000,85000,RUB
102387,2024-04-25,Mobile Developer,Middle,Москва,Офис,Малая (50-250),"Git, Kotlin, REST API, SQL, Swift",63000,83000,RUB
105001,2024-04-25,ML Engineer,Middle,Казань,Офис,Средняя (250-1000),"Git, MLflow, TensorFlow",66000,85000,RUB
105801,2024-04-25,QA Engineer,Senior,Екатеринбург,Офис,Стартап (<50),"Git, Manual Testing, Postman, SQL",57000,73000,RUB
102896,2024-04-25,Backend Developer,Senior,Удалённо (Россия),Гибрид,Стартап (<50),"Git, Java, Kubernetes, Python, REST API",108000,132000,RUB
102895,2024-04-25,DevOps Engineer,Senior,Санкт-Петербург,Гибрид,Стартап (<50),"AWS, CI/CD, Git, Linux, Terraform",147000,183000,RUB
103356,2024-04-26,Mobile Developer,Junior,Екатеринбург,Гибрид,Малая (50-250),"Git, Kotlin, REST API, SQL, Swift",30000,40000,RUB
100586,2024-04-26,Backend Developer,Junior,Удалённо (Россия),Офис,Средняя (250-1000),"Git, PostgreSQL, Python, REST API",53000,61000,RUB
104765,2024-04-26,Backend Developer,Middle,Новосибирск,Офис,Малая (50-250),"Docker, Git, Java, PostgreSQL, REST API",65000,83000,RUB
105966,2024-04-26,Data Engineer,Middle,Новосибирск,Гибрид,Малая (50-250),"Airflow, Docker, Git, Kafka, SQL",63000,83000,RUB
101640,2024-04-26,ML Engineer,Middle,Новосибирск,Удалённо,Малая (50-250),"Docker, Git, Kubernetes, MLflow, Python, TensorFlow",102000,137000,RUB
102380,2024-04-26,ML Engineer,Senior,Новосибирск,Удалённо,Малая (50-250),"Git, MLflow, Python, TensorFlow",96000,123000,RUB
102928,2024-04-26,Data Analyst,Senior,Москва,Гибрид,Средняя (250-1000),"Excel, Power BI, SQL, Tableau",124000,148000,RUB
102523,2024-04-26,Backend Developer,Middle,Москва,Удалённо,Стартап (<50),"Docker, Git, Java, Kubernetes, PostgreSQL, Python",89000,112000,RUB
101309,2024-04-26,Backend Developer,Middle,Москва,Офис,Малая (50-250),"Git, Java, PostgreSQL, REST API, SQL",95000,120000,RUB
102551,2024-04-27,Data Analyst,Middle,Москва,Гибрид,Стартап (<50),"Excel, Git, SQL, Tableau",86000,115000,RUB
103176,2024-04-27,ML Engineer,Middle,Москва,Офис,Малая (50-250),"Docker, Git, Kubernetes, MLflow, PyTorch, Python",111000,146000,RUB
101411,2024-04-27,QA Engineer,Junior,Удалённо (Россия),Офис,Малая (50-250),"Git, Manual Testing, Postman, Python, Selenium",32000,41000,RUB
100030,2024-04-27,Mobile Developer,Middle,Москва,Гибрид,Малая (50-250),"Git, Kotlin, REST API, SQL, Swift",90000,106000,RUB
102359,2024-04-27,DevOps Engineer,Senior,Удалённо (Россия),Офис,Средняя (250-1000),"AWS, Docker, Git, Kubernetes, Linux, Terraform",142000,178000,RUB
105856,2024-04-27,Full-stack Developer,Senior,Екатеринбург,Гибрид,Средняя (250-1000),"Docker, Git, Node.js",124000,152000,RUB
104737,2024-04-28,Backend Developer,Junior,Москва,Гибрид,Стартап (<50),"Docker, Git, PostgreSQL, Python, SQL",48000,58000,RUB
103234,2024-04-28,Full-stack Developer,Senior,Москва,Офис,Малая (50-250),"Docker, Git, SQL",158000,196000,RUB
101751,2024-04-28,Data Analyst,Middle,Москва,Удалённо,Стартап (<50),"Git, Python, SQL, Tableau",79000,104000,RUB
104510,2024-04-28,QA Engineer,Junior,Краснодар,Гибрид,Крупная (1000+),"Git, Manual Testing, Postman, Python, SQL, Selenium",30000,39000,RUB
105569,2024-04-28,Data Scientist,Middle,Екатеринбург,Гибрид,Стартап (<50),"Git, PyTorch, Scikit-learn, Statistics",61000,75000,RUB
103714,2024-04-28,Data Scientist,Senior,Краснодар,Удалённо,Средняя (250-1000),"Docker, Git, Pandas, Scikit-learn",105000,133000,RUB
104723,2024-04-28,Product Manager,Lead,Санкт-Петербург,Офис,Крупная (1000+),"Agile, Analytics, Confluence, Git, Jira",203000,257000,RUB
103745,2024-04-28,Data Analyst,Senior,Удалённо (Россия),Гибрид,Малая (50-250),"Excel, Git, SQL",147000,193000,RUB
102093,2024-04-28,Data Engineer,Senior,Москва,Офис,Малая (50-250),"Airflow, ClickHouse, Docker, Git, Kafka, Python, Spark",183000,232000,RUB
102667,2024-04-29,Data Analyst,Junior,Новосибирск,Удалённо,Стартап (<50),"Git, Python, SQL",30000,36000,RUB
100350,2024-04-29,Backend Developer,Junior,Нижний Новгород,Офис,Стартап (<50),"Docker, PostgreSQL, Python",30000,36000,RUB
105759,2024-04-29,Mobile Developer,Senior,Москва,Офис,Крупная (1000+),"Git, Kotlin, SQL, Swift",190000,222000,RUB
103496,2024-04-29,Product Manager,Senior,Санкт-Петербург,Офис,Малая (50-250),"Analytics, Confluence, Git, SQL",113000,140000,RUB
103890,2024-04-29,Data Analyst,Junior,Новосибирск,Офис,Крупная (1000+),"Excel, Git, Power BI, Python, SQL, Tableau",31000,41000,RUB
105013,2024-04-29,Data Scientist,Junior,Казань,Гибрид,Малая (50-250),"Docker, Git, Pandas, Python, Scikit-learn",30000,39000,RUB
102985,2024-04-29,Full-stack Developer,Senior,Удалённо (Россия),Гибрид,Крупная (1000+),"Docker, Git, JavaScript, React, SQL",142000,165000,RUB
105784,2024-04-30,System Analyst,Senior,Нижний Новгород,Удалённо,Малая (50-250),"Confluence, Git, Jira, UML",79000,103000,RUB
100391,2024-04-30,QA Engineer,Junior,Санкт-Петербург,Гибрид,Стартап (<50),"Git, Manual Testing, Postman, Python, SQL, Selenium",30000,39000,RUB
100426,2024-04-30,Data Analyst,Junior,Нижний Новгород,Гибрид,Малая (50-250),"Excel, Git, Power BI, Python, SQL, Tableau",30000,36000,RUB
105238,2024-04-30,DevOps Engineer,Junior,Москва,Гибрид,Малая (50-250),"AWS, Docker, Git, Kubernetes, Linux",68000,89000,RUB
105790,2024-04-30,System Analyst,Middle,Екатеринбург,Офис,Стартап (<50),"BPMN, Confluence, Git, Jira, SQL, UML",38000,51000,RUB
101487,2024-04-30,Backend Developer,Senior,Санкт-Петербург,Офис,Малая (50-250),"Git, Java, Kubernetes, REST API",127000,162000,RUB
105979,2024-04-30,Data Scientist,Senior,Санкт-Петербург,Гибрид,Средняя (250-1000),"Docker, PyTorch, Python, Scikit-learn, Statistics",145000,181000,RUB
104584,2024-04-30,Mobile Developer,Middle,Санкт-Петербург,Удалённо,Малая (50-250),"Git, REST API, SQL, Swift",97000,125000,RUB
104609,2024-05-01,Data Engineer,Middle,Санкт-Петербург,Гибрид,Крупная (1000+),"Airflow, Docker, Git, Kafka, Spark",93000,107000,RUB
105562,2024-05-01,Frontend Developer,Middle,Екатеринбург,Офис,Стартап (<50),"CSS, Git, HTML, JavaScript, React",43000,49000,RUB
103625,2024-05-01,DevOps Engineer,Senior,Удалённо (Россия),Офис,Средняя (250-1000),"CI/CD, Git, Linux",166000,202000,RUB
102839,2024-05-01,DevOps Engineer,Lead,Санкт-Петербург,Удалённо,Средняя (250-1000),"CI/CD, Docker, Git, Linux",263000,309000,RUB
101745,2024-05-01,Data Engineer,Senior,Санкт-Петербург,Гибрид,Малая (50-250),"ClickHouse, Docker, Git, Python, Spark",165000,206000,RUB
101838,2024-05-01,QA Engineer,Middle,Москва,Гибрид,Стартап (<50),"Git, Manual Testing, Postman, Python, SQL, Selenium",59000,71000,RUB
100390,2024-05-01,Backend Developer,Junior,Краснодар,Офис,Средняя (250-1000),"Git, Java, Kubernetes, PostgreSQL, Python, SQL",30000,38000,RUB
105081,2024-05-01,QA Engineer,Junior,Удалённо (Россия),Гибрид,Средняя (250-1000),"Git, Manual Testing, Postman, Python, SQL",39000,46000,RUB
104300,2024-05-01,Data Scientist,Junior,Удалённо (Россия),Удалённо,Малая (50-250),"Docker, Git, Pandas, PyTorch, SQL",58000,76000,RUB
103723,2024-05-01,Product Manager,Junior,Нижний Новгород,Офис,Стартап (<50),"Analytics, Git, Jira",30000,35000,RUB
102631,2024-05-01,Data Analyst,Junior,Санкт-Петербург,Офис,Крупная (1000+),"Excel, Git, Tableau",39000,48000,RUB
103342,2024-05-01,DevOps Engineer,Middle,Санкт-Петербург,Удалённо,Стартап (<50),"AWS, CI/CD, Docker, Kubernetes, Terraform",78000,100000,RUB
102574,2024-05-01,Data Engineer,Junior,Санкт-Петербург,Офис,Средняя (250-1000),"ClickHouse, Docker, Git, SQL",55000,64000,RUB
103450,2024-05-01,Backend Developer,Senior,Удалённо (Россия),Гибрид,Средняя (250-1000),"Docker, Git, Java, REST API",148000,182000,RUB
103804,2024-05-02,Data Engineer,Senior,Екатеринбург,Офис,Стартап (<50),"Airflow, Docker, Git, Kafka, Python, SQL, Spark",97000,124000,RUB
101443,2024-05-02,Data Analyst,Middle,Нижний Новгород,Удалённо,Средняя (250-1000),"Excel, Git, Python, Tableau",57000,74000,RUB
102650,2024-05-02,System Analyst,Middle,Казань,Гибрид,Стартап (<50),"Git, SQL, UML",41000,54000,RUB
101906,2024-05-02,QA Engineer,Lead,Новосибирск,Офис,Стартап (<50),"Git, Python, SQL, Selenium",85000,114000,RUB
101290,2024-05-02,Backend Developer,Senior,Новосибирск,Офис,Крупная (1000+),"Docker, Git, PostgreSQL, Python, REST API",98000,118000,RUB
103969,2024-05-02,System Analyst,Junior,Казань,Гибрид,Стартап (<50),"Git, Jira, SQL, UML",30000,36000,RUB
105683,2024-05-02,Product Manager,Senior,Москва,Гибрид,Крупная (1000+),"Agile, Analytics, Confluence, Git, SQL",217000,274000,RUB
100613,2024-05-02,Frontend Developer,Middle,Нижний Новгород,Гибрид,Средняя (250-1000),"CSS, Git, HTML, JavaScript, React, TypeScript",48000,64000,RUB
101121,2024-05-02,QA Engineer,Senior,Москва,Гибрид,Средняя (250-1000),"Git, Manual Testing, Postman, Selenium",130000,154000,RUB
103185,2024-05-03,System Analyst,Junior,Новосибирск,Гибрид,Крупная (1000+),"BPMN, Confluence, Git, Jira, SQL, UML",36000,41000,RUB
102501,2024-05-03,Frontend Developer,Junior,Краснодар,Удалённо,Стартап (<50),"CSS, Git, HTML, React",30000,37000,RUB
101108,2024-05-03,ML Engineer,Middle,Москва,Удалённо,Крупная (1000+),"Docker, Git, Python, TensorFlow",140000,166000,RUB
102833,2024-05-03,Backend Developer,Senior,Новосибирск,Офис,Средняя (250-1000),"Git, Python, REST API, SQL",115000,138000,RUB
102352,2024-05-03,ML Engineer,Senior,Нижний Новгород,Офис,Малая (50-250),"Docker, Git, Kubernetes, MLflow, PyTorch, TensorFlow",102000,130000,RUB
103696,2024-05-03,Product Manager,Junior,Удалённо (Россия),Гибрид,Крупная (1000+),"Agile, Confluence, Git, SQL",55000,69000,RUB
101169,2024-05-03,QA Engineer,Middle,Удалённо (Россия),Гибрид,Малая (50-250),"Git, Manual Testing, Postman, Python, SQL, Selenium",59000,77000,RUB
105577,2024-05-03,Mobile Developer,Senior,Санкт-Петербург,Удалённо,Стартап (<50),"Git, Kotlin, REST API, SQL",153000,187000,RUB
101238,2024-05-03,Full-stack Developer,Senior,Екатеринбург,Офис,Крупная (1000+),"Docker, Git, JavaScript, React, SQL",112000,146000,RUB
105714,2024-05-04,QA Engineer,Junior,Санкт-Петербург,Офис,Средняя (250-1000),"Git, Manual Testing, Postman, Python, SQL, Selenium",30000,38000,RUB
102363,2024-05-04,ML Engineer,Middle,Краснодар,Гибрид,Крупная (1000+),"Docker, Git, Kubernetes, MLflow, PyTorch, Python, TensorFlow",68000,83000,RUB
101857,2024-05-04,Data Scientist,Senior,Нижний Новгород,Гибрид,Крупная (1000+),"Git, Pandas, Python, SQL, Scikit-learn, Statistics",130000,156000,RUB
100101,2024-05-04,Product Manager,Middle,Екатеринбург,Гибрид,Малая (50-250),"Agile, Analytics, Confluence, Git",76000,96000,RUB
102440,2024-05-04,Backend Developer,Middle,Москва,Удалённо,Малая (50-250),"Docker, Git, Java, Kubernetes, PostgreSQL, REST API, SQL",88000,108000,RUB
105626,2024-05-04,QA Engineer,Senior,Санкт-Петербург,Удалённо,Малая (50-250),"Git, Manual Testing, SQL, Selenium",86000,113000,RUB
103006,2024-05-05,ML Engineer,Senior,Санкт-Петербург,Офис,Стартап (<50),"Git, Kubernetes, MLflow, PyTorch, Python, TensorFlow",153000,195000,RUB
105423,2024-05-05,Frontend Developer,Junior,Москва,Удалённо,Крупная (1000+),"CSS, Git, JavaScript, React, TypeScript",48000,63000,RUB
103233,2024-05-05,ML Engineer,Middle,Удалённо (Россия),Удалённо,Стартап (<50),"Git, Kubernetes, MLflow, PyTorch, TensorFlow",96000,123000,RUB
105958,2024-05-05,Data Analyst,Senior,Удалённо (Россия),Удалённо,Стартап (<50),"Excel, Git, Power BI, Python, SQL, Tableau",119000,155000,RUB
105168,2024-05-05,QA Engineer,Senior,Санкт-Петербург,Гибрид,Крупная (1000+),"Git, SQL, Selenium",113000,134000,RUB
105072,2024-05-06,ML Engineer,Junior,Москва,Офис,Крупная (1000+),"Docker, Git, Kubernetes, MLflow, PyTorch, Python",81000,106000,RUB
102485,2024-05-06,ML Engineer,Junior,Удалённо (Россия),Гибрид,Средняя (250-1000),"Git, MLflow, Python",62000,76000,RUB
100067,2024-05-06,Data Analyst,Senior,Москва,Удалённо,Малая (50-250),"Git, Power BI, Python, SQL, Tableau",145000,194000,RUB
102213,2024-05-06,Full-stack Developer,Junior,Удалённо (Россия),Гибрид,Стартап (<50),"Docker, Git, React",47000,61000,RUB
102669,2024-05-06,Full-stack Developer,Middle,Удалённо (Россия),Офис,Стартап (<50),"Git, JavaScript, React, SQL",84000,107000,RUB
101000,2024-05-06,Backend Developer,Lead,Удалённо (Россия),Офис,Крупная (1000+),"Docker, Git, Java, Kubernetes, PostgreSQL, Python",214000,276000,RUB
101924,2024-05-06,Mobile Developer,Junior,Удалённо (Россия),Офис,Стартап (<50),"Git, Kotlin, REST API, SQL, Swift",41000,49000,RUB
101150,2024-05-07,Data Analyst,Junior,Новосибирск,Удалённо,Средняя (250-1000),"Excel, Git, Power BI, Tableau",34000,46000,RUB
105634,2024-05-07,DevOps Engineer,Middle,Удалённо (Россия),Гибрид,Средняя (250-1000),"AWS, Docker, Git, Linux",107000,130000,RUB
105635,2024-05-07,QA Engineer,Middle,Нижний Новгород,Гибрид,Средняя (250-1000),"Git, Manual Testing, Postman, Python, Selenium",49000,58000,RUB
101929,2024-05-07,QA Engineer,Senior,Удалённо (Россия),Гибрид,Стартап (<50),"Manual Testing, Postman, Python, Selenium",98000,129000,RUB
103230,2024-05-07,Backend Developer,Junior,Москва,Гибрид,Стартап (<50),"Docker, Kubernetes, REST API, SQL",43000,53000,RUB
101458,2024-05-07,Data Scientist,Lead,Москва,Удалённо,Средняя (250-1000),"Git, Pandas, PyTorch, SQL, Statistics",218000,279000,RUB
104747,2024-05-07,Data Scientist,Senior,Москва,Гибрид,Средняя (250-1000),"Docker, Git, PyTorch, Python, Statistics",209000,259000,RUB
100428,2024-05-08,Full-stack Developer,Junior,Москва,Гибрид,Малая (50-250),"Docker, Git, Node.js, React, SQL",55000,69000,RUB
102604,2024-05-08,Frontend Developer,Junior,Санкт-Петербург,Офис,Крупная (1000+),"CSS, Git, HTML, JavaScript, React, TypeScript",41000,48000,RUB
105474,2024-05-08,Data Scientist,Middle,Санкт-Петербург,Гибрид,Средняя (250-1000),"Docker, Git, Pandas, Python, SQL, Statistics",88000,102000,RUB
102987,2024-05-08,Data Analyst,Middle,Новосибирск,Гибрид,Крупная (1000+),"Git, Power BI, Python, SQL",44000,56000,RUB
100571,2024-05-08,Frontend Developer,Senior,Москва,Офис,Средняя (250-1000),"CSS, Git, HTML, JavaScript, React, TypeScript",150000,200000,RUB
104093,2024-05-08,Data Engineer,Junior,Москва,Гибрид,Стартап (<50),"Airflow, Docker, Git, Spark",56000,68000,RUB
100151,2024-05-08,Mobile Developer,Junior,Новосибирск,Офис,Средняя (250-1000),"Git, REST API, Swift",38000,46000,RUB
101485,2024-05-08,Full-stack Developer,Junior,Краснодар,Гибрид,Стартап (<50),"Docker, Git, JavaScript, Node.js, React",30000,38000,RUB
101020,2024-05-09,Backend Developer,Middle,Краснодар,Офис,Крупная (1000+),"Docker, Git, Java, PostgreSQL, Python",52000,62000,RUB
101016,2024-05-09,Data Scientist,Middle,Новосибирск,Офис,Средняя (250-1000),"Git, Python, SQL, Statistics",91000,118000,RUB
103197,2024-05-09,Data Engineer,Senior,Москва,Гибрид,Стартап (<50),"Airflow, ClickHouse, Git, Python, SQL, Spark",148000,184000,RUB
101398,2024-05-09,ML Engineer,Senior,Москва,Офис,Стартап (<50),"Git, Kubernetes, PyTorch",218000,281000,RUB
102109,2024-05-09,DevOps Engineer,Junior,Удалённо (Россия),Удалённо,Средняя (250-1000),"AWS, Docker, Git, Kubernetes, Linux, Terraform",59000,74000,RUB
103908,2024-05-09,Product Manager,Senior,Нижний Новгород,Гибрид,Стартап (<50),"Git, Jira, SQL",86000,110000,RUB
101948,2024-05-10,Product Manager,Middle,Нижний Новгород,Офис,Средняя (250-1000),"Agile, Analytics, Confluence, Git, SQL",65000,85000,RUB
104181,2024-05-10,ML Engineer,Middle,Санкт-Петербург,Офис,Стартап (<50),"Docker, Git, PyTorch, Python, TensorFlow",85000,112000,RUB
102490,2024-05-10,Data Analyst,Senior,Новосибирск,Гибрид,Малая (50-250),"Git, Python, SQL, Tableau",97000,122000,RUB
101704,2024-05-10,Data Scientist,Middle,Казань,Офис,Стартап (<50),"Git, Pandas, PyTorch, SQL, Scikit-learn, Statistics",60000,72000,RUB
104436,2024-05-10,Mobile Developer,Middle,Екатеринбург,Гибрид,Крупная (1000+),"Git, Kotlin, REST API",65000,87000,RUB
100305,2024-05-10,Data Analyst,Middle,Москва,Удалённо,Крупная (1000+),"Git, Power BI, Python, SQL",110000,148000,RUB
105055,2024-05-10,QA Engineer,Middle,Удалённо (Россия),Офис,Стартап (<50),"Git, Manual Testing, Postman, Python, SQL",46000,59000,RUB
103079,2024-05-10,Mobile Developer,Middle,Новосибирск,Удалённо,Крупная (1000+),"Git, Kotlin, REST API, SQL, Swift",65000,78000,RUB
105939,2024-05-10,Mobile Developer,Junior,Москва,Офис,Малая (50-250),"Git, Kotlin, REST API, SQL, Swift",50000,58000,RUB
103247,2024-05-11,QA Engineer,Junior,Новосибирск,Удалённо,Крупная (1000+),"Git, Manual Testing, Postman, Python, SQL, Selenium",30000,39000,RUB
101445,2024-05-11,Product Manager,Senior,Удалённо (Россия),Удалённо,Стартап (<50),"Agile, Confluence, Git, Jira, SQL",185000,231000,RUB
104928,2024-05-11,Product Manager,Senior,Удалённо (Россия),Офис,Средняя (250-1000),"Agile, Analytics, Confluence, Git, Jira, SQL",133000,158000,RUB
103642,2024-05-11,DevOps Engineer,Middle,Краснодар,Офис,Крупная (1000+),"AWS, CI/CD, Docker, Git, Kubernetes, Linux, Terraform",62000,72000,RUB
105380,2024-05-11,QA Engineer,Junior,Удалённо (Россия),Удалённо,Стартап (<50),"Git, Manual Testing, Postman, SQL, Selenium",35000,43000,RUB
104161,2024-05-11,Full-stack Developer,Middle,Москва,Удалённо,Малая (50-250),"Docker, Git, JavaScript, Node.js, React, SQL",110000,146000,RUB
102676,2024-05-11,QA Engineer,Middle,Краснодар,Удалённо,Малая (50-250),"Git, Manual Testing, Postman, Python, SQL, Selenium",37000,48000,RUB
100921,2024-05-11,Data Engineer,Middle,Москва,Удалённо,Крупная (1000+),"Airflow, Git, Kafka, Spark",128000,156000,RUB
103707,2024-05-11,Frontend Developer,Junior,Новосибирск,Офис,Малая (50-250),"CSS, HTML, JavaScript, React, TypeScript",30000,40000,RUB
104010,2024-05-12,Frontend Developer,Middle,Удалённо (Россия),Офис,Крупная (1000+),"CSS, JavaScript, React, TypeScript",71000,83000,RUB
103011,2024-05-12,Mobile Developer,Senior,Нижний Новгород,Удалённо,Стартап (<50),"Git, Kotlin, REST API, SQL, Swift",82000,108000,RUB
104620,2024-05-12,Product Manager,Middle,Казань,Офис,Стартап (<50),"Agile, Confluence, Git, Jira, SQL",54000,63000,RUB
100254,2024-05-13,Data Scientist,Middle,Удалённо (Россия),Удалённо,Малая (50-250),"Docker, Git, PyTorch, SQL, Scikit-learn, Statistics",109000,128000,RUB
105702,2024-05-13,Data Analyst,Middle,Удалённо (Россия),Удалённо,Крупная (1000+),"Excel, Git, SQL, Tableau",59000,75000,RUB
102466,2024-05-13,Data Scientist,Junior,Удалённо (Россия),Гибрид,Средняя (250-1000),"Git, PyTorch, Python, SQL, Scikit-learn, Statistics",58000,74000,RUB
105799,2024-05-13,Backend Developer,Senior,Удалённо (Россия),Гибрид,Крупная (1000+),"Git, Kubernetes, Python, REST API, SQL",170000,225000,RUB
101525,2024-05-13,Backend Developer,Junior,Санкт-Петербург,Удалённо,Средняя (250-1000),"Git, Java, Kubernetes, PostgreSQL, Python",55000,65000,RUB
102405,2024-05-13,Data Engineer,Lead,Москва,Удалённо,Средняя (250-1000),"ClickHouse, Docker, Git, Kafka, Spark",248000,310000,RUB
101626,2024-05-14,Frontend Developer,Middle,Краснодар,Офис,Малая (50-250),"CSS, Git, HTML, JavaScript, React, TypeScript",41000,51000,RUB
105212,2024-05-14,ML Engineer,Middle,Москва,Удалённо,Средняя (250-1000),"Docker, Git, Kubernetes, MLflow, PyTorch, Python, TensorFlow",112000,151000,RUB
104909,2024-05-14,Product Manager,Middle,Нижний Новгород,Гибрид,Крупная (1000+),"Agile, Analytics, Confluence, Git, Jira, SQL",63000,83000,RUB
101867,2024-05-14,ML Engineer,Senior,Москва,Гибрид,Стартап (<50),"Docker, Git, Kubernetes, Python",171000,199000,RUB
104303,2024-05-14,Full-stack Developer,Senior,Москва,Гибрид,Малая (50-250),"Docker, Git, JavaScript, React, SQL",134000,162000,RUB
104512,2024-05-14,Data Engineer,Middle,Удалённо (Россия),Гибрид,Средняя (250-1000),"Airflow, ClickHouse, Git, Python, SQL, Spark",84000,100000,RUB
100103,2024-05-14,ML Engineer,Senior,Санкт-Петербург,Удалённо,Стартап (<50),"Docker, Git, Kubernetes, MLflow, PyTorch",174000,234000,RUB
101900,2024-05-15,DevOps Engineer,Junior,Нижний Новгород,Гибрид,Крупная (1000+),"Docker, Git, Linux, Terraform",36000,43000,RUB
102481,2024-05-15,Product Manager,Senior,Москва,Офис,Крупная (1000+),"Analytics, Confluence, Git, Jira",208000,249000,RUB
103385,2024-05-15,Backend Developer,Junior,Москва,Гибрид,Малая (50-250),"Git, Java, Kubernetes",53000,68000,RUB
101572,2024-05-15,Data Engineer,Junior,Москва,Офис,Стартап (<50),"Docker, Git, Kafka, Python, SQL",43000,54000,RUB
101373,2024-05-15,Mobile Developer,Junior,Удалённо (Россия),Офис,Малая (50-250),"Git, Kotlin, SQL, Swift",49000,65000,RUB
101933,2024-05-15,Mobile Developer,Senior,Санкт-Петербург,Удалённо,Крупная (1000+),"Git, Kotlin, REST API, SQL, Swift",126000,159000,RUB
104818,2024-05-15,Mobile Developer,Junior,Новосибирск,Офис,Малая (50-250),"Git, Kotlin, REST API, SQL, Swift",31000,39000,RUB
103778,2024-05-16,Data Analyst,Junior,Удалённо (Россия),Удалённо,Крупная (1000+),"Excel, Git, Power BI, SQL",44000,59000,RUB
103652,2024-05-16,QA Engineer,Senior,Казань,Удалённо,Средняя (250-1000),"Git, Python, Selenium",77000,91000,RUB
104192,2024-05-16,Data Scientist,Senior,Краснодар,Удалённо,Средняя (250-1000),"PyTorch, Scikit-learn, Statistics",120000,162000,RUB
104458,2024-05-16,Product Manager,Senior,Москва,Гибрид,Крупная (1000+),"Agile, Analytics, Confluence, Git, Jira, SQL",228000,284000,RUB
100393,2024-05-16,ML Engineer,Junior,Москва,Гибрид,Стартап (<50),"Docker, Git, Kubernetes, MLflow, PyTorch, TensorFlow",67000,84000,RUB
105877,2024-05-16,ML Engineer,Junior,Москва,Гибрид,Крупная (1000+),"Docker, Git, Kubernetes, PyTorch, Python, TensorFlow",65000,87000,RUB
103689,2024-05-16,Product Manager,Senior,Новосибирск,Гибрид,Стартап (<50),"Agile, Git, Jira, SQL",110000,136000,RUB
103344,2024-05-16,Data Engineer,Senior,Казань,Удалённо,Малая (50-250),"ClickHouse, Git, Kafka, Spark",127000,166000,RUB
102053,2024-05-16,Data Scientist,Lead,Москва,Гибрид,Малая (50-250),"Docker, Git, Pandas, PyTorch, Python, Statistics",179000,217000,RUB
100920,2024-05-16,DevOps Engineer,Middle,Казань,Офис,Стартап (<50),"Docker, Git, Kubernetes, Terraform",58000,68000,RUB
102662,2024-05-16,Mobile Developer,Middle,Москва,Гибрид,Крупная (1000+),"Git, SQL, Swift",104000,128000,RUB
105736,2024-05-16,Backend Developer,Lead,Екатеринбург,Офис,Средняя (250-1000),"Git, Java, Kubernetes, PostgreSQL, REST API, SQL",159000,194000,RUB
102117,2024-05-17,Mobile Developer,Junior,Удалённо (Россия),Гибрид,Крупная (1000+),"Git, SQL, Swift",49000,62000,RUB
102555,2024-05-17,Backend Developer,Junior,Санкт-Петербург,Гибрид,Стартап (<50),"Git, PostgreSQL, Python, REST API",50000,64000,RUB
104106,2024-05-17,Full-stack Developer,Junior,Москва,Гибрид,Средняя (250-1000),"Docker, Git, Node.js, React",48000,64000,RUB
100708,2024-05-18,System Analyst,Senior,Краснодар,Офис,Средняя (250-1000),"BPMN, Confluence, Git, Jira, SQL, UML",84000,104000,RUB
102287,2024-05-18,System Analyst,Junior,Москва,Офис,Средняя (250-1000),"BPMN, Confluence, Jira, SQL, UML",41000,54000,RUB
100797,2024-05-18,System Analyst,Middle,Удалённо (Россия),Офис,Крупная (1000+),"BPMN, Confluence, Git, Jira, SQL, UML",77000,102000,RUB
104903,2024-05-18,System Analyst,Lead,Нижний Новгород,Удалённо,Средняя (250-1000),"BPMN, Git, UML",118000,146000,RUB
101851,2024-05-18,Data Scientist,Junior,Удалённо (Россия),Удалённо,Крупная (1000+),"Docker, Git, PyTorch, Python",59000,75000,RUB
101901,2024-05-18,Data Scientist,Middle,Екатеринбург,Офис,Стартап (<50),"Git, Pandas, Python, Scikit-learn, Statistics",77000,101000,RUB
104287,2024-05-19,Full-stack Developer,Junior,Москва,Удалённо,Малая (50-250),"Docker, Git, Node.js, SQL",57000,75000,RUB
100906,2024-05-19,Mobile Developer,Middle,Екатеринбург,Гибрид,Стартап (<50),"Git, Kotlin, SQL, Swift",54000,67000,RUB
103463,2024-05-19,Mobile Developer,Middle,Москва,Офис,Малая (50-250),"Git, Kotlin, REST API, SQL, Swift",90000,110000,RUB
101764,2024-05-19,Frontend Developer,Middle,Казань,Гибрид,Малая (50-250),"CSS, Git, HTML, JavaScript, React, TypeScript",51000,67000,RUB
101808,2024-05-19,Frontend Developer,Senior,Удалённо (Россия),Офис,Крупная (1000+),"CSS, Git, JavaScript",126000,166000,RUB
101746,2024-05-19,Data Analyst,Junior,Москва,Гибрид,Малая (50-250),"Excel, Git, Power BI, Python, SQL",54000,68000,RUB
100579,2024-05-20,DevOps Engineer,Lead,Новосибирск,Офис,Крупная (1000+),"AWS, Docker, Kubernetes, Linux, Terraform",148000,190000,RUB
105519,2024-05-20,QA Engineer,Junior,Краснодар,Офис,Малая (50-250),"Git, Manual Testing, Postman, Python, SQL, Selenium",30000,38000,RUB
101447,2024-05-20,Full-stack Developer,Middle,Москва,Удалённо,Средняя (250-1000),"Docker, Git, Node.js, SQL",94000,115000,RUB
101915,2024-05-20,Full-stack Developer,Senior,Санкт-Петербург,Гибрид,Средняя (250-1000),"Git, JavaScript, Node.js, React, SQL",165000,219000,RUB
104676,2024-05-20,Full-stack Developer,Junior,Москва,Гибрид,Стартап (<50),"Docker, Git, React, SQL",46000,53000,RUB
105631,2024-05-20,Frontend Developer,Lead,Нижний Новгород,Удалённо,Крупная (1000+),"CSS, Git, HTML, JavaScript, React, TypeScript",114000,142000,RUB
105053,2024-05-21,QA Engineer,Junior,Казань,Удалённо,Крупная (1000+),"Manual Testing, Postman, Python, SQL, Selenium",30000,37000,RUB
102684,2024-05-21,Data Analyst,Junior,Удалённо (Россия),Удалённо,Крупная (1000+),"Excel, Git, Power BI, Tableau",40000,48000,RUB
100550,2024-05-21,QA Engineer,Junior,Нижний Новгород,Офис,Стартап (<50),"Git, Manual Testing, Postman, Python, SQL, Selenium",30000,39000,RUB
101434,2024-05-21,ML Engineer,Junior,Екатеринбург,Гибрид,Стартап (<50),"Docker, Git, Kubernetes, MLflow, PyTorch, TensorFlow",34000,44000,RUB
100020,2024-05-21,Data Analyst,Junior,Москва,Офис,Стартап (<50),"Git, Power BI, Python, SQL, Tableau",41000,51000,RUB
103940,2024-05-22,Backend Developer,Middle,Удалённо (Россия),Гибрид,Малая (50-250),"Git, PostgreSQL, Python, REST API",77000,99000,RUB
102717,2024-05-22,System Analyst,Middle,Москва,Офис,Малая (50-250),"BPMN, Git, Jira, SQL, UML",80000,100000,RUB
104138,2024-05-22,DevOps Engineer,Senior,Удалённо (Россия),Гибрид,Крупная (1000+),"AWS, Docker, Git, Linux",236000,277000,RUB
102233,2024-05-22,Backend Developer,Senior,Казань,Удалённо,Стартап (<50),"Git, Java, Kubernetes, PostgreSQL, Python, SQL",83000,108000,RUB
105758,2024-05-22,Data Scientist,Junior,Казань,Удалённо,Средняя (250-1000),"Docker, Git, Pandas, PyTorch, Python, Scikit-learn, Statistics",39000,51000,RUB
101090,2024-05-22,DevOps Engineer,Junior,Москва,Гибрид,Малая (50-250),"AWS, CI/CD, Kubernetes, Linux, Terraform",63000,81000,RUB
102759,2024-05-22,QA Engineer,Junior,Москва,Гибрид,Малая (50-250),"Git, Postman, Python, SQL, Selenium",33000,41000,RUB
105281,2024-05-22,ML Engineer,Senior,Санкт-Петербург,Гибрид,Стартап (<50),"Docker, Git, Kubernetes, PyTorch, TensorFlow",151000,195000,RUB
103400,2024-05-23,Product Manager,Junior,Удалённо (Россия),Гибрид,Крупная (1000+),"Agile, Analytics, Confluence, Git, Jira",52000,61000,RUB
103307,2024-05-23,QA Engineer,Middle,Екатеринбург,Удалённо,Малая (50-250),"Manual Testing, Postman, Python, SQL",48000,63000,RUB
104804,2024-05-23,Backend Developer,Lead,Удалённо (Россия),Гибрид,Крупная (1000+),"Docker, Git, Java, Kubernetes, PostgreSQL, SQL",187000,236000,RUB
102775,2024-05-23,Data Engineer,Junior,Москва,Удалённо,Крупная (1000+),"Airflow, ClickHouse, Git, Kafka, Python",73000,97000,RUB
102969,2024-05-23,Data Analyst,Middle,Москва,Удалённо,Малая (50-250),"Excel, Git, Power BI, Python, SQL, Tableau",90000,113000,RUB
101874,2024-05-23,Full-stack Developer,Middle,Москва,Удалённо,Крупная (1000+),"Docker, Git, JavaScript, Node.js, React, SQL",126000,162000,RUB
104978,2024-05-23,Data Scientist,Middle,Екатеринбург,Гибрид,Крупная (1000+),"Git, PyTorch, SQL, Scikit-learn",64000,85000,RUB
100602,2024-05-24,ML Engineer,Lead,Удалённо (Россия),Удалённо,Малая (50-250),"Git, Kubernetes, MLflow, PyTorch, Python, TensorFlow",289000,371000,RUB
101268,2024-05-24,QA Engineer,Middle,Екатеринбург,Гибрид,Малая (50-250),"Git, Manual Testing, Postman, SQL, Selenium",47000,55000,RUB
105454,2024-05-24,Data Analyst,Lead,Санкт-Петербург,Офис,Средняя (250-1000),"Excel, Git, Power BI, SQL, Tableau",165000,205000,RUB
101473,2024-05-24,QA Engineer,Senior,Москва,Гибрид,Средняя (250-1000),"Git, Manual Testing, Postman, Python, SQL, Selenium",118000,153000,RUB
105719,2024-05-24,Mobile Developer,Middle,Москва,Офис,Крупная (1000+),"Git, Kotlin, REST API, SQL, Swift",110000,142000,RUB
102696,2024-05-25,Data Analyst,Junior,Москва,Офис,Крупная (1000+),"Excel, Git, Power BI, SQL, Tableau",51000,63000,RUB
104371,2024-05-25,Mobile Developer,Middle,Москва,Гибрид,Стартап (<50),"Git, Kotlin, REST API, SQL, Swift",71000,93000,RUB
105713,2024-05-26,QA Engineer,Junior,Удалённо (Россия),Гибрид,Малая (50-250),"Git, Postman, Python, SQL, Selenium",32000,42000,RUB
105122,2024-05-26,Backend Developer,Junior,Москва,Удалённо,Средняя (250-1000),"Docker, PostgreSQL, REST API, SQL",61000,74000,RUB
101844,2024-05-26,DevOps Engineer,Senior,Удалённо (Россия),Гибрид,Стартап (<50),"AWS, Docker, Git, Terraform",161000,208000,RUB
100219,2024-05-27,ML Engineer,Senior,Екатеринбург,Офис,Малая (50-250),"Git, Kubernetes, MLflow, PyTorch, Python",110000,127000,RUB
101886,2024-05-27,DevOps Engineer,Junior,Нижний Новгород,Офис,Средняя (250-1000),"AWS, CI/CD, Git, Linux, Terraform",34000,44000,RUB
100465,2024-05-27,Data Engineer,Junior,Санкт-Петербург,Офис,Крупная (1000+),"Airflow, ClickHouse, Docker, Git, Python, SQL",54000,73000,RUB
101062,2024-05-27,Frontend Developer,Lead,Екатеринбург,Удалённо,Средняя (250-1000),"CSS, Git, JavaScript, React, TypeScript",136000,164000,RUB
101015,2024-05-27,Data Engineer,Junior,Удалённо (Россия),Гибрид,Средняя (250-1000),"Airflow, Git, SQL, Spark",60000,74000,RUB
102538,2024-05-27,QA Engineer,Middle,Москва,Офис,Малая (50-250),"Git, Manual Testing, Python, SQL",51000,64000,RUB
101925,2024-05-27,Data Analyst,Junior,Москва,Офис,Средняя (250-1000),"Excel, Git, Python, SQL",34000,44000,RUB
102110,2024-05-27,Product Manager,Senior,Казань,Удалённо,Средняя (250-1000),"Agile, Analytics, Git, Jira, SQL",106000,127000,RUB
103877,2024-05-27,QA Engineer,Middle,Удалённо (Россия),Гибрид,Стартап (<50),"Git, Manual Testing, Postman, Python, SQL",63000,77000,RUB
101204,2024-05-27,QA Engineer,Junior,Москва,Офис,Малая (50-250),"Git, Manual Testing, Postman, Python, Selenium",31000,41000,RUB
105129,2024-05-28,Full-stack Developer,Junior,Нижний Новгород,Офис,Стартап (<50),"Git, JavaScript, Node.js, React, SQL",30000,36000,RUB
101132,2024-05-28,Data Engineer,Middle,Москва,Удалённо,Крупная (1000+),"Airflow, ClickHouse, Git, Python, Spark",135000,169000,RUB
101589,2024-05-28,Frontend Developer,Lead,Удалённо (Россия),Гибрид,Средняя (250-1000),"CSS, Git, JavaScript, React, TypeScript",162000,192000,RUB
105421,2024-05-28,ML Engineer,Junior,Москва,Гибрид,Стартап (<50),"Docker, Git, Kubernetes, MLflow, Python",64000,76000,RUB
105330,2024-05-28,Frontend Developer,Middle,Санкт-Петербург,Офис,Стартап (<50),"CSS, Git, HTML, JavaScript, React, TypeScript",83000,108000,RUB
105445,2024-05-28,Backend Developer,Middle,Москва,Удалённо,Малая (50-250),"Docker, Git, Kubernetes, PostgreSQL, Python, REST API",96000,111000,RUB
102910,2024-05-28,ML Engineer,Junior,Удалённо (Россия),Гибрид,Малая (50-250),"Docker, Git, MLflow, PyTorch, Python, TensorFlow",54000,72000,RUB
102447,2024-05-28,QA Engineer,Senior,Удалённо (Россия),Офис,Стартап (<50),"Git, Manual Testing, Python",82000,101000,RUB
105673,2024-05-28,Data Scientist,Senior,Удалённо (Россия),Офис,Средняя (250-1000),"Docker, Git, Pandas, SQL, Scikit-learn",132000,168000,RUB
102912,2024-05-28,Frontend Developer,Lead,Удалённо (Россия),Офис,Малая (50-250),"CSS, Git, HTML, JavaScript, React, TypeScript",187000,220000,RUB
105456,2024-05-28,Product Manager,Junior,Удалённо (Россия),Удалённо,Средняя (250-1000),"Agile, Analytics, Confluence, Git, Jira, SQL",74000,95000,RUB
104578,2024-05-28,Frontend Developer,Junior,Казань,Офис,Средняя (250-1000),"CSS, Git, HTML, JavaScript, React",30000,38000,RUB
101402,2024-05-29,Frontend Developer,Junior,Москва,Офис,Стартап (<50),"Git, HTML, React",30000,35000,RUB
105718,2024-05-29,QA Engineer,Lead,Новосибирск,Гибрид,Малая (50-250),"Git, Manual Testing, Python, Selenium",102000,130000,RUB
102836,2024-05-29,QA Engineer,Junior,Нижний Новгород,Офис,Малая (50-250),"Git, Manual Testing, Postman, Python, SQL, Selenium",30000,38000,RUB
104470,2024-05-29,Backend Developer,Lead,Краснодар,Офис,Малая (50-250),"Git, Java, Kubernetes, PostgreSQL, Python, REST API, SQL",90000,116000,RUB
101793,2024-05-29,Full-stack Developer,Junior,Удалённо (Россия),Офис,Крупная (1000+),"Git, Node.js, SQL",49000,62000,RUB
105367,2024-05-30,Mobile Developer,Middle,Москва,Офис,Малая (50-250),"Git, Kotlin, REST API, SQL",103000,132000,RUB
103390,2024-05-30,System Analyst,Junior,Москва,Гибрид,Стартап (<50),"BPMN, Git, Jira, SQL, UML",48000,63000,RUB
102917,2024-05-30,System Analyst,Lead,Москва,Офис,Крупная (1000+),"BPMN, Git, UML",208000,263000,RUB
100221,2024-05-30,Frontend Developer,Junior,Санкт-Петербург,Офис,Стартап (<50),"CSS, Git, HTML, JavaScript, React, TypeScript",42000,57000,RUB
103872,2024-05-30,Data Analyst,Senior,Москва,Удалённо,Крупная (1000+),"Excel, Git, Power BI, Python, SQL, Tableau",171000,227000,RUB
103831,2024-05-30,Data Analyst,Senior,Удалённо (Россия),Гибрид,Крупная (1000+),"Git, Power BI, Python, Tableau",146000,195000,RUB
102046,2024-05-30,Product Manager,Junior,Москва,Офис,Малая (50-250),"Agile, Analytics, Confluence, Git, Jira, SQL",73000,98000,RUB
103924,2024-05-31,System Analyst,Senior,Новосибирск,Удалённо,Стартап (<50),"BPMN, Confluence, Git, Jira, SQL, UML",66000,80000,RUB
100621,2024-05-31,Backend Developer,Junior,Удалённо (Россия),Офис,Средняя (250-1000),"Docker, Git, Python, REST API",49000,66000,RUB
101197,2024-05-31,System Analyst,Lead,Санкт-Петербург,Удалённо,Средняя (250-1000),"Confluence, SQL, UML",192000,246000,RUB
105284,2024-05-31,Data Engineer,Junior,Удалённо (Россия),Гибрид,Средняя (250-1000),"Airflow, Git, Kafka, Spark",54000,69000,RUB
100455,2024-05-31,ML Engineer,Senior,Москва,Удалённо,Крупная (1000+),"Docker, Git, Kubernetes, PyTorch, Python, TensorFlow",307000,407000,RUB
103557,2024-05-31,Backend Developer,Junior,Москва,Гибрид,Малая (50-250),"Docker, Git, Java, Kubernetes, Python, REST API",42000,52000,RUB
102071,2024-06-01,Data Scientist,Middle,Москва,Гибрид,Стартап (<50),"Git, Pandas, SQL, Statistics",103000,121000,RUB
103277,2024-06-01,Full-stack Developer,Middle,Москва,Офис,Средняя (250-1000),"Docker, Git, JavaScript, React, SQL",78000,94000,RUB
101552,2024-06-01,Frontend Developer,Middle,Санкт-Петербург,Удалённо,Малая (50-250),"CSS, Git, HTML, JavaScript, React, TypeScript",76000,101000,RUB
102393,2024-06-01,QA Engineer,Junior,Нижний Новгород,Гибрид,Крупная (1000+),"Git, Manual Testing, Postman, Selenium",30000,36000,RUB
104415,2024-06-01,Backend Developer,Middle,Удалённо (Россия),Офис,Стартап (<50),"Docker, Git, Kubernetes, Python",82000,98000,RUB
103842,2024-06-01,Data Scientist,Middle,Москва,Гибрид,Крупная (1000+),"Docker, Git, Pandas, PyTorch, Scikit-learn, Statistics",122000,151000,RUB
101055,2024-06-01,Backend Developer,Middle,Москва,Офис,Крупная (1000+),"Git, PostgreSQL, REST API, SQL",108000,140000,RUB
104000,2024-06-01,Data Engineer,Senior,Санкт-Петербург,Гибрид,Стартап (<50),"Airflow, ClickHouse, Docker, Git, Kafka, SQL",150000,173000,RUB
104739,2024-06-01,ML Engineer,Lead,Москва,Офис,Стартап (<50),"Git, Kubernetes, PyTorch, Python",262000,350000,RUB
103905,2024-06-01,QA Engineer,Junior,Москва,Удалённо,Средняя (250-1000),"Git, Manual Testing, Postman, Python, SQL, Selenium",41000,48000,RUB
104446,2024-06-01,Full-stack Developer,Middle,Москва,Офис,Стартап (<50),"Docker, Git, SQL",80000,104000,RUB
100953,2024-06-02,Backend Developer,Senior,Удалённо (Россия),Удалённо,Средняя (250-1000),"Git, Java, REST API, SQL",154000,199000,RUB
105142,2024-06-02,Full-stack Developer,Middle,Екатеринбург,Офис,Стартап (<50),"Docker, Git, JavaScript, SQL",64000,78000,RUB
101627,2024-06-02,Frontend Developer,Junior,Санкт-Петербург,Гибрид,Малая (50-250),"Git, HTML, React, TypeScript",46000,61000,RUB
104586,2024-06-02,DevOps Engineer,Junior,Москва,Офис,Средняя (250-1000),"AWS, CI/CD, Git, Linux",60000,73000,RUB
101013,2024-06-02,Data Analyst,Middle,Новосибирск,Удалённо,Крупная (1000+),"Excel, Git, Python, SQL, Tableau",78000,97000,RUB
102652,2024-06-02,Data Analyst,Middle,Екатеринбург,Офис,Средняя (250-1000),"Excel, Power BI, Python, SQL, Tableau",47000,62000,RUB
105586,2024-06-02,Frontend Developer,Senior,Москва,Гибрид,Малая (50-250),"CSS, Git, HTML, JavaScript, React, TypeScript",130000,174000,RUB
104558,2024-06-03,Data Engineer,Senior,Санкт-Петербург,Удалённо,Малая (50-250),"ClickHouse, Git, Kafka, Python",169000,205000,RUB
103639,2024-06-03,Data Analyst,Middle,Москва,Удалённо,Малая (50-250),"Excel, Git, Python, SQL",73000,86000,RUB
105667,2024-06-03,Data Scientist,Junior,Москва,Офис,Малая (50-250),"Docker, SQL, Scikit-learn, Statistics",59000,79000,RUB
101736,2024-06-03,Backend Developer,Middle,Удалённо (Россия),Удалённо,Средняя (250-1000),"Git, Java, Kubernetes, PostgreSQL, REST API, SQL",79000,93000,RUB
105323,2024-06-03,Data Scientist,Junior,Москва,Офис,Малая (50-250),"Docker, Git, Pandas, PyTorch, Python, Statistics",53000,67000,RUB
105524,2024-06-03,Backend Developer,Junior,Екатеринбург,Офис,Крупная (1000+),"Docker, Git, Java, Kubernetes, PostgreSQL, REST API",36000,48000,RUB
100247,2024-06-03,Data Engineer,Junior,Казань,Офис,Стартап (<50),"ClickHouse, Git, Kafka, Python",36000,46000,RUB
104655,2024-06-03,Data Analyst,Junior,Казань,Офис,Средняя (250-1000),"Excel, Git, Power BI, Python, SQL, Tableau",30000,37000,RUB
100372,2024-06-04,Backend Developer,Middle,Москва,Удалённо,Малая (50-250),"Docker, Git, Kubernetes, PostgreSQL, REST API",103000,134000,RUB
105746,2024-06-04,Mobile Developer,Middle,Казань,Удалённо,Стартап (<50),"Kotlin, REST API, SQL, Swift",61000,80000,RUB
102964,2024-06-04,Frontend Developer,Middle,Новосибирск,Офис,Стартап (<50),"Git, JavaScript, TypeScript",48000,63000,RUB
105756,2024-06-04,Data Analyst,Middle,Санкт-Петербург,Гибрид,Крупная (1000+),"Excel, Git, Power BI, Python, Tableau",103000,119000,RUB
104924,2024-06-04,Full-stack Developer,Middle,Санкт-Петербург,Удалённо,Малая (50-250),"Git, JavaScript, Node.js",90000,109000,RUB
103069,2024-06-05,Product Manager,Junior,Краснодар,Гибрид,Стартап (<50),"Agile, Analytics, Confluence, Git",31000,38000,RUB
102870,2024-06-05,ML Engineer,Senior,Удалённо (Россия),Гибрид,Малая (50-250),"Git, Kubernetes, MLflow, Python",215000,286000,RUB
105440,2024-06-05,QA Engineer,Lead,Новосибирск,Офис,Крупная (1000+),"Git, Postman, Python, SQL",128000,164000,RUB
101904,2024-06-05,Frontend Developer,Junior,Москва,Офис,Стартап (<50),"CSS, Git, HTML, JavaScript, React",48000,65000,RUB
102224,2024-06-05,System Analyst,Lead,Москва,Удалённо,Крупная (1000+),"BPMN, Confluence, Git, Jira, SQL, UML",248000,318000,RUB
103829,2024-06-05,DevOps Engineer,Junior,Новосибирск,Офис,Малая (50-250),"AWS, Git, Kubernetes",36000,47000,RUB
101557,2024-06-05,QA Engineer,Middle,Санкт-Петербург,Гибрид,Стартап (<50),"Git, Manual Testing, Postman, Python, SQL, Selenium",62000,84000,RUB
100995,2024-06-06,Data Engineer,Middle,Новосибирск,Офис,Крупная (1000+),"ClickHouse, Docker, Git, Python, SQL",75000,87000,RUB
100693,2024-06-06,Data Scientist,Senior,Москва,Удалённо,Малая (50-250),"Git, Pandas, PyTorch",190000,234000,RUB
100159,2024-06-06,DevOps Engineer,Lead,Москва,Офис,Стартап (<50),"AWS, Docker, Git, Kubernetes, Linux, Terraform",213000,260000,RUB
100794,2024-06-06,Data Scientist,Middle,Казань,Удалённо,Крупная (1000+),"Git, Pandas, Python, Scikit-learn, Statistics",74000,86000,RUB
105876,2024-06-06,Backend Developer,Junior,Удалённо (Россия),Гибрид,Средняя (250-1000),"Docker, Git, Java, Kubernetes, PostgreSQL, Python",57000,70000,RUB
101262,2024-06-07,Data Engineer,Junior,Новосибирск,Гибрид,Малая (50-250),"Docker, Git, Kafka, Python, SQL",37000,44000,RUB
103784,2024-06-07,Product Manager,Senior,Новосибирск,Офис,Средняя (250-1000),"Agile, Analytics, Git, Jira, SQL",76000,92000,RUB
101964,2024-06-07,Full-stack Developer,Senior,Москва,Гибрид,Малая (50-250),"Docker, Git, JavaScript, Node.js, React",152000,181000,RUB
102203,2024-06-07,Product Manager,Middle,Казань,Удалённо,Стартап (<50),"Agile, Analytics, Confluence, Git, Jira, SQL",68000,79000,RUB
104461,2024-06-07,Data Engineer,Senior,Санкт-Петербург,Офис,Стартап (<50),"Airflow, ClickHouse, Docker, Git, SQL",124000,158000,RUB
103731,2024-06-08,DevOps Engineer,Lead,Москва,Гибрид,Средняя (250-1000),"CI/CD, Git, Linux, Terraform",259000,343000,RUB
100874,2024-06-08,Full-stack Developer,Middle,Краснодар,Гибрид,Крупная (1000+),"Docker, Git, JavaScript, Node.js, React, SQL",75000,96000,RUB
101278,2024-06-08,Product Manager,Junior,Удалённо (Россия),Офис,Стартап (<50),"Agile, Analytics, Confluence, Git, Jira, SQL",47000,62000,RUB
104878,2024-06-08,ML Engineer,Senior,Удалённо (Россия),Гибрид,Средняя (250-1000),"Docker, Git, Kubernetes, MLflow, PyTorch, Python, TensorFlow",180000,236000,RUB
102838,2024-06-08,QA Engineer,Middle,Москва,Гибрид,Стартап (<50),"Git, Manual Testing, Postman, Python, SQL",64000,83000,RUB
101085,2024-06-08,ML Engineer,Junior,Москва,Гибрид,Малая (50-250),"Docker, Git, Kubernetes, MLflow, Python, TensorFlow",70000,89000,RUB
102529,2024-06-08,Frontend Developer,Middle,Казань,Гибрид,Средняя (250-1000),"CSS, Git, HTML, JavaScript, React",57000,73000,RUB
104832,2024-06-09,Mobile Developer,Senior,Удалённо (Россия),Удалённо,Крупная (1000+),"Git, Kotlin, REST API, SQL, Swift",152000,186000,RUB
100670,2024-06-09,Data Engineer,Middle,Санкт-Петербург,Гибрид,Малая (50-250),"Airflow, ClickHouse, Git, Kafka, Python, Spark",93000,124000,RUB
103036,2024-06-09,Mobile Developer,Middle,Санкт-Петербург,Удалённо,Стартап (<50),"Git, Kotlin, REST API, SQL, Swift",77000,100000,RUB
103089,2024-06-09,System Analyst,Middle,Казань,Гибрид,Стартап (<50),"BPMN, Confluence, Git, Jira, SQL, UML",55000,73000,RUB
103870,2024-06-09,ML Engineer,Middle,Москва,Офис,Малая (50-250),"Docker, Git, MLflow, Python, TensorFlow",118000,155000,RUB
104918,2024-06-09,ML Engineer,Junior,Удалённо (Россия),Офис,Стартап (<50),"Docker, Git, Kubernetes, MLflow",58000,77000,RUB
103744,2024-06-09,Mobile Developer,Middle,Удалённо (Россия),Удалённо,Крупная (1000+),"Git, Kotlin, REST API, SQL, Swift",106000,137000,RUB
103158,2024-06-09,Data Engineer,Middle,Санкт-Петербург,Гибрид,Стартап (<50),"Airflow, ClickHouse, Docker, Git, Kafka, SQL, Spark",96000,113000,RUB
100553,2024-06-09,Data Scientist,Lead,Санкт-Петербург,Удалённо,Малая (50-250),"Docker, Git, PyTorch, Python, SQL, Scikit-learn, Statistics",226000,289000,RUB
101667,2024-06-09,System Analyst,Senior,Новосибирск,Офис,Малая (50-250),"BPMN, Git, UML",99000,125000,RUB
103789,2024-06-09,Mobile Developer,Middle,Нижний Новгород,Гибрид,Стартап (<50),"Git, Kotlin, REST API, SQL, Swift",54000,66000,RUB
101252,2024-06-09,System Analyst,Junior,Удалённо (Россия),Удалённо,Крупная (1000+),"BPMN, Confluence, Git, Jira, SQL, UML",50000,61000,RUB
105651,2024-06-10,Data Scientist,Junior,Москва,Удалённо,Крупная (1000+),"Docker, Git, Pandas, SQL, Scikit-learn, Statistics",62000,80000,RUB
102432,2024-06-10,DevOps Engineer,Lead,Нижний Новгород,Офис,Стартап (<50),"CI/CD, Docker, Git, Kubernetes, Linux",133000,153000,RUB
100083,2024-06-10,Data Engineer,Junior,Краснодар,Гибрид,Крупная (1000+),"ClickHouse, Git, Python, SQL",35000,41000,RUB
100088,2024-06-11,Mobile Developer,Middle,Москва,Удалённо,Малая (50-250),"Git, Kotlin, SQL, Swift",66000,79000,RUB
105563,2024-06-11,QA Engineer,Middle,Удалённо (Россия),Офис,Стартап (<50),"Git, Manual Testing, Postman, Python, Selenium",45000,56000,RUB
102264,2024-06-11,DevOps Engineer,Junior,Удалённо (Россия),Офис,Малая (50-250),"AWS, CI/CD, Docker, Git, Kubernetes, Linux, Terraform",64000,85000,RUB
104435,2024-06-11,Data Scientist,Middle,Москва,Удалённо,Стартап (<50),"Git, Pandas, Python, SQL, Scikit-learn, Statistics",109000,130000,RUB
105433,2024-06-11,Full-stack Developer,Middle,Новосибирск,Офис,Стартап (<50),"Docker, Git, JavaScript",59000,78000,RUB
103449,2024-06-11,Full-stack Developer,Senior,Удалённо (Россия),Гибрид,Малая (50-250),"Docker, Git, JavaScript, Node.js, SQL",142000,176000,RUB
100535,2024-06-11,Mobile Developer,Junior,Удалённо (Россия),Гибрид,Средняя (250-1000),"Git, Kotlin, REST API, SQL, Swift",40000,52000,RUB
104974,2024-06-12,Data Analyst,Middle,Удалённо (Россия),Офис,Малая (50-250),"Excel, Git, Power BI, Python, SQL",58000,68000,RUB
105892,2024-06-12,Data Scientist,Senior,Новосибирск,Гибрид,Крупная (1000+),"Docker, Git, Pandas, Python, Scikit-learn, Statistics",126000,161000,RUB
101475,2024-06-12,ML Engineer,Junior,Удалённо (Россия),Офис,Средняя (250-1000),"Docker, Git, MLflow, Python, TensorFlow",66000,87000,RUB
103578,2024-06-12,Full-stack Developer,Junior,Удалённо (Россия),Офис,Малая (50-250),"Git, JavaScript, Node.js, SQL",43000,56000,RUB
100375,2024-06-12,Backend Developer,Middle,Москва,Гибрид,Стартап (<50),"Docker, Git, Kubernetes, REST API",78000,103000,RUB
104883,2024-06-12,Full-stack Developer,Middle,Удалённо (Россия),Офис,Стартап (<50),"Docker, Git, JavaScript, Node.js, React, SQL",69000,91000,RUB
105541,2024-06-12,Product Manager,Middle,Москва,Офис,Малая (50-250),"Agile, Analytics, Confluence, Git, Jira, SQL",107000,128000,RUB
105422,2024-06-12,Full-stack Developer,Junior,Удалённо (Россия),Гибрид,Средняя (250-1000),"Docker, Git, React, SQL",51000,59000,RUB
101495,2024-06-13,DevOps Engineer,Junior,Удалённо (Россия),Гибрид,Крупная (1000+),"AWS, CI/CD, Git, Kubernetes, Terraform",64000,79000,RUB
103666,2024-06-13,Data Engineer,Middle,Краснодар,Удалённо,Малая (50-250),"ClickHouse, Docker, Git, SQL, Spark",60000,76000,RUB
101958,2024-06-13,Mobile Developer,Junior,Удалённо (Россия),Удалённо,Крупная (1000+),"Git, Kotlin, REST API, SQL, Swift",54000,67000,RUB
100757,2024-06-13,Data Analyst,Lead,Москва,Офис,Крупная (1000+),"Git, Power BI, Python, Tableau",213000,286000,RUB
104343,2024-06-13,DevOps Engineer,Senior,Удалённо (Россия),Офис,Стартап (<50),"AWS, Docker, Git, Kubernetes, Linux, Terraform",147000,189000,RUB
105258,2024-06-14,Frontend Developer,Middle,Удалённо (Россия),Офис,Средняя (250-1000),"CSS, Git, HTML, JavaScript, React, TypeScript",77000,98000,RUB
101448,2024-06-14,Mobile Developer,Middle,Удалённо (Россия),Офис,Средняя (250-1000),"Git, Kotlin, REST API, SQL, Swift",85000,112000,RUB
103214,2024-06-14,Frontend Developer,Lead,Екатеринбург,Гибрид,Стартап (<50),"CSS, Git, JavaScript, React, TypeScript",131000,165000,RUB
101870,2024-06-14,Data Engineer,Middle,Москва,Удалённо,Малая (50-250),"Docker, Git, Kafka, Python",99000,118000,RUB
101610,2024-06-14,Backend Developer,Middle,Санкт-Петербург,Удалённо,Средняя (250-1000),"Docker, Git, Java, Kubernetes, PostgreSQL, SQL",113000,146000,RUB
103700,2024-06-14,Data Scientist,Middle,Санкт-Петербург,Гибрид,Стартап (<50),"Docker, Git, PyTorch, Python, SQL",77000,103000,RUB
101632,2024-06-14,Frontend Developer,Senior,Казань,Гибрид,Крупная (1000+),"CSS, Git, TypeScript",102000,132000,RUB
105050,2024-06-14,Product Manager,Junior,Санкт-Петербург,Удалённо,Крупная (1000+),"Analytics, Confluence, Git, Jira, SQL",68000,85000,RUB
103271,2024-06-15,Backend Developer,Senior,Санкт-Петербург,Гибрид,Крупная (1000+),"Docker, Git, Kubernetes, SQL",141000,182000,RUB
104910,2024-06-15,Backend Developer,Middle,Москва,Гибрид,Малая (50-250),"Docker, Git, Java, Kubernetes, PostgreSQL, Python, REST API",82000,96000,RUB
103237,2024-06-15,Product Manager,Junior,Удалённо (Россия),Офис,Средняя (250-1000),"Agile, Analytics, Confluence, Git, Jira, SQL",47000,60000,RUB
101065,2024-06-15,Product Manager,Middle,Удалённо (Россия),Удалённо,Стартап (<50),"Agile, Git, Jira, SQL",68000,79000,RUB
104307,2024-06-15,Mobile Developer,Junior,Москва,Офис,Средняя (250-1000),"Git, REST API, SQL, Swift",50000,66000,RUB
104112,2024-06-15,Data Scientist,Junior,Москва,Офис,Стартап (<50),"Docker, Git, PyTorch, SQL",63000,78000,RUB
100502,2024-06-15,DevOps Engineer,Junior,Москва,Офис,Крупная (1000+),"AWS, Git, Linux, Terraform",65000,83000,RUB
101699,2024-06-16,DevOps Engineer,Junior,Москва,Удалённо,Средняя (250-1000),"CI/CD, Docker, Git, Kubernetes, Terraform",67000,90000,RUB
105106,2024-06-16,Mobile Developer,Senior,Москва,Офис,Малая (50-250),"Git, Kotlin, REST API, SQL, Swift",148000,176000,RUB
105962,2024-06-16,QA Engineer,Senior,Удалённо (Россия),Гибрид,Малая (50-250),"Git, Postman, Python, Selenium",94000,123000,RUB
102457,2024-06-16,Backend Developer,Lead,Удалённо (Россия),Офис,Средняя (250-1000),"Git, Kubernetes, Python",168000,225000,RUB
103596,2024-06-16,QA Engineer,Senior,Удалённо (Россия),Гибрид,Средняя (250-1000),"Git, Manual Testing, Postman, Python, SQL, Selenium",116000,146000,RUB
101344,2024-06-16,Mobile Developer,Middle,Санкт-Петербург,Удалённо,Средняя (250-1000),"Git, REST API, SQL, Swift",91000,112000,RUB
105775,2024-06-16,Data Analyst,Middle,Москва,Офис,Средняя (250-1000),"Git, Power BI, Python, Tableau",100000,126000,RUB
103817,2024-06-17,Frontend Developer,Junior,Удалённо (Россия),Офис,Крупная (1000+),"CSS, JavaScript, React",47000,63000,RUB
101756,2024-06-17,Data Scientist,Senior,Санкт-Петербург,Удалённо,Малая (50-250),"Docker, Git, Pandas, Python, Statistics",131000,176000,RUB
102320,2024-06-17,Frontend Developer,Middle,Москва,Гибрид,Малая (50-250),"CSS, Git, HTML, JavaScript, React, TypeScript",108000,129000,RUB
100149,2024-06-17,QA Engineer,Senior,Москва,Гибрид,Крупная (1000+),"Git, Manual Testing, Postman, Python, SQL, Selenium",118000,151000,RUB
100116,2024-06-17,Data Analyst,Middle,Санкт-Петербург,Офис,Средняя (250-1000),"Excel, Git, SQL, Tableau",51000,67000,RUB
101025,2024-06-17,Mobile Developer,Lead,Санкт-Петербург,Удалённо,Малая (50-250),"Git, Kotlin, REST API, SQL",153000,199000,RUB
100295,2024-06-17,Full-stack Developer,Middle,Казань,Офис,Крупная (1000+),"Git, JavaScript, React, SQL",64000,85000,RUB
101614,2024-06-17,System Analyst,Lead,Санкт-Петербург,Удалённо,Средняя (250-1000),"Confluence, Git, Jira, SQL",169000,197000,RUB
102554,2024-06-17,Full-stack Developer,Middle,Екатеринбург,Офис,Средняя (250-1000),"Docker, Git, JavaScript, React, SQL",66000,77000,RUB
105069,2024-06-18,QA Engineer,Junior,Москва,Офис,Малая (50-250),"Git, Manual Testing, Python, SQL, Selenium",32000,38000,RUB
104124,2024-06-18,Backend Developer,Junior,Удалённо (Россия),Удалённо,Средняя (250-1000),"Git, Java, Kubernetes, PostgreSQL, SQL",53000,64000,RUB
101606,2024-06-18,Mobile Developer,Middle,Нижний Новгород,Гибрид,Средняя (250-1000),"Git, Kotlin, REST API, SQL, Swift",54000,69000,RUB
100227,2024-06-18,Data Analyst,Senior,Санкт-Петербург,Гибрид,Средняя (250-1000),"Excel, Git, SQL, Tableau",125000,145000,RUB
103283,2024-06-18,Backend Developer,Middle,Казань,Гибрид,Средняя (250-1000),"Git, Java, Python, REST API, SQL",62000,80000,RUB
100420,2024-06-19,Backend Developer,Junior,Казань,Удалённо,Малая (50-250),"Git, Java, PostgreSQL, Python, REST API",30000,40000,RUB
101673,2024-06-19,Data Analyst,Junior,Удалённо (Россия),Офис,Малая (50-250),"Excel, Git, Power BI, Python, SQL, Tableau",41000,52000,RUB
102713,2024-06-19,Product Manager,Junior,Москва,Офис,Стартап (<50),"Agile, Analytics, Confluence, Git, Jira",39000,51000,RUB
100664,2024-06-19,QA Engineer,Senior,Санкт-Петербург,Удалённо,Крупная (1000+),"Git, Postman, SQL, Selenium",99000,122000,RUB
100927,2024-06-19,Frontend Developer,Senior,Удалённо (Россия),Гибрид,Средняя (250-1000),"CSS, Git, HTML, JavaScript, React, TypeScript",114000,152000,RUB
101014,2024-06-20,Backend Developer,Senior,Нижний Новгород,Гибрид,Малая (50-250),"Git, Java, Kubernetes, PostgreSQL, Python, REST API",93000,125000,RUB
105573,2024-06-20,DevOps Engineer,Middle,Екатеринбург,Офис,Малая (50-250),"AWS, CI/CD, Docker, Git, Kubernetes, Linux, Terraform",56000,71000,RUB
102953,2024-06-20,Mobile Developer,Middle,Казань,Гибрид,Стартап (<50),"Git, Kotlin, REST API, SQL, Swift",52000,62000,RUB
102049,2024-06-20,Data Analyst,Middle,Краснодар,Офис,Средняя (250-1000),"Excel, Git, Power BI, Python, SQL",42000,52000,RUB
103242,2024-06-20,Backend Developer,Junior,Краснодар,Офис,Стартап (<50),"Git, Java, PostgreSQL, Python",30000,38000,RUB
102366,2024-06-20,DevOps Engineer,Junior,Москва,Удалённо,Крупная (1000+),"AWS, CI/CD, Docker, Git, Linux, Terraform",64000,83000,RUB
104615,2024-06-20,Full-stack Developer,Junior,Москва,Гибрид,Малая (50-250),"Git, JavaScript, SQL",63000,84000,RUB
105396,2024-06-21,QA Engineer,Middle,Краснодар,Удалённо,Крупная (1000+),"Git, Manual Testing, Postman, Python, SQL",48000,60000,RUB
103080,2024-06-21,ML Engineer,Middle,Екатеринбург,Офис,Малая (50-250),"Docker, Git, Kubernetes, MLflow, PyTorch",73000,84000,RUB
101082,2024-06-21,DevOps Engineer,Junior,Москва,Офис,Стартап (<50),"AWS, CI/CD, Git, Kubernetes, Linux",59000,72000,RUB
101507,2024-06-21,Frontend Developer,Middle,Краснодар,Гибрид,Малая (50-250),"CSS, Git, HTML, JavaScript, TypeScript",47000,61000,RUB
103638,2024-06-21,Data Engineer,Middle,Санкт-Петербург,Офис,Стартап (<50),"Airflow, Docker, Git",73000,92000,RUB
101503,2024-06-21,Full-stack Developer,Junior,Москва,Удалённо,Крупная (1000+),"Git, JavaScript, Node.js, React",52000,64000,RUB
103077,2024-06-21,ML Engineer,Junior,Нижний Новгород,Гибрид,Средняя (250-1000),"Git, Kubernetes, MLflow, PyTorch, Python, TensorFlow",42000,50000,RUB
102918,2024-06-21,Frontend Developer,Lead,Удалённо (Россия),Гибрид,Средняя (250-1000),"Git, HTML, TypeScript",174000,208000,RUB
102075,2024-06-22,Frontend Developer,Lead,Екатеринбург,Удалённо,Малая (50-250),"Git, HTML, JavaScript, TypeScript",121000,140000,RUB
100071,2024-06-22,QA Engineer,Senior,Удалённо (Россия),Офис,Малая (50-250),"Git, Manual Testing, Postman, Python, SQL, Selenium",98000,123000,RUB
100635,2024-06-22,Backend Developer,Senior,Москва,Удалённо,Крупная (1000+),"Git, Java, Python, SQL",167000,210000,RUB
104337,2024-06-22,Full-stack Developer,Senior,Удалённо (Россия),Офис,Средняя (250-1000),"Docker, Git, JavaScript, Node.js, React, SQL",148000,178000,RUB
100904,2024-06-22,Data Analyst,Middle,Удалённо (Россия),Офис,Стартап (<50),"Git, Power BI, Python, Tableau",62000,74000,RUB
100771,2024-06-22,Backend Developer,Middle,Москва,Офис,Средняя (250-1000),"Git, Java, Kubernetes, PostgreSQL, Python, SQL",107000,138000,RUB
100492,2024-06-22,QA Engineer,Junior,Казань,Офис,Крупная (1000+),"Git, Python, Selenium",30000,37000,RUB
102223,2024-06-22,Frontend Developer,Senior,Казань,Удалённо,Стартап (<50),"CSS, Git, HTML, JavaScript, React, TypeScript",85000,101000,RUB
105198,2024-06-22,ML Engineer,Senior,Москва,Удалённо,Средняя (250-1000),"Docker, Kubernetes, MLflow, PyTorch, Python",222000,255000,RUB
104163,2024-06-23,QA Engineer,Middle,Москва,Удалённо,Средняя (250-1000),"Git, Manual Testing, Postman, SQL",65000,83000,RUB
101996,2024-06-23,System Analyst,Junior,Новосибирск,Гибрид,Стартап (<50),"BPMN, Confluence, Git, Jira, SQL, UML",31000,41000,RUB
102820,2024-06-23,QA Engineer,Middle,Нижний Новгород,Гибрид,Средняя (250-1000),"Git, Postman, Python, SQL, Selenium",52000,68000,RUB
102502,2024-06-23,Backend Developer,Junior,Санкт-Петербург,Офис,Малая (50-250),"Git, Kubernetes, PostgreSQL, REST API, SQL",43000,54000,RUB
101623,2024-06-23,Backend Developer,Middle,Санкт-Петербург,Офис,Стартап (<50),"Git, Java, Kubernetes, Python, REST API",93000,114000,RUB
103415,2024-06-23,Product Manager,Senior,Москва,Гибрид,Средняя (250-1000),"Git, Jira, SQL",212000,286000,RUB
103457,2024-06-23,QA Engineer,Middle,Казань,Офис,Стартап (<50),"Git, SQL, Selenium",38000,45000,RUB
104130,2024-06-23,Product Manager,Junior,Удалённо (Россия),Удалённо,Малая (50-250),"Analytics, Git, Jira",49000,62000,RUB
101721,2024-06-24,Backend Developer,Middle,Казань,Удалённо,Малая (50-250),"Docker, Git, Python, REST API",67000,87000,RUB
105534,2024-06-24,ML Engineer,Senior,Новосибирск,Удалённо,Крупная (1000+),"Docker, Git, Kubernetes, MLflow, PyTorch, TensorFlow",130000,168000,RUB
105538,2024-06-24,QA Engineer,Senior,Москва,Гибрид,Стартап (<50),"Git, Manual Testing, Postman, Python, SQL, Selenium",113000,139000,RUB
103424,2024-06-25,QA Engineer,Senior,Краснодар,Офис,Средняя (250-1000),"Git, Manual Testing, Postman, Python, Selenium",65000,84000,RUB
101153,2024-06-25,Data Scientist,Middle,Москва,Удалённо,Стартап (<50),"Git, Pandas, PyTorch, Scikit-learn, Statistics",93000,109000,RUB
105091,2024-06-25,Product Manager,Middle,Казань,Удалённо,Крупная (1000+),"Agile, Confluence, Git, Jira",78000,99000,RUB
100464,2024-06-25,Data Engineer,Middle,Казань,Гибрид,Средняя (250-1000),"ClickHouse, Docker, Git, SQL, Spark",54000,66000,RUB
101908,2024-06-25,Data Engineer,Senior,Краснодар,Удалённо,Средняя (250-1000),"Airflow, ClickHouse, Git, Python, SQL, Spark",99000,133000,RUB
100926,2024-06-25,Frontend Developer,Junior,Санкт-Петербург,Удалённо,Стартап (<50),"CSS, Git, HTML, JavaScript, React",37000,48000,RUB
102971,2024-06-26,Mobile Developer,Senior,Санкт-Петербург,Удалённо,Стартап (<50),"Git, Kotlin, REST API, SQL, Swift",102000,118000,RUB
102010,2024-06-26,Product Manager,Senior,Удалённо (Россия),Гибрид,Малая (50-250),"Agile, Analytics, Confluence, Git, Jira, SQL",182000,230000,RUB
104286,2024-06-26,DevOps Engineer,Senior,Удалённо (Россия),Гибрид,Крупная (1000+),"AWS, Git, Kubernetes, Linux",197000,228000,RUB
103582,2024-06-26,Full-stack Developer,Senior,Москва,Офис,Средняя (250-1000),"Docker, Git, JavaScript",176000,216000,RUB
102729,2024-06-26,ML Engineer,Junior,Новосибирск,Удалённо,Крупная (1000+),"Docker, Kubernetes, Python, TensorFlow",36000,42000,RUB
104601,2024-06-26,Frontend Developer,Senior,Москва,Удалённо,Крупная (1000+),"Git, HTML, JavaScript, TypeScript",170000,203000,RUB
100315,2024-06-26,Full-stack Developer,Lead,Екатеринбург,Гибрид,Крупная (1000+),"Git, JavaScript, Node.js, React, SQL",176000,205000,RUB
104036,2024-06-26,QA Engineer,Senior,Краснодар,Офис,Средняя (250-1000),"Git, Manual Testing, Postman, Python, SQL, Selenium",54000,66000,RUB
100054,2024-06-27,Product Manager,Middle,Новосибирск,Офис,Крупная (1000+),"Agile, Analytics, Confluence, Git, Jira, SQL",83000,97000,RUB
100617,2024-06-27,Data Analyst,Lead,Санкт-Петербург,Гибрид,Средняя (250-1000),"Git, Power BI, Python, SQL, Tableau",157000,204000,RUB
100478,2024-06-27,Frontend Developer,Middle,Удалённо (Россия),Гибрид,Средняя (250-1000),"CSS, Git, HTML, JavaScript, React, TypeScript",88000,109000,RUB
100198,2024-06-27,Data Scientist,Senior,Новосибирск,Гибрид,Малая (50-250),"Docker, Git, Pandas, PyTorch, SQL",118000,156000,RUB
105743,2024-06-27,ML Engineer,Junior,Краснодар,Офис,Средняя (250-1000),"Docker, Git, Kubernetes, MLflow, PyTorch, Python, TensorFlow",46000,54000,RUB
100166,2024-06-28,Data Engineer,Lead,Москва,Гибрид,Крупная (1000+),"Airflow, Docker, Git, Kafka",211000,256000,RUB
101635,2024-06-28,Full-stack Developer,Senior,Удалённо (Россия),Гибрид,Средняя (250-1000),"Git, JavaScript, Node.js, React",148000,185000,RUB
102806,2024-06-28,DevOps Engineer,Junior,Москва,Гибрид,Малая (50-250),"AWS, Git, Kubernetes, Linux",49000,63000,RUB
103640,2024-06-28,System Analyst,Middle,Новосибирск,Офис,Стартап (<50),"BPMN, Confluence, Git, Jira, SQL, UML",62000,74000,RUB
104290,2024-06-29,Mobile Developer,Junior,Удалённо (Россия),Офис,Крупная (1000+),"Git, Kotlin, REST API, SQL, Swift",63000,76000,RUB
103683,2024-06-29,Frontend Developer,Senior,Москва,Офис,Стартап (<50),"CSS, Git, HTML, JavaScript, React, TypeScript",127000,149000,RUB
103577,2024-06-30,System Analyst,Middle,Санкт-Петербург,Гибрид,Средняя (250-1000),"BPMN, Confluence, Git, Jira, SQL",65000,79000,RUB
105618,2024-06-30,Data Analyst,Senior,Новосибирск,Удалённо,Средняя (250-1000),"Excel, Git, Python, SQL, Tableau",105000,128000,RUB
102844,2024-06-30,Full-stack Developer,Middle,Москва,Гибрид,Стартап (<50),"Docker, Git, JavaScript, Node.js",79000,96000,RUB
101810,2024-06-30,Data Engineer,Middle,Удалённо (Россия),Удалённо,Крупная (1000+),"Docker, Git, SQL",126000,165000,RUB
103556,2024-06-30,Product Manager,Lead,Нижний Новгород,Офис,Стартап (<50),"Analytics, Confluence, Git, Jira, SQL",134000,174000,RUB
104061,2024-06-30,ML Engineer,Junior,Екатеринбург,Удалённо,Крупная (1000+),"Docker, Git, Kubernetes, MLflow, PyTorch, Python",58000,74000,RUB
105374,2024-06-30,Full-stack Developer,Middle,Удалённо (Россия),Гибрид,Малая (50-250),"Docker, Git, JavaScript, Node.js, React, SQL",91000,108000,RUB
101779,2024-06-30,Full-stack Developer,Junior,Удалённо (Россия),Гибрид,Малая (50-250),"Docker, Git, JavaScript, Node.js, React, SQL",45000,54000,RUB
102392,2024-06-30,Frontend Developer,Middle,Москва,Гибрид,Стартап (<50),"CSS, Git, HTML, JavaScript, React, TypeScript",82000,100000,RUB
105376,2024-07-01,Product Manager,Junior,Москва,Гибрид,Стартап (<50),"Agile, Analytics, Confluence, Git, Jira, SQL",47000,60000,RUB
103021,2024-07-01,Backend Developer,Lead,Москва,Офис,Малая (50-250),"Docker, Git, PostgreSQL, Python, REST API, SQL",221000,270000,RUB
103549,2024-07-01,ML Engineer,Lead,Москва,Удалённо,Малая (50-250),"Docker, Git, MLflow, Python, TensorFlow",311000,401000,RUB
103515,2024-07-01,QA Engineer,Middle,Москва,Гибрид,Стартап (<50),"Git, Manual Testing, Postman, Python, SQL, Selenium",70000,81000,RUB
103855,2024-07-01,Data Analyst,Middle,Удалённо (Россия),Офис,Малая (50-250),"Excel, Git, Power BI, Python, SQL, Tableau",85000,107000,RUB
101428,2024-07-01,System Analyst,Senior,Санкт-Петербург,Гибрид,Средняя (250-1000),"BPMN, Confluence, Git, Jira, SQL, UML",85000,99000,RUB
103127,2024-07-01,Mobile Developer,Senior,Удалённо (Россия),Гибрид,Крупная (1000+),"Git, Kotlin, REST API, SQL, Swift",154000,206000,RUB
103697,2024-07-02,ML Engineer,Junior,Удалённо (Россия),Удалённо,Стартап (<50),"Docker, Git, Kubernetes, Python",66000,85000,RUB
101078,2024-07-02,QA Engineer,Middle,Москва,Гибрид,Малая (50-250),"Git, Postman, SQL, Selenium",73000,89000,RUB
105047,2024-07-02,System Analyst,Middle,Удалённо (Россия),Офис,Стартап (<50),"Confluence, Git, Jira, SQL",64000,85000,RUB
100474,2024-07-03,Data Scientist,Senior,Москва,Офис,Средняя (250-1000),"Docker, Git, Pandas, Python, SQL, Statistics",206000,276000,RUB
103168,2024-07-04,ML Engineer,Junior,Москва,Удалённо,Стартап (<50),"Git, MLflow, Python",60000,73000,RUB
101074,2024-07-04,Frontend Developer,Junior,Удалённо (Россия),Офис,Средняя (250-1000),"CSS, Git, React, TypeScript",47000,63000,RUB
104708,2024-07-04,ML Engineer,Senior,Москва,Удалённо,Крупная (1000+),"Docker, Git, MLflow, Python, TensorFlow",223000,291000,RUB
102789,2024-07-05,Full-stack Developer,Junior,Казань,Удалённо,Стартап (<50),"Git, JavaScript, Node.js, React, SQL",30000,39000,RUB
104901,2024-07-05,Frontend Developer,Senior,Санкт-Петербург,Гибрид,Малая (50-250),"CSS, Git, HTML, JavaScript, React, TypeScript",117000,157000,RUB
103294,2024-07-05,Frontend Developer,Junior,Санкт-Петербург,Удалённо,Стартап (<50),"CSS, Git, HTML, React, TypeScript",40000,53000,RUB
103941,2024-07-05,Data Scientist,Middle,Казань,Офис,Стартап (<50),"Docker, Git, Python",60000,78000,RUB
102527,2024-07-05,Data Engineer,Junior,Казань,Офис,Малая (50-250),"Airflow, ClickHouse, Git, Python, SQL, Spark",41000,49000,RUB
103552,2024-07-06,DevOps Engineer,Junior,Новосибирск,Удалённо,Стартап (<50),"CI/CD, Docker, Git, Kubernetes, Linux",48000,61000,RUB
101601,2024-07-06,Full-stack Developer,Senior,Москва,Офис,Малая (50-250),"Docker, Git, JavaScript, React, SQL",101000,123000,RUB
102468,2024-07-06,Mobile Developer,Lead,Новосибирск,Офис,Стартап (<50),"Git, REST API, SQL",145000,173000,RUB
105099,2024-07-06,Product Manager,Middle,Удалённо (Россия),Офис,Малая (50-250),"Analytics, Git, Jira",96000,129000,RUB
100699,2024-07-06,Data Analyst,Senior,Санкт-Петербург,Удалённо,Крупная (1000+),"Excel, Git, Power BI",160000,188000,RUB
104682,2024-07-07,QA Engineer,Middle,Удалённо (Россия),Офис,Стартап (<50),"Git, Manual Testing, Postman, Python",65000,86000,RUB
100444,2024-07-07,Data Analyst,Middle,Санкт-Петербург,Офис,Средняя (250-1000),"Excel, Git, Power BI, Python, SQL, Tableau",63000,74000,RUB
102302,2024-07-07,Frontend Developer,Senior,Удалённо (Россия),Гибрид,Средняя (250-1000),"CSS, Git, HTML, JavaScript, React, TypeScript",148000,175000,RUB
100470,2024-07-07,Full-stack Developer,Middle,Москва,Офис,Малая (50-250),"Git, Node.js, React",82000,107000,RUB
102856,2024-07-07,Data Scientist,Junior,Краснодар,Офис,Малая (50-250),"Git, Pandas, PyTorch, Python, SQL, Scikit-learn, Statistics",33000,44000,RUB
102866,2024-07-08,Full-stack Developer,Middle,Санкт-Петербург,Офис,Малая (50-250),"Docker, Git, JavaScript, Node.js, React",67000,88000,RUB
104544,2024-07-08,Data Scientist,Middle,Новосибирск,Офис,Стартап (<50),"Git, Pandas, PyTorch, Python",61000,75000,RUB
102319,2024-07-08,Frontend Developer,Junior,Казань,Офис,Стартап (<50),"CSS, Git, React, TypeScript",30000,40000,RUB
102395,2024-07-08,QA Engineer,Middle,Удалённо (Россия),Гибрид,Средняя (250-1000),"Git, Manual Testing, Postman, Selenium",65000,85000,RUB
100806,2024-07-08,ML Engineer,Middle,Екатеринбург,Удалённо,Стартап (<50),"Docker, Git, MLflow, PyTorch, TensorFlow",64000,85000,RUB
105192,2024-07-08,Data Analyst,Senior,Санкт-Петербург,Гибрид,Средняя (250-1000),"Git, Power BI, Python, SQL, Tableau",87000,102000,RUB
102430,2024-07-09,Full-stack Developer,Senior,Москва,Гибрид,Средняя (250-1000),"Docker, Git, React",200000,245000,RUB
103747,2024-07-09,DevOps Engineer,Senior,Санкт-Петербург,Удалённо,Средняя (250-1000),"AWS, Git, Kubernetes, Linux",197000,262000,RUB
102663,2024-07-09,Data Scientist,Middle,Екатеринбург,Офис,Малая (50-250),"Docker, Git, Pandas, Python, Scikit-learn, Statistics",64000,75000,RUB
101985,2024-07-09,Data Analyst,Middle,Удалённо (Россия),Гибрид,Стартап (<50),"Excel, Git, Power BI, Python, SQL, Tableau",79000,99000,RUB
104385,2024-07-09,Full-stack Developer,Lead,Краснодар,Гибрид,Стартап (<50),"Docker, Git, JavaScript, Node.js, SQL",103000,129000,RUB
104459,2024-07-09,Data Analyst,Junior,Удалённо (Россия),Удалённо,Средняя (250-1000),"Excel, Git, Power BI, Python, SQL, Tableau",51000,65000,RUB
102133,2024-07-09,Full-stack Developer,Lead,Казань,Офис,Стартап (<50),"Docker, Git, JavaScript, Node.js, React",102000,126000,RUB
100199,2024-07-10,Backend Developer,Senior,Удалённо (Россия),Удалённо,Средняя (250-1000),"Git, PostgreSQL, Python",183000,226000,RUB
105946,2024-07-10,Mobile Developer,Senior,Москва,Гибрид,Средняя (250-1000),"Git, Kotlin, REST API, SQL, Swift",145000,190000,RUB
101194,2024-07-10,Product Manager,Senior,Москва,Гибрид,Малая (50-250),"Agile, Analytics, Git, Jira, SQL",192000,245000,RUB
105381,2024-07-10,Full-stack Developer,Senior,Екатеринбург,Гибрид,Стартап (<50),"Docker, Git, React, SQL",109000,145000,RUB
102810,2024-07-11,Full-stack Developer,Senior,Москва,Удалённо,Малая (50-250),"Git, JavaScript, React",159000,203000,RUB
104563,2024-07-11,Frontend Developer,Junior,Москва,Удалённо,Крупная (1000+),"CSS, Git, HTML, TypeScript",53000,66000,RUB
100899,2024-07-11,Frontend Developer,Senior,Екатеринбург,Удалённо,Крупная (1000+),"CSS, Git, HTML, React",130000,169000,RUB
102020,2024-07-11,Frontend Developer,Junior,Нижний Новгород,Гибрид,Стартап (<50),"Git, JavaScript, React, TypeScript",30000,36000,RUB
104744,2024-07-11,DevOps Engineer,Middle,Краснодар,Удалённо,Средняя (250-1000),"AWS, Docker, Git, Linux",74000,89000,RUB
100157,2024-07-12,Data Analyst,Middle,Санкт-Петербург,Удалённо,Малая (50-250),"Git, Power BI, Python, SQL, Tableau",59000,74000,RUB
100873,2024-07-12,Frontend Developer,Middle,Краснодар,Гибрид,Крупная (1000+),"CSS, Git, HTML, JavaScript, React, TypeScript",61000,77000,RUB
104406,2024-07-12,System Analyst,Middle,Москва,Офис,Малая (50-250),"BPMN, Confluence, Git, UML",82000,110000,RUB
105529,2024-07-12,QA Engineer,Junior,Екатеринбург,Офис,Стартап (<50),"Git, Manual Testing, Postman, Python, SQL, Selenium",30000,40000,RUB
100004,2024-07-12,System Analyst,Middle,Санкт-Петербург,Офис,Стартап (<50),"Confluence, Git, Jira, UML",69000,87000,RUB
104559,2024-07-12,Data Analyst,Senior,Москва,Офис,Стартап (<50),"Excel, Git, Power BI, SQL, Tableau",102000,132000,RUB
100843,2024-07-12,Data Analyst,Junior,Москва,Удалённо,Малая (50-250),"Excel, Git, Power BI, Python, SQL, Tableau",43000,55000,RUB
105581,2024-07-12,ML Engineer,Senior,Москва,Гибрид,Крупная (1000+),"Docker, Git, Kubernetes, MLflow, Python, TensorFlow",161000,208000,RUB
102286,2024-07-12,Frontend Developer,Junior,Удалённо (Россия),Гибрид,Малая (50-250),"CSS, Git, HTML, JavaScript, React, TypeScript",31000,41000,RUB
102436,2024-07-13,Data Scientist,Middle,Москва,Офис,Стартап (<50),"Docker, Git, Pandas, Python, SQL, Scikit-learn",93000,122000,RUB
101075,2024-07-13,DevOps Engineer,Junior,Казань,Офис,Стартап (<50),"AWS, CI/CD, Git, Kubernetes, Linux, Terraform",33000,43000,RUB
100132,2024-07-13,Full-stack Developer,Lead,Москва,Удалённо,Крупная (1000+),"Docker, Git, JavaScript, Node.js, React, SQL",287000,338000,RUB
104896,2024-07-13,Backend Developer,Junior,Санкт-Петербург,Офис,Малая (50-250),"Docker, Git, PostgreSQL, REST API",42000,51000,RUB
101156,2024-07-13,QA Engineer,Senior,Санкт-Петербург,Гибрид,Малая (50-250),"Git, Manual Testing, Postman, Selenium",85000,110000,RUB
105115,2024-07-13,Backend Developer,Junior,Казань,Гибрид,Крупная (1000+),"Docker, Git, Kubernetes, PostgreSQL, Python, SQL",34000,40000,RUB
103054,2024-07-14,System Analyst,Middle,Москва,Гибрид,Средняя (250-1000),"BPMN, Git, SQL, UML",84000,107000,RUB
105201,2024-07-14,Data Analyst,Middle,Казань,Удалённо,Средняя (250-1000),"Excel, Git, Power BI, Python, SQL",62000,78000,RUB
104662,2024-07-14,DevOps Engineer,Senior,Краснодар,Офис,Средняя (250-1000),"AWS, Docker, Git, Linux",81000,105000,RUB
104550,2024-07-14,Backend Developer,Middle,Удалённо (Россия),Офис,Малая (50-250),"Git, PostgreSQL, Python",94000,117000,RUB
100347,2024-07-14,Data Analyst,Middle,Санкт-Петербург,Гибрид,Крупная (1000+),"Excel, Git, Power BI, Python, Tableau",63000,84000,RUB
100928,2024-07-14,Backend Developer,Senior,Нижний Новгород,Офис,Средняя (250-1000),"Docker, Git, REST API, SQL",79000,94000,RUB
101645,2024-07-15,Data Analyst,Junior,Санкт-Петербург,Офис,Стартап (<50),"Excel, Power BI, Python",38000,47000,RUB
105240,2024-07-15,QA Engineer,Senior,Екатеринбург,Гибрид,Крупная (1000+),"Git, Postman, Python, SQL, Selenium",97000,121000,RUB
103983,2024-07-15,Data Analyst,Junior,Москва,Удалённо,Малая (50-250),"Excel, Git, Power BI, Python, SQL, Tableau",60000,78000,RUB
102686,2024-07-15,Product Manager,Senior,Санкт-Петербург,Гибрид,Средняя (250-1000),"Agile, Analytics, Confluence, Git, Jira",176000,219000,RUB
103912,2024-07-15,DevOps Engineer,Lead,Казань,Офис,Средняя (250-1000),"AWS, Git, Linux, Terraform",131000,169000,RUB
104895,2024-07-16,ML Engineer,Middle,Удалённо (Россия),Гибрид,Крупная (1000+),"Docker, Git, Kubernetes, MLflow, PyTorch, TensorFlow",125000,147000,RUB
101375,2024-07-16,Data Analyst,Junior,Санкт-Петербург,Гибрид,Средняя (250-1000),"Excel, Git, Power BI, Python, SQL, Tableau",41000,48000,RUB
103359,2024-07-16,QA Engineer,Middle,Екатеринбург,Удалённо,Малая (50-250),"Git, Manual Testing, Python, SQL",38000,48000,RUB
103753,2024-07-16,Full-stack Developer,Senior,Новосибирск,Удалённо,Стартап (<50),"Docker, JavaScript, Node.js, React, SQL",79000,101000,RUB
102659,2024-07-16,DevOps Engineer,Middle,Удалённо (Россия),Офис,Средняя (250-1000),"AWS, CI/CD, Git, Kubernetes",90000,104000,RUB
104355,2024-07-16,Product Manager,Junior,Москва,Гибрид,Малая (50-250),"Agile, Analytics, Git",57000,76000,RUB
105712,2024-07-16,QA Engineer,Senior,Москва,Офис,Средняя (250-1000),"Git, Manual Testing, Postman, Python",109000,133000,RUB
101010,2024-07-17,Data Analyst,Junior,Санкт-Петербург,Офис,Средняя (250-1000),"Excel, Git, Power BI, Tableau",35000,47000,RUB
105318,2024-07-17,Data Engineer,Middle,Удалённо (Россия),Удалённо,Малая (50-250),"ClickHouse, Docker, Git, Python, Spark",87000,117000,RUB
101820,2024-07-17,Data Scientist,Middle,Удалённо (Россия),Офис,Средняя (250-1000),"Docker, Git, PyTorch, Python, Scikit-learn, Statistics",99000,120000,RUB
100481,2024-07-17,Data Scientist,Senior,Удалённо (Россия),Офис,Стартап (<50),"Git, Pandas, PyTorch, SQL",143000,184000,RUB
105826,2024-07-17,Full-stack Developer,Middle,Москва,Гибрид,Малая (50-250),"Git, JavaScript, React",115000,143000,RUB
100758,2024-07-17,ML Engineer,Middle,Казань,Гибрид,Стартап (<50),"Docker, Git, Kubernetes, PyTorch, TensorFlow",76000,99000,RUB
102528,2024-07-17,Frontend Developer,Senior,Нижний Новгород,Офис,Средняя (250-1000),"Git, HTML, React, TypeScript",76000,95000,RUB
104334,2024-07-18,Backend Developer,Lead,Москва,Удалённо,Стартап (<50),"Docker, Git, Kubernetes, PostgreSQL, REST API",181000,227000,RUB
101201,2024-07-18,ML Engineer,Junior,Удалённо (Россия),Гибрид,Стартап (<50),"Git, MLflow, PyTorch, TensorFlow",57000,66000,RUB
105917,2024-07-18,Full-stack Developer,Senior,Москва,Гибрид,Стартап (<50),"Docker, Git, JavaScript, Node.js, React, SQL",152000,186000,RUB
105113,2024-07-19,System Analyst,Junior,Москва,Удалённо,Средняя (250-1000),"BPMN, Confluence, Git, Jira, SQL, UML",54000,70000,RUB
100122,2024-07-19,Frontend Developer,Middle,Краснодар,Офис,Стартап (<50),"CSS, Git, HTML, JavaScript, React",45000,56000,RUB
103725,2024-07-19,QA Engineer,Middle,Краснодар,Гибрид,Средняя (250-1000),"Git, Manual Testing, Postman, Python, SQL, Selenium",34000,46000,RUB
104029,2024-07-19,Backend Developer,Junior,Москва,Офис,Крупная (1000+),"Docker, Git, Java, PostgreSQL, REST API",57000,76000,RUB
101258,2024-07-19,Product Manager,Middle,Москва,Гибрид,Стартап (<50),"Agile, Analytics, Confluence, SQL",98000,120000,RUB
100073,2024-07-19,Backend Developer,Middle,Екатеринбург,Гибрид,Малая (50-250),"Git, Kubernetes, PostgreSQL, Python, REST API",68000,82000,RUB
101758,2024-07-19,Backend Developer,Junior,Екатеринбург,Офис,Малая (50-250),"Docker, Git, Kubernetes, PostgreSQL, Python, REST API",30000,40000,RUB
102367,2024-07-20,QA Engineer,Middle,Санкт-Петербург,Гибрид,Средняя (250-1000),"Git, Manual Testing, Postman, Python, SQL",68000,84000,RUB
103615,2024-07-20,Data Analyst,Middle,Краснодар,Офис,Средняя (250-1000),"Excel, Git, Power BI, Python, SQL, Tableau",52000,60000,RUB
104004,2024-07-20,Product Manager,Senior,Санкт-Петербург,Гибрид,Стартап (<50),"Agile, Analytics, Git, Jira, SQL",148000,189000,RUB
102162,2024-07-20,Full-stack Developer,Middle,Москва,Офис,Малая (50-250),"Docker, Git, Node.js, SQL",100000,121000,RUB
104496,2024-07-20,DevOps Engineer,Junior,Казань,Гибрид,Малая (50-250),"CI/CD, Docker, Git, Kubernetes, Terraform",40000,52000,RUB
102724,2024-07-20,Full-stack Developer,Middle,Удалённо (Россия),Офис,Малая (50-250),"Docker, Git, Node.js, SQL",82000,103000,RUB
103206,2024-07-20,DevOps Engineer,Senior,Москва,Офис,Крупная (1000+),"Git, Kubernetes, Linux, Terraform",229000,264000,RUB
101537,2024-07-20,Data Engineer,Lead,Казань,Удалённо,Стартап (<50),"Docker, Git, Kafka, Python, SQL, Spark",154000,195000,RUB
100392,2024-07-20,Mobile Developer,Middle,Удалённо (Россия),Офис,Средняя (250-1000),"Git, Kotlin, REST API, SQL, Swift",76000,88000,RUB
105464,2024-07-20,Data Engineer,Lead,Москва,Удалённо,Малая (50-250),"Airflow, ClickHouse, Docker, Git, Kafka, Spark",252000,332000,RUB
100414,2024-07-21,Data Scientist,Middle,Москва,Гибрид,Крупная (1000+),"Docker, Git, PyTorch, Statistics",154000,197000,RUB
105004,2024-07-21,Data Analyst,Middle,Санкт-Петербург,Гибрид,Средняя (250-1000),"Excel, Git, Python, SQL, Tableau",76000,93000,RUB
102562,2024-07-21,ML Engineer,Junior,Краснодар,Удалённо,Малая (50-250),"Git, Kubernetes, MLflow, Python",44000,58000,RUB
104284,2024-07-21,Data Engineer,Middle,Удалённо (Россия),Удалённо,Средняя (250-1000),"Airflow, ClickHouse, Docker, Git",136000,157000,RUB
100521,2024-07-21,Data Scientist,Lead,Екатеринбург,Гибрид,Малая (50-250),"Git, Pandas, PyTorch, Python, SQL, Scikit-learn",134000,174000,RUB
101757,2024-07-21,Data Analyst,Junior,Москва,Удалённо,Малая (50-250),"Excel, Git, Power BI, SQL, Tableau",54000,67000,RUB
105291,2024-07-21,Backend Developer,Middle,Удалённо (Россия),Удалённо,Стартап (<50),"Git, REST API, SQL",79000,99000,RUB
102291,2024-07-22,Frontend Developer,Senior,Нижний Новгород,Гибрид,Средняя (250-1000),"CSS, Git, HTML, React, TypeScript",88000,107000,RUB
104741,2024-07-22,ML Engineer,Junior,Удалённо (Россия),Офис,Крупная (1000+),"Docker, Git, Kubernetes, Python, TensorFlow",59000,74000,RUB
102289,2024-07-22,System Analyst,Middle,Краснодар,Удалённо,Средняя (250-1000),"Git, Jira, SQL, UML",58000,70000,RUB
101871,2024-07-22,ML Engineer,Senior,Москва,Офис,Малая (50-250),"Git, Kubernetes, MLflow, PyTorch, TensorFlow",184000,245000,RUB
101866,2024-07-22,Full-stack Developer,Junior,Москва,Офис,Средняя (250-1000),"Git, JavaScript, Node.js, React, SQL",56000,65000,RUB
105559,2024-07-22,ML Engineer,Middle,Краснодар,Удалённо,Средняя (250-1000),"Docker, Git, Kubernetes, MLflow, Python, TensorFlow",68000,85000,RUB
102783,2024-07-22,Frontend Developer,Junior,Москва,Удалённо,Стартап (<50),"Git, HTML, React",46000,60000,RUB
103179,2024-07-23,Data Scientist,Middle,Краснодар,Офис,Средняя (250-1000),"Git, Pandas, Statistics",59000,74000,RUB
105385,2024-07-23,Backend Developer,Senior,Краснодар,Офис,Стартап (<50),"Docker, Git, PostgreSQL, REST API",67000,85000,RUB
102972,2024-07-23,Frontend Developer,Senior,Москва,Гибрид,Стартап (<50),"CSS, Git, HTML, JavaScript, React, TypeScript",134000,160000,RUB
101097,2024-07-23,DevOps Engineer,Lead,Санкт-Петербург,Удалённо,Средняя (250-1000),"AWS, CI/CD, Docker, Git, Kubernetes, Terraform",216000,252000,RUB
104819,2024-07-23,Product Manager,Middle,Москва,Гибрид,Малая (50-250),"Analytics, Git, Jira, SQL",118000,144000,RUB
103724,2024-07-23,Full-stack Developer,Middle,Москва,Офис,Стартап (<50),"Docker, Git, JavaScript, Node.js, React, SQL",79000,97000,RUB
100718,2024-07-23,Data Analyst,Middle,Екатеринбург,Гибрид,Стартап (<50),"Git, Power BI, SQL, Tableau",50000,59000,RUB
102639,2024-07-23,Data Analyst,Middle,Краснодар,Удалённо,Средняя (250-1000),"Git, Power BI, SQL, Tableau",56000,72000,RUB
104629,2024-07-23,Backend Developer,Middle,Москва,Гибрид,Средняя (250-1000),"Git, Java, SQL",77000,95000,RUB
101813,2024-07-23,Data Analyst,Junior,Удалённо (Россия),Удалённо,Стартап (<50),"Excel, Git, Power BI, Tableau",35000,43000,RUB
104272,2024-07-23,Mobile Developer,Senior,Казань,Гибрид,Стартап (<50),"Git, Kotlin, REST API, SQL",73000,96000,RUB
104426,2024-07-23,System Analyst,Senior,Москва,Офис,Малая (50-250),"Git, Jira, SQL, UML",124000,163000,RUB
104076,2024-07-24,Product Manager,Junior,Удалённо (Россия),Офис,Средняя (250-1000),"Analytics, Confluence, Git, Jira",50000,65000,RUB
103622,2024-07-24,Data Scientist,Junior,Москва,Удалённо,Средняя (250-1000),"Docker, Git, Pandas, Python, SQL",68000,81000,RUB
105373,2024-07-24,Data Scientist,Senior,Москва,Удалённо,Средняя (250-1000),"Git, PyTorch, Python, Statistics",162000,192000,RUB
105273,2024-07-24,Data Scientist,Junior,Санкт-Петербург,Офис,Средняя (250-1000),"Git, Pandas, PyTorch, Scikit-learn",49000,58000,RUB
104450,2024-07-24,QA Engineer,Middle,Москва,Удалённо,Стартап (<50),"Git, Manual Testing, Postman, Python, SQL, Selenium",65000,85000,RUB
104301,2024-07-24,Backend Developer,Junior,Москва,Гибрид,Крупная (1000+),"Docker, Git, SQL",58000,68000,RUB
101581,2024-07-25,Full-stack Developer,Middle,Санкт-Петербург,Удалённо,Стартап (<50),"Docker, Git, JavaScript, React, SQL",56000,74000,RUB
103033,2024-07-25,Backend Developer,Middle,Удалённо (Россия),Офис,Стартап (<50),"Docker, Git, Kubernetes, PostgreSQL, Python, REST API",95000,110000,RUB
100755,2024-07-25,Backend Developer,Middle,Москва,Гибрид,Средняя (250-1000),"Git, Java, PostgreSQL, Python, SQL",86000,104000,RUB
103896,2024-07-25,Frontend Developer,Junior,Москва,Гибрид,Стартап (<50),"CSS, Git, JavaScript, React, TypeScript",56000,65000,RUB
102800,2024-07-26,Mobile Developer,Senior,Краснодар,Гибрид,Средняя (250-1000),"Git, Kotlin, SQL, Swift",90000,104000,RUB
102398,2024-07-26,System Analyst,Middle,Санкт-Петербург,Удалённо,Малая (50-250),"BPMN, Confluence, Git, Jira, SQL, UML",90000,120000,RUB
102337,2024-07-27,Data Scientist,Middle,Нижний Новгород,Офис,Средняя (250-1000),"Git, Pandas, PyTorch, Python, Scikit-learn, Statistics",79000,97000,RUB
100240,2024-07-27,Backend Developer,Junior,Москва,Гибрид,Средняя (250-1000),"Docker, Git, Java, Kubernetes, REST API",60000,80000,RUB
104295,2024-07-27,Data Engineer,Junior,Удалённо (Россия),Гибрид,Стартап (<50),"Airflow, Docker, SQL",50000,59000,RUB
101944,2024-07-28,Backend Developer,Senior,Удалённо (Россия),Удалённо,Стартап (<50),"Docker, Git, PostgreSQL, Python, REST API",157000,201000,RUB
102161,2024-07-28,System Analyst,Senior,Москва,Гибрид,Крупная (1000+),"BPMN, Confluence, Git, Jira, UML",144000,178000,RUB
105274,2024-07-28,ML Engineer,Middle,Москва,Офис,Стартап (<50),"Docker, Git, MLflow, PyTorch, Python, TensorFlow",97000,120000,RUB
102183,2024-07-28,QA Engineer,Junior,Санкт-Петербург,Офис,Малая (50-250),"Git, Postman, Python, SQL, Selenium",30000,37000,RUB
102342,2024-07-28,Mobile Developer,Junior,Краснодар,Гибрид,Крупная (1000+),"Git, Kotlin, SQL, Swift",30000,39000,RUB
103808,2024-07-28,Mobile Developer,Middle,Москва,Гибрид,Крупная (1000+),"Git, Kotlin, REST API, SQL, Swift",116000,149000,RUB
104803,2024-07-28,Frontend Developer,Middle,Москва,Офис,Малая (50-250),"Git, HTML, JavaScript, React",80000,94000,RUB
100832,2024-07-29,Backend Developer,Middle,Удалённо (Россия),Гибрид,Малая (50-250),"Git, Kubernetes, PostgreSQL",86000,103000,RUB
101245,2024-07-29,Product Manager,Middle,Новосибирск,Гибрид,Стартап (<50),"Agile, Analytics, Confluence, Git, Jira, SQL",56000,74000,RUB
100319,2024-07-29,Data Analyst,Junior,Удалённо (Россия),Удалённо,Средняя (250-1000),"Excel, Git, Power BI, Python, SQL",49000,64000,RUB
102426,2024-07-29,Data Engineer,Middle,Нижний Новгород,Офис,Стартап (<50),"Airflow, ClickHouse, Git, Python, SQL, Spark",57000,69000,RUB
104007,2024-07-29,Data Analyst,Middle,Москва,Гибрид,Малая (50-250),"Git, Power BI, SQL, Tableau",82000,109000,RUB
101176,2024-07-30,Backend Developer,Middle,Краснодар,Офис,Крупная (1000+),"Git, Kubernetes, Python, SQL",43000,56000,RUB
103405,2024-07-30,ML Engineer,Senior,Казань,Удалённо,Средняя (250-1000),"Docker, Git, Kubernetes, MLflow, Python",120000,142000,RUB
103473,2024-07-31,Backend Developer,Senior,Удалённо (Россия),Гибрид,Стартап (<50),"Git, Python, REST API",149000,189000,RUB
101689,2024-07-31,Data Engineer,Junior,Краснодар,Удалённо,Крупная (1000+),"Airflow, ClickHouse, Git, Python, SQL, Spark",40000,52000,RUB
103703,2024-07-31,QA Engineer,Senior,Казань,Гибрид,Средняя (250-1000),"Git, Manual Testing, Postman, Python, SQL, Selenium",70000,86000,RUB
105275,2024-07-31,Full-stack Developer,Junior,Москва,Офис,Малая (50-250),"Docker, Git, Node.js, React",45000,58000,RUB
104382,2024-07-31,System Analyst,Middle,Новосибирск,Гибрид,Крупная (1000+),"BPMN, Git, Jira, UML",54000,65000,RUB
101080,2024-07-31,DevOps Engineer,Lead,Москва,Гибрид,Малая (50-250),"CI/CD, Docker, Git, Kubernetes, Linux, Terraform",211000,268000,RUB
105716,2024-08-01,QA Engineer,Senior,Краснодар,Офис,Средняя (250-1000),"Git, Manual Testing, Postman, Python",62000,79000,RUB
102368,2024-08-01,Mobile Developer,Middle,Москва,Офис,Крупная (1000+),"Git, REST API, SQL, Swift",81000,99000,RUB
104037,2024-08-01,Data Analyst,Senior,Нижний Новгород,Офис,Малая (50-250),"Excel, Git, Power BI, Python, SQL, Tableau",54000,71000,RUB
103419,2024-08-01,Data Engineer,Senior,Удалённо (Россия),Удалённо,Стартап (<50),"Docker, Git, Kafka, Python, Spark",173000,215000,RUB
101506,2024-08-01,Data Analyst,Senior,Санкт-Петербург,Офис,Средняя (250-1000),"Excel, Git, Tableau",107000,137000,RUB
101750,2024-08-01,DevOps Engineer,Middle,Новосибирск,Гибрид,Крупная (1000+),"AWS, CI/CD, Docker, Kubernetes",79000,92000,RUB
102881,2024-08-02,Data Analyst,Junior,Краснодар,Удалённо,Стартап (<50),"Git, Power BI, SQL, Tableau",30000,40000,RUB
104098,2024-08-02,System Analyst,Junior,Москва,Гибрид,Средняя (250-1000),"BPMN, Confluence, Git, SQL, UML",51000,68000,RUB
100804,2024-08-02,Mobile Developer,Junior,Москва,Удалённо,Малая (50-250),"Git, Kotlin, REST API, SQL, Swift",55000,69000,RUB
101802,2024-08-02,Mobile Developer,Senior,Санкт-Петербург,Удалённо,Крупная (1000+),"Git, REST API, Swift",171000,212000,RUB
105388,2024-08-02,QA Engineer,Middle,Удалённо (Россия),Гибрид,Малая (50-250),"Git, Postman, Python, SQL",65000,85000,RUB
102004,2024-08-02,Backend Developer,Middle,Удалённо (Россия),Удалённо,Средняя (250-1000),"Docker, Git, Kubernetes, PostgreSQL, Python, REST API, SQL",105000,123000,RUB
104882,2024-08-03,ML Engineer,Lead,Москва,Офис,Средняя (250-1000),"Docker, Git, Kubernetes, MLflow",315000,411000,RUB
104754,2024-08-03,Data Analyst,Middle,Удалённо (Россия),Офис,Малая (50-250),"Excel, Git, Python, SQL, Tableau",50000,64000,RUB
103329,2024-08-03,ML Engineer,Middle,Новосибирск,Офис,Стартап (<50),"Git, Kubernetes, PyTorch, Python, TensorFlow",61000,72000,RUB
100841,2024-08-03,Backend Developer,Lead,Москва,Удалённо,Крупная (1000+),"Docker, Git, PostgreSQL, REST API, SQL",283000,327000,RUB
104094,2024-08-03,Frontend Developer,Junior,Москва,Гибрид,Стартап (<50),"CSS, Git, HTML, JavaScript, React, TypeScript",39000,50000,RUB
101296,2024-08-03,QA Engineer,Senior,Москва,Удалённо,Малая (50-250),"Manual Testing, Postman, SQL, Selenium",130000,158000,RUB
100588,2024-08-03,Mobile Developer,Junior,Новосибирск,Удалённо,Малая (50-250),"Git, Kotlin, REST API, SQL, Swift",35000,42000,RUB
103456,2024-08-03,Mobile Developer,Middle,Краснодар,Гибрид,Средняя (250-1000),"Git, SQL, Swift",57000,70000,RUB
103834,2024-08-03,Backend Developer,Lead,Санкт-Петербург,Гибрид,Малая (50-250),"Docker, Git, Java, Python, SQL",178000,214000,RUB
103138,2024-08-03,Data Analyst,Senior,Москва,Удалённо,Малая (50-250),"Excel, Git, Power BI, Python, SQL, Tableau",110000,130000,RUB
105810,2024-08-04,Mobile Developer,Middle,Москва,Удалённо,Стартап (<50),"Git, Kotlin, SQL",133000,157000,RUB
103132,2024-08-04,Full-stack Developer,Junior,Нижний Новгород,Офис,Малая (50-250),"JavaScript, Node.js, SQL",38000,49000,RUB
103879,2024-08-04,Product Manager,Junior,Москва,Удалённо,Малая (50-250),"Agile, Confluence, Git, Jira, SQL",74000,97000,RUB
102219,2024-08-04,Data Analyst,Middle,Казань,Удалённо,Крупная (1000+),"Excel, Git, Power BI, Python",67000,78000,RUB
102118,2024-08-04,Data Analyst,Middle,Удалённо (Россия),Гибрид,Малая (50-250),"Excel, Python, SQL, Tableau",82000,110000,RUB
100743,2024-08-04,Data Analyst,Senior,Санкт-Петербург,Удалённо,Средняя (250-1000),"Excel, Git, Power BI, Python, SQL, Tableau",130000,151000,RUB
100739,2024-08-04,Backend Developer,Senior,Москва,Офис,Стартап (<50),"Git, Kubernetes, Python, REST API",142000,165000,RUB
105615,2024-08-05,DevOps Engineer,Middle,Москва,Гибрид,Крупная (1000+),"AWS, CI/CD, Git, Kubernetes, Linux, Terraform",150000,179000,RUB
105768,2024-08-05,Frontend Developer,Junior,Санкт-Петербург,Гибрид,Средняя (250-1000),"CSS, Git, HTML, JavaScript",38000,46000,RUB
102940,2024-08-05,Full-stack Developer,Middle,Удалённо (Россия),Гибрид,Малая (50-250),"Docker, Git, JavaScript, Node.js, React",83000,103000,RUB
100267,2024-08-05,Product Manager,Senior,Москва,Удалённо,Средняя (250-1000),"Confluence, Git, Jira, SQL",171000,218000,RUB
100488,2024-08-05,Full-stack Developer,Junior,Удалённо (Россия),Удалённо,Крупная (1000+),"Docker, Git, JavaScript, Node.js, React, SQL",56000,67000,RUB
101696,2024-08-06,System Analyst,Junior,Нижний Новгород,Удалённо,Средняя (250-1000),"Confluence, Git, Jira",35000,43000,RUB
104196,2024-08-06,Backend Developer,Senior,Нижний Новгород,Офис,Крупная (1000+),"Docker, PostgreSQL, Python, REST API",128000,158000,RUB
104486,2024-08-06,Data Engineer,Middle,Санкт-Петербург,Гибрид,Малая (50-250),"ClickHouse, Git, Python, Spark",93000,122000,RUB
100272,2024-08-06,DevOps Engineer,Middle,Нижний Новгород,Офис,Малая (50-250),"Git, Kubernetes, Linux, Terraform",57000,72000,RUB
102507,2024-08-06,Mobile Developer,Junior,Краснодар,Офис,Крупная (1000+),"Git, Kotlin, REST API, SQL, Swift",31000,38000,RUB
105160,2024-08-06,DevOps Engineer,Middle,Москва,Гибрид,Стартап (<50),"CI/CD, Docker, Git, Kubernetes, Linux, Terraform",117000,136000,RUB
100940,2024-08-06,DevOps Engineer,Middle,Удалённо (Россия),Офис,Крупная (1000+),"AWS, CI/CD, Git, Kubernetes, Linux, Terraform",95000,124000,RUB
104183,2024-08-07,DevOps Engineer,Senior,Москва,Удалённо,Малая (50-250),"Docker, Git, Kubernetes, Linux",199000,241000,RUB
100987,2024-08-07,DevOps Engineer,Junior,Казань,Гибрид,Стартап (<50),"Docker, Git, Terraform",46000,57000,RUB
102572,2024-08-07,Data Engineer,Junior,Москва,Гибрид,Средняя (250-1000),"ClickHouse, Git, Kafka, Spark",77000,95000,RUB
101406,2024-08-08,Mobile Developer,Senior,Удалённо (Россия),Удалённо,Средняя (250-1000),"Git, Kotlin, REST API, SQL, Swift",102000,124000,RUB
100691,2024-08-08,Data Analyst,Middle,Санкт-Петербург,Офис,Малая (50-250),"Excel, Git, Power BI, Tableau",60000,70000,RUB
105511,2024-08-08,Frontend Developer,Lead,Москва,Удалённо,Крупная (1000+),"CSS, Git, JavaScript, React, TypeScript",187000,226000,RUB
100021,2024-08-08,Mobile Developer,Junior,Удалённо (Россия),Офис,Стартап (<50),"Git, SQL, Swift",38000,44000,RUB
104582,2024-08-08,Product Manager,Senior,Санкт-Петербург,Удалённо,Средняя (250-1000),"Analytics, Git, Jira, SQL",165000,212000,RUB
103251,2024-08-09,Backend Developer,Junior,Санкт-Петербург,Гибрид,Средняя (250-1000),"Git, Java, Kubernetes, REST API",45000,57000,RUB
105132,2024-08-09,ML Engineer,Lead,Москва,Удалённо,Крупная (1000+),"Git, Kubernetes, PyTorch, TensorFlow",222000,273000,RUB
105592,2024-08-10,Product Manager,Junior,Москва,Удалённо,Малая (50-250),"Agile, Analytics, Git, SQL",84000,99000,RUB
103278,2024-08-10,Full-stack Developer,Senior,Удалённо (Россия),Удалённо,Малая (50-250),"Docker, Git, JavaScript, Node.js, React, SQL",152000,188000,RUB
104041,2024-08-10,Backend Developer,Senior,Новосибирск,Гибрид,Средняя (250-1000),"Docker, Java, Kubernetes, Python",126000,152000,RUB
102090,2024-08-10,Mobile Developer,Junior,Удалённо (Россия),Удалённо,Крупная (1000+),"Git, Kotlin, REST API, SQL, Swift",53000,69000,RUB
101629,2024-08-10,Backend Developer,Middle,Москва,Гибрид,Малая (50-250),"Docker, Git, Kubernetes, PostgreSQL, Python, REST API",90000,105000,RUB
101599,2024-08-10,Backend Developer,Lead,Москва,Удалённо,Стартап (<50),"Git, Java, REST API, SQL",204000,248000,RUB
102204,2024-08-10,System Analyst,Junior,Удалённо (Россия),Удалённо,Крупная (1000+),"BPMN, Confluence, Git, Jira",52000,64000,RUB
104248,2024-08-10,Data Engineer,Senior,Москва,Удалённо,Стартап (<50),"Airflow, Git, Kafka, Python, SQL, Spark",198000,232000,RUB
100676,2024-08-10,QA Engineer,Senior,Москва,Гибрид,Стартап (<50),"Git, Python, SQL, Selenium",81000,103000,RUB
103657,2024-08-10,Backend Developer,Middle,Москва,Удалённо,Малая (50-250),"Docker, Git, Java, Kubernetes, Python, SQL",116000,156000,RUB
102008,2024-08-10,Data Scientist,Junior,Удалённо (Россия),Офис,Крупная (1000+),"Git, Pandas, Python, SQL, Scikit-learn, Statistics",73000,95000,RUB
103516,2024-08-11,DevOps Engineer,Middle,Краснодар,Офис,Малая (50-250),"CI/CD, Docker, Git, Kubernetes",52000,63000,RUB
103404,2024-08-11,Data Analyst,Middle,Удалённо (Россия),Удалённо,Стартап (<50),"Excel, Git, Power BI, Python, SQL, Tableau",63000,74000,RUB
100622,2024-08-11,Data Engineer,Middle,Удалённо (Россия),Гибрид,Малая (50-250),"Airflow, Docker, Git, Kafka, Python, SQL, Spark",106000,123000,RUB
104473,2024-08-11,Backend Developer,Senior,Удалённо (Россия),Офис,Малая (50-250),"Docker, Java, Kubernetes, PostgreSQL, Python, REST API",168000,196000,RUB
104898,2024-08-12,Mobile Developer,Junior,Санкт-Петербург,Удалённо,Малая (50-250),"Git, Kotlin, REST API, SQL",48000,56000,RUB
101946,2024-08-12,Mobile Developer,Junior,Новосибирск,Удалённо,Малая (50-250),"Git, Kotlin, REST API, SQL, Swift",37000,44000,RUB
100257,2024-08-12,Mobile Developer,Middle,Удалённо (Россия),Гибрид,Малая (50-250),"Git, Kotlin, REST API, Swift",93000,118000,RUB
100775,2024-08-12,Data Scientist,Middle,Москва,Гибрид,Малая (50-250),"Git, Pandas, PyTorch, SQL",95000,112000,RUB
100325,2024-08-12,Backend Developer,Middle,Удалённо (Россия),Гибрид,Средняя (250-1000),"Docker, Git, Java, Kubernetes, Python",114000,150000,RUB
104633,2024-08-12,Mobile Developer,Senior,Москва,Удалённо,Стартап (<50),"Git, Kotlin, REST API, SQL, Swift",155000,204000,RUB
103746,2024-08-12,DevOps Engineer,Middle,Санкт-Петербург,Офис,Крупная (1000+),"AWS, CI/CD, Git, Kubernetes, Linux, Terraform",95000,109000,RUB
105378,2024-08-12,Data Scientist,Middle,Екатеринбург,Офис,Средняя (250-1000),"Docker, Git, SQL",65000,75000,RUB
104431,2024-08-12,Data Analyst,Middle,Казань,Офис,Малая (50-250),"Excel, Git, Power BI, Python, SQL, Tableau",52000,66000,RUB
105633,2024-08-13,Backend Developer,Senior,Екатеринбург,Гибрид,Крупная (1000+),"Java, PostgreSQL, Python, SQL",108000,137000,RUB
100958,2024-08-13,Data Engineer,Middle,Москва,Удалённо,Малая (50-250),"ClickHouse, Git, Python",128000,155000,RUB
101067,2024-08-13,DevOps Engineer,Middle,Удалённо (Россия),Удалённо,Крупная (1000+),"AWS, Docker, Git, Kubernetes, Linux, Terraform",127000,151000,RUB
103538,2024-08-13,QA Engineer,Senior,Нижний Новгород,Удалённо,Малая (50-250),"Git, Manual Testing, Python",81000,100000,RUB
103994,2024-08-13,Data Scientist,Junior,Краснодар,Удалённо,Средняя (250-1000),"Docker, Git, Pandas, PyTorch, SQL, Scikit-learn, Statistics",40000,53000,RUB
102596,2024-08-13,Data Engineer,Junior,Москва,Удалённо,Средняя (250-1000),"Docker, Git, Kafka, SQL, Spark",60000,79000,RUB
103996,2024-08-13,Data Analyst,Middle,Краснодар,Удалённо,Средняя (250-1000),"Git, Python, SQL, Tableau",50000,61000,RUB
104173,2024-08-14,Data Analyst,Middle,Удалённо (Россия),Удалённо,Крупная (1000+),"Excel, Git, Python, Tableau",90000,114000,RUB
104434,2024-08-14,Product Manager,Senior,Краснодар,Офис,Средняя (250-1000),"Agile, Analytics, Confluence, Git, Jira, SQL",75000,100000,RUB
103099,2024-08-14,Data Engineer,Junior,Удалённо (Россия),Офис,Малая (50-250),"Airflow, ClickHouse, Docker, Git, Kafka",50000,68000,RUB
102913,2024-08-14,Data Analyst,Senior,Новосибирск,Гибрид,Крупная (1000+),"Excel, Git, Power BI",123000,150000,RUB
105999,2024-08-14,System Analyst,Middle,Казань,Офис,Малая (50-250),"BPMN, Git, UML",46000,53000,RUB
100328,2024-08-14,Full-stack Developer,Junior,Удалённо (Россия),Офис,Средняя (250-1000),"Docker, Git, JavaScript, React, SQL",38000,46000,RUB
105475,2024-08-14,QA Engineer,Junior,Удалённо (Россия),Гибрид,Крупная (1000+),"Git, Postman, Python",36000,43000,RUB
105334,2024-08-14,System Analyst,Senior,Москва,Гибрид,Крупная (1000+),"BPMN, Confluence, Git, UML",157000,211000,RUB
104153,2024-08-15,Data Engineer,Senior,Новосибирск,Офис,Крупная (1000+),"ClickHouse, Docker, Git, Kafka, Python, SQL",133000,176000,RUB
105028,2024-08-15,Backend Developer,Senior,Москва,Офис,Малая (50-250),"Docker, Git, Java, Kubernetes, Python, REST API",181000,242000,RUB
100791,2024-08-15,Data Scientist,Middle,Новосибирск,Офис,Крупная (1000+),"Git, Python, SQL, Statistics",79000,93000,RUB
105957,2024-08-15,Mobile Developer,Senior,Нижний Новгород,Удалённо,Стартап (<50),"Git, Kotlin, REST API, SQL, Swift",83000,97000,RUB
102967,2024-08-15,Data Scientist,Middle,Новосибирск,Офис,Крупная (1000+),"Docker, Git, Pandas, SQL",92000,110000,RUB
103786,2024-08-15,System Analyst,Junior,Удалённо (Россия),Удалённо,Стартап (<50),"BPMN, Confluence, Git, Jira, SQL, UML",48000,62000,RUB
101670,2024-08-15,ML Engineer,Senior,Москва,Офис,Малая (50-250),"Docker, Git, Kubernetes, MLflow, TensorFlow",216000,259000,RUB
102193,2024-08-15,ML Engineer,Senior,Удалённо (Россия),Офис,Крупная (1000+),"Docker, Git, MLflow, PyTorch, Python",195000,226000,RUB
100338,2024-08-15,Full-stack Developer,Middle,Казань,Офис,Крупная (1000+),"Docker, Git, Node.js, React",54000,65000,RUB
102023,2024-08-15,DevOps Engineer,Senior,Москва,Удалённо,Стартап (<50),"AWS, CI/CD, Docker, Git, Linux, Terraform",189000,250000,RUB
104859,2024-08-15,Full-stack Developer,Junior,Москва,Гибрид,Малая (50-250),"Docker, Git, JavaScript, Node.js, React, SQL",58000,72000,RUB
102045,2024-08-16,QA Engineer,Middle,Нижний Новгород,Офис,Малая (50-250),"Git, Manual Testing, Postman, Python, Selenium",30000,38000,RUB
104795,2024-08-16,DevOps Engineer,Middle,Екатеринбург,Гибрид,Средняя (250-1000),"CI/CD, Git, Linux, Terraform",78000,105000,RUB
100180,2024-08-17,System Analyst,Junior,Удалённо (Россия),Удалённо,Стартап (<50),"BPMN, Confluence, Git, Jira, SQL, UML",40000,47000,RUB
103835,2024-08-17,Full-stack Developer,Junior,Удалённо (Россия),Гибрид,Малая (50-250),"Node.js, React, SQL",53000,64000,RUB
101122,2024-08-17,Data Engineer,Junior,Санкт-Петербург,Гибрид,Малая (50-250),"Airflow, ClickHouse, Docker, Git, Kafka",44000,55000,RUB
103260,2024-08-17,Frontend Developer,Junior,Москва,Гибрид,Малая (50-250),"CSS, Git, HTML, JavaScript, React",37000,46000,RUB
101359,2024-08-17,Product Manager,Senior,Санкт-Петербург,Удалённо,Крупная (1000+),"Agile, Analytics, Git, Jira",191000,222000,RUB
105382,2024-08-17,Frontend Developer,Junior,Казань,Офис,Стартап (<50),"CSS, Git, HTML, JavaScript, React, TypeScript",30000,38000,RUB
103599,2024-08-17,Product Manager,Middle,Москва,Удалённо,Малая (50-250),"Agile, Analytics, Confluence, Git, Jira",114000,132000,RUB
103505,2024-08-17,Frontend Developer,Middle,Краснодар,Офис,Средняя (250-1000),"CSS, Git, HTML, JavaScript, React, TypeScript",52000,63000,RUB
103106,2024-08-17,System Analyst,Senior,Москва,Удалённо,Стартап (<50),"Confluence, Git, Jira, SQL",128000,149000,RUB
101225,2024-08-18,Frontend Developer,Lead,Санкт-Петербург,Удалённо,Стартап (<50),"CSS, Git, HTML, JavaScript, TypeScript",186000,245000,RUB
105316,2024-08-18,Frontend Developer,Middle,Санкт-Петербург,Удалённо,Стартап (<50),"CSS, Git, HTML, JavaScript",58000,74000,RUB
102649,2024-08-18,DevOps Engineer,Middle,Москва,Удалённо,Малая (50-250),"AWS, Docker, Git, Linux, Terraform",122000,154000,RUB
103104,2024-08-18,DevOps Engineer,Junior,Москва,Офис,Крупная (1000+),"AWS, CI/CD, Docker, Git, Kubernetes, Linux, Terraform",76000,94000,RUB
100192,2024-08-18,DevOps Engineer,Middle,Удалённо (Россия),Гибрид,Стартап (<50),"Docker, Git, Kubernetes, Linux",114000,145000,RUB
100477,2024-08-18,Full-stack Developer,Middle,Нижний Новгород,Гибрид,Стартап (<50),"Git, JavaScript, Node.js, React, SQL",63000,76000,RUB
105356,2024-08-18,QA Engineer,Middle,Москва,Удалённо,Крупная (1000+),"Git, Postman, SQL, Selenium",111000,131000,RUB
104223,2024-08-18,Backend Developer,Senior,Удалённо (Россия),Удалённо,Средняя (250-1000),"Docker, Git, PostgreSQL, Python",188000,239000,RUB
101538,2024-08-18,QA Engineer,Middle,Казань,Офис,Стартап (<50),"Git, Postman, Python, SQL, Selenium",41000,55000,RUB
105054,2024-08-18,System Analyst,Junior,Удалённо (Россия),Гибрид,Средняя (250-1000),"BPMN, Git, Jira, SQL",48000,56000,RUB
105723,2024-08-19,Backend Developer,Middle,Удалённо (Россия),Удалённо,Крупная (1000+),"Docker, Git, Java, Kubernetes, SQL",99000,122000,RUB
105026,2024-08-19,Full-stack Developer,Senior,Москва,Гибрид,Средняя (250-1000),"Git, JavaScript, Node.js, React, SQL",142000,178000,RUB
102911,2024-08-19,System Analyst,Junior,Москва,Гибрид,Средняя (250-1000),"BPMN, Confluence, Git, Jira, SQL",43000,57000,RUB
101207,2024-08-19,QA Engineer,Junior,Москва,Офис,Средняя (250-1000),"Git, Manual Testing, Postman, Python, SQL, Selenium",38000,50000,RUB
101723,2024-08-19,QA Engineer,Senior,Казань,Гибрид,Крупная (1000+),"Git, Manual Testing, Postman, SQL, Selenium",67000,78000,RUB
100563,2024-08-19,Product Manager,Senior,Новосибирск,Удалённо,Стартап (<50),"Agile, Confluence, Git, SQL",113000,130000,RUB
104348,2024-08-20,QA Engineer,Junior,Екатеринбург,Офис,Малая (50-250),"Git, Manual Testing, Postman, Python, SQL, Selenium",30000,40000,RUB
105290,2024-08-20,Mobile Developer,Junior,Удалённо (Россия),Удалённо,Стартап (<50),"Git, Kotlin, REST API, SQL, Swift",49000,65000,RUB
100495,2024-08-20,Backend Developer,Junior,Удалённо (Россия),Удалённо,Стартап (<50),"Docker, PostgreSQL, SQL",55000,69000,RUB
103076,2024-08-21,DevOps Engineer,Senior,Новосибирск,Гибрид,Средняя (250-1000),"CI/CD, Git, Kubernetes, Linux, Terraform",126000,159000,RUB
100053,2024-08-21,Full-stack Developer,Senior,Удалённо (Россия),Гибрид,Малая (50-250),"Docker, Git, JavaScript, Node.js, React, SQL",149000,190000,RUB
100460,2024-08-21,Data Engineer,Middle,Екатеринбург,Удалённо,Малая (50-250),"ClickHouse, Git, Python, Spark",60000,79000,RUB
105051,2024-08-21,Frontend Developer,Junior,Удалённо (Россия),Удалённо,Стартап (<50),"CSS, Git, HTML, JavaScript, React",35000,44000,RUB
104107,2024-08-21,Data Analyst,Senior,Удалённо (Россия),Офис,Малая (50-250),"Git, SQL, Tableau",112000,136000,RUB
100251,2024-08-22,Backend Developer,Middle,Новосибирск,Удалённо,Стартап (<50),"Git, Kubernetes, PostgreSQL, Python",75000,93000,RUB
105904,2024-08-22,System Analyst,Junior,Новосибирск,Гибрид,Стартап (<50),"BPMN, Confluence, Git, Jira, SQL, UML",30000,38000,RUB
103811,2024-08-22,QA Engineer,Middle,Новосибирск,Удалённо,Малая (50-250),"Git, Python, SQL, Selenium",39000,49000,RUB
100589,2024-08-22,Data Analyst,Middle,Удалённо (Россия),Гибрид,Стартап (<50),"Excel, Git, Power BI, Python, Tableau",70000,90000,RUB
105344,2024-08-22,DevOps Engineer,Senior,Удалённо (Россия),Офис,Стартап (<50),"CI/CD, Docker, Git, Kubernetes",159000,194000,RUB
101321,2024-08-22,Full-stack Developer,Middle,Санкт-Петербург,Гибрид,Стартап (<50),"Git, JavaScript, SQL",70000,85000,RUB
103143,2024-08-22,Data Engineer,Junior,Екатеринбург,Офис,Крупная (1000+),"Docker, Git, Kafka, Spark",38000,49000,RUB
100962,2024-08-23,Backend Developer,Middle,Удалённо (Россия),Удалённо,Крупная (1000+),"Docker, Git, Java, Kubernetes, Python, REST API",92000,113000,RUB
101367,2024-08-23,QA Engineer,Senior,Удалённо (Россия),Офис,Стартап (<50),"Git, Python, SQL, Selenium",85000,106000,RUB
103653,2024-08-23,System Analyst,Middle,Москва,Гибрид,Стартап (<50),"BPMN, Confluence, Git, SQL, UML",92000,106000,RUB
102009,2024-08-23,Data Engineer,Senior,Санкт-Петербург,Удалённо,Стартап (<50),"Airflow, ClickHouse, Docker, Git, Python, SQL",164000,217000,RUB
100819,2024-08-23,QA Engineer,Senior,Москва,Гибрид,Малая (50-250),"Postman, Python, Selenium",112000,144000,RUB
105535,2024-08-23,DevOps Engineer,Middle,Удалённо (Россия),Гибрид,Средняя (250-1000),"CI/CD, Git, Kubernetes",109000,131000,RUB
101766,2024-08-24,QA Engineer,Lead,Новосибирск,Офис,Стартап (<50),"Git, Postman, Python, SQL",98000,127000,RUB
105489,2024-08-24,Data Analyst,Middle,Удалённо (Россия),Гибрид,Малая (50-250),"Excel, Git, Power BI, Tableau",65000,77000,RUB
104032,2024-08-24,Backend Developer,Junior,Новосибирск,Офис,Малая (50-250),"Docker, Git, Python, REST API",32000,37000,RUB
100606,2024-08-24,DevOps Engineer,Middle,Екатеринбург,Гибрид,Малая (50-250),"AWS, Docker, Git, Terraform",80000,95000,RUB
101273,2024-08-24,System Analyst,Junior,Удалённо (Россия),Офис,Крупная (1000+),"BPMN, Confluence, Git, Jira, SQL, UML",51000,68000,RUB
102353,2024-08-25,Frontend Developer,Middle,Санкт-Петербург,Удалённо,Стартап (<50),"CSS, Git, HTML, JavaScript, React, TypeScript",91000,123000,RUB
105579,2024-08-25,Backend Developer,Middle,Москва,Гибрид,Малая (50-250),"Git, Java, Kubernetes, Python, REST API",105000,125000,RUB
101534,2024-08-25,Backend Developer,Junior,Москва,Офис,Стартап (<50),"Docker, Git, Java, Python, REST API",51000,61000,RUB
101087,2024-08-25,Data Engineer,Senior,Москва,Удалённо,Крупная (1000+),"Airflow, Docker, Git, Kafka, SQL, Spark",251000,293000,RUB
105036,2024-08-25,System Analyst,Middle,Новосибирск,Гибрид,Стартап (<50),"BPMN, Confluence, Git, Jira, SQL, UML",51000,59000,RUB
105934,2024-08-25,Data Analyst,Middle,Москва,Гибрид,Средняя (250-1000),"Excel, Git, Python, Tableau",76000,95000,RUB
101539,2024-08-26,DevOps Engineer,Senior,Новосибирск,Офис,Крупная (1000+),"AWS, Docker, Git, Linux, Terraform",137000,169000,RUB
100893,2024-08-26,Frontend Developer,Senior,Москва,Гибрид,Крупная (1000+),"CSS, JavaScript, TypeScript",162000,201000,RUB
100795,2024-08-26,Full-stack Developer,Junior,Нижний Новгород,Офис,Средняя (250-1000),"Docker, Git, React, SQL",35000,44000,RUB
100079,2024-08-26,Backend Developer,Senior,Казань,Офис,Малая (50-250),"Docker, Git, Kubernetes, PostgreSQL, SQL",114000,140000,RUB
104144,2024-08-26,Frontend Developer,Junior,Санкт-Петербург,Удалённо,Стартап (<50),"Git, HTML, TypeScript",50000,61000,RUB
104073,2024-08-27,Backend Developer,Junior,Москва,Офис,Средняя (250-1000),"Git, PostgreSQL, REST API, SQL",50000,61000,RUB
104342,2024-08-27,Data Analyst,Junior,Удалённо (Россия),Удалённо,Стартап (<50),"Excel, Git, Power BI, Python, SQL, Tableau",43000,53000,RUB
103239,2024-08-27,Mobile Developer,Middle,Новосибирск,Гибрид,Стартап (<50),"Git, Kotlin, REST API, Swift",55000,70000,RUB
102346,2024-08-27,Backend Developer,Junior,Москва,Удалённо,Малая (50-250),"Docker, Git, Java, PostgreSQL, Python, SQL",55000,68000,RUB
103750,2024-08-27,System Analyst,Junior,Нижний Новгород,Удалённо,Стартап (<50),"BPMN, Confluence, Git, Jira, SQL",30000,39000,RUB
102597,2024-08-29,Product Manager,Junior,Краснодар,Офис,Малая (50-250),"Agile, Confluence, Git, SQL",30000,38000,RUB
105185,2024-08-29,Data Engineer,Middle,Москва,Гибрид,Малая (50-250),"ClickHouse, Git, SQL",109000,132000,RUB
103934,2024-08-29,Frontend Developer,Middle,Санкт-Петербург,Удалённо,Средняя (250-1000),"CSS, Git, HTML, React, TypeScript",93000,116000,RUB
101040,2024-08-29,Frontend Developer,Middle,Екатеринбург,Удалённо,Малая (50-250),"CSS, Git, JavaScript, React",54000,62000,RUB
104770,2024-08-29,Mobile Developer,Junior,Москва,Офис,Крупная (1000+),"Git, REST API, Swift",48000,58000,RUB
101059,2024-08-29,Backend Developer,Senior,Новосибирск,Удалённо,Средняя (250-1000),"Git, REST API, SQL",98000,126000,RUB
104038,2024-08-29,Data Analyst,Senior,Москва,Офис,Малая (50-250),"Excel, Git, Power BI, SQL, Tableau",116000,134000,RUB
104384,2024-08-30,Frontend Developer,Lead,Санкт-Петербург,Офис,Стартап (<50),"CSS, Git, HTML, JavaScript, React, TypeScript",142000,165000,RUB
100401,2024-08-30,Frontend Developer,Senior,Москва,Гибрид,Малая (50-250),"CSS, Git, HTML, JavaScript",134000,170000,RUB
100650,2024-08-30,Frontend Developer,Senior,Москва,Офис,Стартап (<50),"CSS, Git, JavaScript",151000,191000,RUB
103493,2024-08-30,ML Engineer,Junior,Санкт-Петербург,Гибрид,Крупная (1000+),"Docker, Git, PyTorch, TensorFlow",72000,91000,RUB
100303,2024-08-30,Data Analyst,Middle,Москва,Удалённо,Средняя (250-1000),"Excel, Power BI, Python, Tableau",92000,117000,RUB
101068,2024-08-30,DevOps Engineer,Middle,Удалённо (Россия),Удалённо,Малая (50-250),"CI/CD, Docker, Git, Terraform",126000,147000,RUB
103946,2024-08-31,Data Scientist,Middle,Санкт-Петербург,Гибрид,Средняя (250-1000),"Git, Pandas, PyTorch, Statistics",95000,118000,RUB
102317,2024-08-31,ML Engineer,Junior,Москва,Офис,Средняя (250-1000),"Git, MLflow, PyTorch, Python, TensorFlow",64000,75000,RUB
100090,2024-08-31,Mobile Developer,Junior,Москва,Гибрид,Малая (50-250),"Git, Kotlin, REST API, SQL, Swift",47000,60000,RUB
103101,2024-08-31,ML Engineer,Junior,Москва,Удалённо,Средняя (250-1000),"Docker, Git, Python",77000,95000,RUB
105906,2024-09-01,Data Analyst,Senior,Нижний Новгород,Гибрид,Крупная (1000+),"Excel, Git, Power BI, Python, SQL, Tableau",96000,112000,RUB
101754,2024-09-01,Frontend Developer,Junior,Санкт-Петербург,Офис,Малая (50-250),"CSS, Git, HTML, React, TypeScript",41000,48000,RUB
104997,2024-09-01,Backend Developer,Junior,Новосибирск,Офис,Малая (50-250),"Git, Java, REST API",30000,36000,RUB
103862,2024-09-01,ML Engineer,Junior,Санкт-Петербург,Удалённо,Средняя (250-1000),"Docker, Git, Kubernetes, TensorFlow",56000,75000,RUB
103620,2024-09-01,Product Manager,Middle,Удалённо (Россия),Удалённо,Малая (50-250),"Agile, Analytics, Git, SQL",87000,107000,RUB
103588,2024-09-01,Data Analyst,Senior,Казань,Гибрид,Средняя (250-1000),"Excel, Git, Power BI, Python, SQL",88000,103000,RUB
104533,2024-09-01,Frontend Developer,Junior,Удалённо (Россия),Удалённо,Малая (50-250),"Git, HTML, JavaScript, React",50000,60000,RUB
101340,2024-09-01,Mobile Developer,Junior,Москва,Гибрид,Малая (50-250),"Git, REST API, SQL, Swift",50000,60000,RUB
100704,2024-09-02,Mobile Developer,Senior,Санкт-Петербург,Офис,Средняя (250-1000),"Git, Kotlin, SQL, Swift",146000,170000,RUB
100205,2024-09-02,Full-stack Developer,Middle,Удалённо (Россия),Гибрид,Стартап (<50),"Docker, Git, JavaScript, Node.js, React, SQL",87000,105000,RUB
105828,2024-09-02,Data Analyst,Junior,Санкт-Петербург,Офис,Малая (50-250),"Excel, Git, Power BI, Python, SQL",37000,45000,RUB
103314,2024-09-02,Backend Developer,Junior,Москва,Удалённо,Малая (50-250),"Docker, Git, Java, Kubernetes, PostgreSQL, REST API, SQL",61000,82000,RUB
102843,2024-09-02,Data Scientist,Middle,Екатеринбург,Удалённо,Малая (50-250),"Docker, Git, PyTorch, Scikit-learn, Statistics",83000,104000,RUB
103497,2024-09-02,Frontend Developer,Junior,Удалённо (Россия),Гибрид,Стартап (<50),"CSS, Git, HTML, TypeScript",41000,49000,RUB
104577,2024-09-02,Backend Developer,Junior,Москва,Гибрид,Средняя (250-1000),"Docker, Git, Java, Kubernetes, SQL",62000,73000,RUB
105499,2024-09-03,DevOps Engineer,Senior,Москва,Офис,Средняя (250-1000),"CI/CD, Docker, Git, Kubernetes, Linux, Terraform",197000,252000,RUB
101834,2024-09-03,Backend Developer,Junior,Нижний Новгород,Удалённо,Малая (50-250),"Git, Kubernetes, PostgreSQL, Python, SQL",36000,43000,RUB
103884,2024-09-03,Mobile Developer,Junior,Москва,Офис,Стартап (<50),"Git, REST API, Swift",56000,72000,RUB
102606,2024-09-03,ML Engineer,Junior,Удалённо (Россия),Гибрид,Крупная (1000+),"Docker, Git, MLflow, PyTorch, Python",54000,70000,RUB
100249,2024-09-04,DevOps Engineer,Lead,Москва,Удалённо,Малая (50-250),"AWS, CI/CD, Docker, Git, Kubernetes, Linux, Terraform",259000,334000,RUB
105607,2024-09-04,Backend Developer,Junior,Удалённо (Россия),Офис,Стартап (<50),"Docker, Java, Kubernetes, SQL",37000,48000,RUB
100164,2024-09-04,Mobile Developer,Middle,Москва,Офис,Крупная (1000+),"Git, Kotlin, REST API, SQL, Swift",90000,115000,RUB
101899,2024-09-04,ML Engineer,Junior,Москва,Офис,Стартап (<50),"Docker, Git, Kubernetes, MLflow, Python, TensorFlow",67000,87000,RUB
102360,2024-09-05,Mobile Developer,Middle,Санкт-Петербург,Гибрид,Стартап (<50),"Git, Kotlin, REST API, SQL",80000,96000,RUB
105803,2024-09-05,Backend Developer,Senior,Удалённо (Россия),Офис,Малая (50-250),"Git, Java, Kubernetes, Python",152000,178000,RUB
105947,2024-09-05,Full-stack Developer,Senior,Новосибирск,Гибрид,Малая (50-250),"Docker, Git, JavaScript",114000,135000,RUB
102718,2024-09-05,Full-stack Developer,Middle,Санкт-Петербург,Офис,Средняя (250-1000),"Docker, Git, JavaScript, Node.js, React",104000,131000,RUB
103663,2024-09-06,Product Manager,Junior,Санкт-Петербург,Офис,Крупная (1000+),"Agile, Analytics, Confluence, Jira",67000,79000,RUB
105265,2024-09-06,Data Scientist,Senior,Санкт-Петербург,Офис,Средняя (250-1000),"Docker, Git, PyTorch, Scikit-learn, Statistics",166000,208000,RUB
103398,2024-09-06,DevOps Engineer,Junior,Нижний Новгород,Удалённо,Средняя (250-1000),"Docker, Git, Kubernetes, Terraform",43000,53000,RUB
102769,2024-09-06,Product Manager,Lead,Новосибирск,Гибрид,Малая (50-250),"Agile, Analytics, Confluence, Git, Jira, SQL",136000,160000,RUB
103719,2024-09-06,Product Manager,Middle,Москва,Гибрид,Стартап (<50),"Agile, Git, Jira, SQL",105000,134000,RUB
101680,2024-09-06,Data Analyst,Senior,Москва,Офис,Крупная (1000+),"Excel, Git, SQL",145000,185000,RUB
102482,2024-09-06,QA Engineer,Middle,Екатеринбург,Офис,Средняя (250-1000),"Git, Manual Testing, Postman, Python",41000,55000,RUB
103606,2024-09-06,DevOps Engineer,Middle,Новосибирск,Удалённо,Стартап (<50),"CI/CD, Docker, Git, Kubernetes, Linux, Terraform",74000,95000,RUB
101423,2024-09-06,Data Engineer,Senior,Удалённо (Россия),Удалённо,Стартап (<50),"Git, Kafka, Python, Spark",162000,204000,RUB
104049,2024-09-06,Data Scientist,Middle,Удалённо (Россия),Офис,Малая (50-250),"Docker, Git, Pandas, PyTorch, Scikit-learn, Statistics",102000,130000,RUB
103423,2024-09-06,Mobile Developer,Middle,Удалённо (Россия),Гибрид,Малая (50-250),"Git, Kotlin, REST API",85000,99000,RUB
103585,2024-09-06,Mobile Developer,Middle,Казань,Гибрид,Стартап (<50),"Git, Kotlin, Swift",61000,71000,RUB
102609,2024-09-07,Data Scientist,Middle,Санкт-Петербург,Гибрид,Малая (50-250),"Git, Pandas, Python, SQL",97000,127000,RUB
101702,2024-09-07,Data Scientist,Junior,Санкт-Петербург,Удалённо,Малая (50-250),"Git, Pandas, PyTorch, SQL",67000,88000,RUB
104950,2024-09-07,Data Analyst,Middle,Удалённо (Россия),Удалённо,Стартап (<50),"Git, Power BI, Tableau",86000,109000,RUB
100044,2024-09-07,ML Engineer,Junior,Казань,Офис,Стартап (<50),"Docker, Git, Kubernetes",30000,36000,RUB
104393,2024-09-07,Backend Developer,Middle,Санкт-Петербург,Офис,Малая (50-250),"Docker, Git, Java, Kubernetes, PostgreSQL",91000,122000,RUB
100740,2024-09-07,Frontend Developer,Middle,Москва,Гибрид,Средняя (250-1000),"CSS, Git, JavaScript",102000,124000,RUB
101935,2024-09-07,Frontend Developer,Senior,Москва,Офис,Средняя (250-1000),"Git, HTML, TypeScript",137000,177000,RUB
102089,2024-09-08,Mobile Developer,Middle,Удалённо (Россия),Гибрид,Малая (50-250),"Git, REST API, SQL, Swift",100000,122000,RUB
100983,2024-09-08,Frontend Developer,Junior,Санкт-Петербург,Удалённо,Малая (50-250),"CSS, Git, HTML, JavaScript, React, TypeScript",51000,59000,RUB
104023,2024-09-08,Frontend Developer,Junior,Нижний Новгород,Офис,Стартап (<50),"CSS, Git, HTML, JavaScript, TypeScript",31000,39000,RUB
101770,2024-09-08,Data Analyst,Junior,Москва,Офис,Крупная (1000+),"Git, SQL, Tableau",52000,65000,RUB
105044,2024-09-08,Frontend Developer,Junior,Санкт-Петербург,Гибрид,Малая (50-250),"CSS, Git, HTML, JavaScript, React",35000,45000,RUB
103679,2024-09-08,Data Analyst,Middle,Москва,Гибрид,Стартап (<50),"Excel, Git, Python, SQL, Tableau",74000,89000,RUB
102146,2024-09-09,Data Analyst,Junior,Новосибирск,Офис,Средняя (250-1000),"Excel, Git, Power BI, Python, SQL",30000,38000,RUB
102225,2024-09-09,Product Manager,Junior,Казань,Офис,Малая (50-250),"Git, Jira, SQL",39000,47000,RUB
100283,2024-09-09,Product Manager,Junior,Санкт-Петербург,Офис,Стартап (<50),"Agile, Analytics, Confluence, Git, SQL",46000,59000,RUB
105372,2024-09-09,DevOps Engineer,Middle,Удалённо (Россия),Офис,Средняя (250-1000),"AWS, Docker, Git, Kubernetes, Linux, Terraform",105000,126000,RUB
104410,2024-09-09,System Analyst,Junior,Санкт-Петербург,Офис,Крупная (1000+),"BPMN, Confluence, Git, Jira, SQL",51000,59000,RUB
105755,2024-09-09,Full-stack Developer,Senior,Москва,Удалённо,Малая (50-250),"Docker, Git, JavaScript, React",163000,212000,RUB
101429,2024-09-09,Backend Developer,Middle,Екатеринбург,Удалённо,Средняя (250-1000),"Docker, Kubernetes, Python, REST API, SQL",67000,87000,RUB
101875,2024-09-09,Backend Developer,Junior,Москва,Офис,Стартап (<50),"Docker, Git, Kubernetes, PostgreSQL",49000,61000,RUB
100462,2024-09-09,Frontend Developer,Senior,Москва,Офис,Стартап (<50),"CSS, Git, HTML, JavaScript, TypeScript",129000,151000,RUB
100582,2024-09-10,Backend Developer,Middle,Казань,Удалённо,Малая (50-250),"Git, Java, PostgreSQL, REST API",60000,71000,RUB
102300,2024-09-10,Backend Developer,Lead,Санкт-Петербург,Гибрид,Малая (50-250),"Git, PostgreSQL, REST API, SQL",218000,265000,RUB
100524,2024-09-10,QA Engineer,Middle,Удалённо (Россия),Офис,Малая (50-250),"Git, Manual Testing, Postman, SQL, Selenium",53000,69000,RUB
100876,2024-09-10,DevOps Engineer,Junior,Санкт-Петербург,Офис,Стартап (<50),"AWS, Git, Kubernetes, Linux",45000,53000,RUB
105629,2024-09-11,Data Scientist,Senior,Казань,Гибрид,Стартап (<50),"Docker, Git, SQL, Statistics",86000,116000,RUB
104119,2024-09-12,Frontend Developer,Senior,Удалённо (Россия),Гибрид,Стартап (<50),"CSS, Git, HTML, JavaScript, React, TypeScript",154000,201000,RUB
101515,2024-09-12,Data Scientist,Middle,Удалённо (Россия),Офис,Малая (50-250),"Git, Pandas, Statistics",107000,134000,RUB
103175,2024-09-12,Data Engineer,Middle,Удалённо (Россия),Удалённо,Средняя (250-1000),"ClickHouse, Docker, Git, Spark",84000,102000,RUB
102456,2024-09-12,Backend Developer,Junior,Екатеринбург,Офис,Крупная (1000+),"Git, Java, Kubernetes, REST API, SQL",36000,44000,RUB
100259,2024-09-12,Backend Developer,Senior,Казань,Офис,Крупная (1000+),"Git, Kubernetes, PostgreSQL",105000,138000,RUB
103658,2024-09-12,QA Engineer,Middle,Санкт-Петербург,Удалённо,Крупная (1000+),"Git, Manual Testing, Postman, Python, SQL, Selenium",69000,93000,RUB
100782,2024-09-12,Frontend Developer,Middle,Нижний Новгород,Гибрид,Средняя (250-1000),"CSS, Git, HTML, JavaScript, React, TypeScript",46000,57000,RUB
104915,2024-09-12,Product Manager,Middle,Москва,Удалённо,Малая (50-250),"Agile, Confluence, Git, Jira",135000,172000,RUB
104732,2024-09-12,Data Analyst,Senior,Москва,Офис,Средняя (250-1000),"Excel, Git, Python, SQL",113000,130000,RUB
101018,2024-09-12,Backend Developer,Middle,Москва,Удалённо,Стартап (<50),"Docker, Git, Kubernetes, REST API",84000,104000,RUB
104588,2024-09-13,Frontend Developer,Junior,Москва,Гибрид,Средняя (250-1000),"CSS, Git, HTML, JavaScript, TypeScript",54000,72000,RUB
104319,2024-09-13,Data Scientist,Junior,Санкт-Петербург,Офис,Крупная (1000+),"Docker, Git, Pandas, Python, Scikit-learn, Statistics",53000,71000,RUB
101708,2024-09-13,Data Analyst,Junior,Москва,Удалённо,Малая (50-250),"Excel, Git, Power BI, Python, Tableau",48000,62000,RUB
101975,2024-09-13,Backend Developer,Middle,Удалённо (Россия),Удалённо,Малая (50-250),"Git, PostgreSQL, Python, REST API",96000,119000,RUB
101031,2024-09-13,Product Manager,Middle,Новосибирск,Офис,Средняя (250-1000),"Agile, Git, SQL",69000,87000,RUB
101168,2024-09-13,QA Engineer,Senior,Екатеринбург,Офис,Крупная (1000+),"Git, SQL, Selenium",70000,86000,RUB
105606,2024-09-13,DevOps Engineer,Middle,Казань,Гибрид,Малая (50-250),"AWS, CI/CD, Docker, Git, Linux, Terraform",58000,77000,RUB
100697,2024-09-13,Data Scientist,Lead,Удалённо (Россия),Удалённо,Средняя (250-1000),"Docker, Git, PyTorch, Python",302000,369000,RUB
102749,2024-09-13,Data Engineer,Senior,Санкт-Петербург,Гибрид,Средняя (250-1000),"Airflow, ClickHouse, Docker, Git, Python, SQL",157000,202000,RUB
101390,2024-09-14,Data Scientist,Middle,Нижний Новгород,Гибрид,Стартап (<50),"Docker, Git, Pandas, PyTorch, Scikit-learn, Statistics",65000,86000,RUB
105987,2024-09-14,Data Engineer,Senior,Удалённо (Россия),Удалённо,Средняя (250-1000),"Git, Kafka, Python, SQL, Spark",155000,206000,RUB
103330,2024-09-14,System Analyst,Senior,Москва,Гибрид,Средняя (250-1000),"Git, Jira, SQL",154000,200000,RUB
105056,2024-09-14,QA Engineer,Lead,Москва,Гибрид,Малая (50-250),"Git, Manual Testing, Postman, Python, SQL, Selenium",183000,211000,RUB
104088,2024-09-14,Data Engineer,Senior,Санкт-Петербург,Гибрид,Средняя (250-1000),"ClickHouse, Docker, Git, Python, Spark",155000,180000,RUB
102462,2024-09-14,Mobile Developer,Junior,Екатеринбург,Удалённо,Стартап (<50),"Git, Kotlin, REST API, SQL, Swift",42000,52000,RUB
104465,2024-09-14,ML Engineer,Middle,Екатеринбург,Офис,Средняя (250-1000),"Docker, Kubernetes, PyTorch, Python, TensorFlow",76000,99000,RUB
102958,2024-09-14,Frontend Developer,Senior,Санкт-Петербург,Удалённо,Средняя (250-1000),"Git, JavaScript, TypeScript",143000,193000,RUB
102129,2024-09-14,Mobile Developer,Senior,Москва,Удалённо,Крупная (1000+),"Git, Kotlin, REST API, SQL, Swift",190000,249000,RUB
100956,2024-09-15,ML Engineer,Lead,Москва,Офис,Средняя (250-1000),"Docker, Git, PyTorch, Python",289000,384000,RUB
100511,2024-09-15,Backend Developer,Senior,Казань,Гибрид,Крупная (1000+),"Git, Kubernetes, Python, REST API, SQL",110000,138000,RUB
103763,2024-09-15,Data Scientist,Senior,Казань,Гибрид,Стартап (<50),"Docker, Git, Pandas, Python, Statistics",107000,135000,RUB
105338,2024-09-15,Data Scientist,Middle,Москва,Гибрид,Средняя (250-1000),"Docker, Pandas, PyTorch, Scikit-learn, Statistics",152000,202000,RUB
102993,2024-09-15,Backend Developer,Senior,Удалённо (Россия),Удалённо,Стартап (<50),"Git, Kubernetes, PostgreSQL, SQL",146000,186000,RUB
105580,2024-09-15,Frontend Developer,Junior,Удалённо (Россия),Удалённо,Малая (50-250),"CSS, Git, HTML, React, TypeScript",47000,59000,RUB
105583,2024-09-15,Data Scientist,Middle,Москва,Гибрид,Средняя (250-1000),"Git, Pandas, Scikit-learn, Statistics",109000,140000,RUB
101202,2024-09-15,Mobile Developer,Junior,Москва,Удалённо,Стартап (<50),"Git, Kotlin, SQL, Swift",42000,54000,RUB
103317,2024-09-15,Backend Developer,Senior,Краснодар,Гибрид,Малая (50-250),"Git, PostgreSQL, Python, REST API, SQL",84000,108000,RUB
101921,2024-09-15,Backend Developer,Junior,Москва,Гибрид,Малая (50-250),"Git, Java, Python",48000,55000,RUB
104082,2024-09-15,Full-stack Developer,Middle,Москва,Удалённо,Малая (50-250),"Docker, Git, Node.js, React, SQL",102000,134000,RUB
104573,2024-09-16,Data Analyst,Senior,Москва,Офис,Крупная (1000+),"Git, Power BI, SQL, Tableau",169000,205000,RUB
103352,2024-09-16,Full-stack Developer,Lead,Удалённо (Россия),Офис,Стартап (<50),"Docker, Git, Node.js, React, SQL",181000,208000,RUB
105216,2024-09-16,DevOps Engineer,Junior,Казань,Удалённо,Малая (50-250),"AWS, Git, Kubernetes, Linux, Terraform",35000,44000,RUB
101146,2024-09-16,Frontend Developer,Senior,Удалённо (Россия),Гибрид,Крупная (1000+),"CSS, Git, HTML, JavaScript, React",171000,208000,RUB
103676,2024-09-16,ML Engineer,Junior,Удалённо (Россия),Гибрид,Малая (50-250),"Docker, Git, Kubernetes, MLflow, Python, TensorFlow",67000,89000,RUB
101920,2024-09-16,Backend Developer,Senior,Удалённо (Россия),Офис,Средняя (250-1000),"Docker, Git, Kubernetes",157000,186000,RUB
104653,2024-09-16,DevOps Engineer,Senior,Санкт-Петербург,Офис,Малая (50-250),"AWS, CI/CD, Docker, Git, Kubernetes, Linux, Terraform",176000,235000,RUB
105548,2024-09-17,Frontend Developer,Middle,Москва,Гибрид,Малая (50-250),"CSS, Git, HTML, JavaScript, React, TypeScript",82000,105000,RUB
101887,2024-09-17,Backend Developer,Senior,Москва,Офис,Средняя (250-1000),"Docker, Git, PostgreSQL, Python",177000,208000,RUB
100966,2024-09-17,Data Scientist,Middle,Москва,Удалённо,Стартап (<50),"Docker, Git, Pandas, PyTorch, SQL",109000,131000,RUB
101993,2024-09-17,Backend Developer,Middle,Санкт-Петербург,Гибрид,Крупная (1000+),"Docker, Git, Java, PostgreSQL",108000,125000,RUB
100662,2024-09-17,DevOps Engineer,Junior,Москва,Гибрид,Малая (50-250),"AWS, Docker, Git, Kubernetes, Terraform",55000,70000,RUB
102951,2024-09-17,DevOps Engineer,Lead,Удалённо (Россия),Гибрид,Крупная (1000+),"Docker, Git, Kubernetes, Terraform",311000,379000,RUB
105237,2024-09-17,Data Analyst,Middle,Санкт-Петербург,Гибрид,Средняя (250-1000),"Excel, Git, Power BI, Python, Tableau",91000,120000,RUB
101894,2024-09-18,ML Engineer,Junior,Удалённо (Россия),Офис,Малая (50-250),"Docker, Git, Kubernetes, MLflow, PyTorch",68000,85000,RUB
100442,2024-09-18,Data Analyst,Senior,Москва,Удалённо,Крупная (1000+),"Excel, Git, SQL, Tableau",173000,219000,RUB
104184,2024-09-18,Product Manager,Middle,Казань,Гибрид,Стартап (<50),"Agile, Analytics, Confluence, Git, Jira, SQL",59000,71000,RUB
100034,2024-09-18,Data Scientist,Junior,Екатеринбург,Удалённо,Средняя (250-1000),"Docker, Git, Pandas, Python",40000,51000,RUB
104743,2024-09-19,Backend Developer,Lead,Нижний Новгород,Офис,Малая (50-250),"Git, Java, Python, SQL",118000,139000,RUB
103774,2024-09-19,Data Analyst,Junior,Санкт-Петербург,Удалённо,Стартап (<50),"Excel, Git, Power BI, SQL",37000,45000,RUB
105964,2024-09-19,DevOps Engineer,Senior,Санкт-Петербург,Офис,Стартап (<50),"CI/CD, Docker, Git, Kubernetes, Linux",132000,173000,RUB
102583,2024-09-19,Full-stack Developer,Lead,Москва,Офис,Средняя (250-1000),"Git, JavaScript, Node.js",214000,267000,RUB
103759,2024-09-19,DevOps Engineer,Middle,Москва,Офис,Малая (50-250),"CI/CD, Docker, Git, Linux, Terraform",126000,149000,RUB
104414,2024-09-19,System Analyst,Middle,Санкт-Петербург,Офис,Стартап (<50),"BPMN, Confluence, Git, SQL",60000,76000,RUB
101308,2024-09-19,Data Scientist,Middle,Москва,Офис,Стартап (<50),"Git, Pandas, PyTorch, Python, Scikit-learn",99000,125000,RUB
100760,2024-09-19,System Analyst,Middle,Москва,Удалённо,Малая (50-250),"BPMN, Confluence, Git, Jira, SQL, UML",86000,111000,RUB
103015,2024-09-19,QA Engineer,Middle,Нижний Новгород,Гибрид,Средняя (250-1000),"Git, Postman, Python, SQL",41000,53000,RUB
105705,2024-09-19,Data Scientist,Middle,Новосибирск,Удалённо,Стартап (<50),"Git, Python, SQL, Scikit-learn",76000,93000,RUB
100351,2024-09-20,Frontend Developer,Senior,Удалённо (Россия),Офис,Стартап (<50),"CSS, Git, HTML, JavaScript, TypeScript",111000,148000,RUB
102776,2024-09-20,System Analyst,Senior,Удалённо (Россия),Гибрид,Средняя (250-1000),"BPMN, Confluence, Git, SQL, UML",151000,203000,RUB
103139,2024-09-20,Mobile Developer,Junior,Удалённо (Россия),Удалённо,Средняя (250-1000),"Git, REST API, SQL",49000,65000,RUB
101142,2024-09-20,Full-stack Developer,Senior,Екатеринбург,Офис,Стартап (<50),"Docker, Git, React",96000,121000,RUB
105785,2024-09-20,Data Scientist,Middle,Новосибирск,Офис,Малая (50-250),"Git, Pandas, Python, Statistics",74000,96000,RUB
100360,2024-09-20,QA Engineer,Middle,Казань,Офис,Малая (50-250),"Git, Manual Testing, Postman, Python, SQL, Selenium",39000,53000,RUB
102930,2024-09-20,Data Scientist,Junior,Екатеринбург,Удалённо,Средняя (250-1000),"Git, Pandas, PyTorch, Scikit-learn, Statistics",49000,60000,RUB
103926,2024-09-21,DevOps Engineer,Senior,Екатеринбург,Гибрид,Крупная (1000+),"AWS, Git, Linux, Terraform",88000,109000,RUB
104320,2024-09-21,Mobile Developer,Junior,Удалённо (Россия),Офис,Малая (50-250),"Git, Kotlin, REST API, SQL, Swift",40000,48000,RUB
105395,2024-09-21,Frontend Developer,Junior,Удалённо (Россия),Гибрид,Средняя (250-1000),"CSS, Git, HTML, JavaScript, TypeScript",55000,65000,RUB
101498,2024-09-21,Full-stack Developer,Junior,Удалённо (Россия),Удалённо,Средняя (250-1000),"Git, JavaScript, Node.js, React",70000,89000,RUB
102142,2024-09-21,System Analyst,Middle,Нижний Новгород,Офис,Средняя (250-1000),"BPMN, Confluence, Git, SQL",60000,79000,RUB
103501,2024-09-22,System Analyst,Junior,Москва,Удалённо,Малая (50-250),"Confluence, Git, SQL, UML",59000,72000,RUB
100172,2024-09-22,Data Analyst,Senior,Москва,Удалённо,Стартап (<50),"Git, Python, SQL, Tableau",138000,179000,RUB
102976,2024-09-22,DevOps Engineer,Middle,Москва,Офис,Стартап (<50),"AWS, Git, Linux, Terraform",99000,114000,RUB
100143,2024-09-22,Data Scientist,Junior,Удалённо (Россия),Гибрид,Малая (50-250),"Git, PyTorch, Python, SQL, Scikit-learn",56000,71000,RUB
100335,2024-09-22,Mobile Developer,Middle,Москва,Офис,Стартап (<50),"Git, Kotlin, REST API, SQL",87000,110000,RUB
101271,2024-09-22,Mobile Developer,Middle,Новосибирск,Гибрид,Малая (50-250),"Git, Kotlin, REST API, Swift",62000,73000,RUB
104072,2024-09-22,DevOps Engineer,Lead,Новосибирск,Офис,Малая (50-250),"CI/CD, Docker, Git, Linux",180000,230000,RUB
100469,2024-09-23,Data Scientist,Middle,Краснодар,Гибрид,Стартап (<50),"Git, Pandas, Scikit-learn",51000,61000,RUB
101759,2024-09-23,Data Engineer,Senior,Удалённо (Россия),Гибрид,Малая (50-250),"Git, Kafka, Python, Spark",176000,229000,RUB
104756,2024-09-23,Data Scientist,Junior,Новосибирск,Гибрид,Стартап (<50),"Docker, Git, SQL, Statistics",40000,47000,RUB
101158,2024-09-23,Mobile Developer,Junior,Нижний Новгород,Гибрид,Стартап (<50),"Git, Kotlin, REST API, SQL, Swift",30000,38000,RUB
100977,2024-09-23,Backend Developer,Middle,Казань,Гибрид,Крупная (1000+),"Docker, Git, PostgreSQL, REST API, SQL",61000,72000,RUB
100001,2024-09-24,Frontend Developer,Middle,Москва,Офис,Крупная (1000+),"CSS, Git, HTML, JavaScript, React, TypeScript",98000,115000,RUB
105954,2024-09-24,Data Analyst,Middle,Москва,Гибрид,Малая (50-250),"Excel, Git, Power BI, Python, SQL, Tableau",89000,107000,RUB
103238,2024-09-24,Data Analyst,Middle,Санкт-Петербург,Гибрид,Крупная (1000+),"Excel, Git, Power BI, Python",85000,103000,RUB
100919,2024-09-24,Backend Developer,Lead,Екатеринбург,Офис,Малая (50-250),"Git, REST API, SQL",153000,204000,RUB
105063,2024-09-24,Data Scientist,Senior,Удалённо (Россия),Гибрид,Стартап (<50),"Git, Pandas, PyTorch, Python, SQL, Statistics",177000,231000,RUB
102824,2024-09-24,QA Engineer,Middle,Краснодар,Удалённо,Малая (50-250),"Git, Manual Testing, Postman, Python, SQL, Selenium",40000,48000,RUB
103211,2024-09-24,QA Engineer,Junior,Удалённо (Россия),Удалённо,Средняя (250-1000),"Git, Manual Testing, Python, SQL, Selenium",39000,45000,RUB
105737,2024-09-25,Data Engineer,Junior,Санкт-Петербург,Гибрид,Стартап (<50),"Airflow, Docker, Git, Python, SQL",55000,69000,RUB
104977,2024-09-25,QA Engineer,Senior,Санкт-Петербург,Гибрид,Стартап (<50),"Git, Postman, Python, SQL, Selenium",104000,124000,RUB
101825,2024-09-26,Frontend Developer,Junior,Удалённо (Россия),Офис,Средняя (250-1000),"CSS, Git, HTML, JavaScript, React, TypeScript",38000,48000,RUB
101247,2024-09-26,DevOps Engineer,Middle,Екатеринбург,Гибрид,Средняя (250-1000),"AWS, Docker, Git, Kubernetes, Linux",70000,82000,RUB
102852,2024-09-26,Data Scientist,Junior,Санкт-Петербург,Гибрид,Средняя (250-1000),"Docker, Git, PyTorch, SQL, Statistics",43000,54000,RUB
105843,2024-09-26,Data Analyst,Senior,Казань,Удалённо,Крупная (1000+),"Excel, Git, Power BI, Python, SQL, Tableau",95000,123000,RUB
102607,2024-09-26,ML Engineer,Middle,Удалённо (Россия),Удалённо,Средняя (250-1000),"Docker, Git, Python, TensorFlow",108000,131000,RUB
105757,2024-09-27,DevOps Engineer,Junior,Москва,Офис,Крупная (1000+),"CI/CD, Docker, Git, Linux",53000,72000,RUB
104696,2024-09-27,QA Engineer,Middle,Санкт-Петербург,Гибрид,Малая (50-250),"Git, Postman, Python, SQL, Selenium",61000,81000,RUB
105981,2024-09-27,Frontend Developer,Senior,Удалённо (Россия),Гибрид,Средняя (250-1000),"CSS, HTML, JavaScript, React, TypeScript",157000,196000,RUB
105656,2024-09-27,System Analyst,Senior,Екатеринбург,Гибрид,Крупная (1000+),"BPMN, Confluence, Git, Jira, UML",87000,108000,RUB
103566,2024-09-27,Mobile Developer,Junior,Санкт-Петербург,Гибрид,Средняя (250-1000),"Git, Kotlin, REST API, SQL, Swift",41000,52000,RUB
104140,2024-09-28,System Analyst,Lead,Москва,Удалённо,Малая (50-250),"BPMN, Confluence, Git, Jira, SQL, UML",183000,213000,RUB
105046,2024-09-28,Backend Developer,Middle,Екатеринбург,Гибрид,Крупная (1000+),"Git, Java, Kubernetes, PostgreSQL, Python, SQL",71000,83000,RUB
102802,2024-09-28,Data Engineer,Senior,Удалённо (Россия),Офис,Средняя (250-1000),"ClickHouse, Git, SQL",151000,194000,RUB
101942,2024-09-28,Data Analyst,Junior,Новосибирск,Офис,Средняя (250-1000),"Excel, Power BI, Python, Tableau",35000,44000,RUB
101695,2024-09-29,Full-stack Developer,Middle,Казань,Гибрид,Малая (50-250),"Docker, Git, JavaScript, Node.js, React, SQL",75000,97000,RUB
103072,2024-09-29,Mobile Developer,Senior,Москва,Офис,Малая (50-250),"Git, Kotlin, REST API, SQL, Swift",167000,224000,RUB
101130,2024-09-30,Full-stack Developer,Senior,Нижний Новгород,Гибрид,Средняя (250-1000),"Docker, Git, JavaScript, Node.js, SQL",81000,99000,RUB
100402,2024-09-30,ML Engineer,Middle,Санкт-Петербург,Удалённо,Средняя (250-1000),"Git, MLflow, Python, TensorFlow",110000,133000,RUB
104353,2024-09-30,QA Engineer,Middle,Санкт-Петербург,Офис,Малая (50-250),"Git, Manual Testing, Python, SQL, Selenium",61000,80000,RUB
100600,2024-09-30,Frontend Developer,Senior,Москва,Гибрид,Средняя (250-1000),"CSS, Git, HTML, JavaScript, React, TypeScript",172000,203000,RUB
104026,2024-09-30,QA Engineer,Junior,Москва,Гибрид,Стартап (<50),"Git, Manual Testing, Postman, Python, SQL, Selenium",38000,48000,RUB
105601,2024-09-30,Full-stack Developer,Senior,Нижний Новгород,Офис,Малая (50-250),"Docker, Git, JavaScript, React, SQL",95000,115000,RUB
101603,2024-09-30,Backend Developer,Senior,Санкт-Петербург,Офис,Малая (50-250),"Git, Java, PostgreSQL, SQL",149000,195000,RUB
105837,2024-09-30,Full-stack Developer,Middle,Нижний Новгород,Гибрид,Крупная (1000+),"Docker, Git, JavaScript, SQL",64000,84000,RUB
102145,2024-09-30,Backend Developer,Middle,Екатеринбург,Гибрид,Малая (50-250),"Git, Java, REST API",48000,64000,RUB
102732,2024-10-01,System Analyst,Junior,Удалённо (Россия),Гибрид,Малая (50-250),"BPMN, Confluence, Git, Jira, SQL, UML",37000,44000,RUB
100330,2024-10-01,DevOps Engineer,Senior,Москва,Офис,Крупная (1000+),"Docker, Git, Terraform",178000,235000,RUB
103858,2024-10-01,Product Manager,Junior,Екатеринбург,Офис,Стартап (<50),"Analytics, Confluence, Git, Jira, SQL",31000,41000,RUB
104261,2024-10-01,QA Engineer,Senior,Удалённо (Россия),Гибрид,Малая (50-250),"Git, Postman, Selenium",96000,113000,RUB
100102,2024-10-01,Frontend Developer,Junior,Нижний Новгород,Гибрид,Малая (50-250),"CSS, Git, HTML, JavaScript, React, TypeScript",30000,35000,RUB
102628,2024-10-01,Data Engineer,Middle,Краснодар,Гибрид,Стартап (<50),"Airflow, Git, Python, Spark",48000,57000,RUB
101622,2024-10-02,Frontend Developer,Senior,Удалённо (Россия),Гибрид,Малая (50-250),"CSS, Git, HTML, JavaScript, React",126000,156000,RUB
103898,2024-10-02,QA Engineer,Middle,Москва,Гибрид,Средняя (250-1000),"Git, Manual Testing, Postman, Python, SQL, Selenium",76000,101000,RUB
103425,2024-10-02,Frontend Developer,Senior,Новосибирск,Удалённо,Малая (50-250),"CSS, Git, HTML, React",94000,110000,RUB
102044,2024-10-02,Mobile Developer,Senior,Санкт-Петербург,Удалённо,Малая (50-250),"Git, Kotlin, REST API, SQL, Swift",126000,152000,RUB
100792,2024-10-02,Data Scientist,Middle,Удалённо (Россия),Офис,Малая (50-250),"Docker, Git, PyTorch, SQL, Scikit-learn, Statistics",95000,110000,RUB
100082,2024-10-03,DevOps Engineer,Junior,Москва,Гибрид,Малая (50-250),"CI/CD, Git, Linux, Terraform",55000,72000,RUB
104855,2024-10-03,DevOps Engineer,Middle,Москва,Удалённо,Стартап (<50),"CI/CD, Docker, Git, Kubernetes, Linux, Terraform",108000,146000,RUB
104198,2024-10-03,Data Scientist,Middle,Удалённо (Россия),Удалённо,Крупная (1000+),"Docker, PyTorch, SQL, Scikit-learn, Statistics",125000,165000,RUB
103720,2024-10-03,QA Engineer,Senior,Екатеринбург,Офис,Стартап (<50),"Git, Manual Testing, Postman, Python, SQL, Selenium",59000,71000,RUB
101648,2024-10-04,Mobile Developer,Junior,Санкт-Петербург,Гибрид,Стартап (<50),"Git, Kotlin, REST API, SQL, Swift",37000,49000,RUB
105649,2024-10-04,Frontend Developer,Junior,Москва,Офис,Стартап (<50),"CSS, Git, HTML, JavaScript, TypeScript",44000,55000,RUB
102250,2024-10-04,Mobile Developer,Middle,Краснодар,Офис,Крупная (1000+),"Git, Kotlin, SQL, Swift",54000,66000,RUB
105466,2024-10-04,Full-stack Developer,Middle,Новосибирск,Гибрид,Стартап (<50),"Docker, Git, JavaScript, Node.js, React, SQL",63000,77000,RUB
105747,2024-10-04,Data Analyst,Middle,Санкт-Петербург,Офис,Малая (50-250),"Git, Power BI, Python",76000,90000,RUB
100140,2024-10-04,Product Manager,Middle,Удалённо (Россия),Гибрид,Крупная (1000+),"Agile, Confluence, Git, SQL",119000,161000,RUB
105191,2024-10-04,QA Engineer,Junior,Екатеринбург,Удалённо,Крупная (1000+),"Git, Postman, Python, Selenium",30000,40000,RUB
104518,2024-10-05,Data Scientist,Senior,Удалённо (Россия),Удалённо,Крупная (1000+),"Pandas, Python, Scikit-learn, Statistics",229000,292000,RUB
105147,2024-10-05,Mobile Developer,Senior,Удалённо (Россия),Гибрид,Стартап (<50),"Git, Kotlin, REST API, SQL, Swift",134000,179000,RUB
100836,2024-10-05,Backend Developer,Middle,Москва,Удалённо,Малая (50-250),"Docker, Git, PostgreSQL, SQL",97000,118000,RUB
100177,2024-10-05,Data Engineer,Junior,Москва,Удалённо,Стартап (<50),"Airflow, Docker, Git, Kafka",63000,74000,RUB
102949,2024-10-05,Data Analyst,Middle,Екатеринбург,Гибрид,Средняя (250-1000),"Excel, Git, Power BI, Python, SQL, Tableau",58000,77000,RUB
101103,2024-10-05,QA Engineer,Junior,Санкт-Петербург,Гибрид,Малая (50-250),"Git, Postman, Selenium",36000,46000,RUB
102084,2024-10-06,Backend Developer,Junior,Удалённо (Россия),Офис,Малая (50-250),"Docker, Git, Kubernetes, Python, REST API, SQL",43000,54000,RUB
100127,2024-10-06,Frontend Developer,Senior,Удалённо (Россия),Офис,Средняя (250-1000),"CSS, Git, JavaScript, React, TypeScript",143000,175000,RUB
105604,2024-10-06,Full-stack Developer,Middle,Москва,Удалённо,Малая (50-250),"Docker, Git, JavaScript, Node.js, React, SQL",86000,104000,RUB
100124,2024-10-06,Data Analyst,Junior,Москва,Офис,Крупная (1000+),"Git, Power BI, Python, SQL, Tableau",55000,72000,RUB
104575,2024-10-06,QA Engineer,Senior,Новосибирск,Офис,Средняя (250-1000),"Git, Postman, Python, Selenium",81000,104000,RUB
104040,2024-10-07,Data Analyst,Senior,Санкт-Петербург,Офис,Малая (50-250),"Excel, Git, Power BI, Python, SQL, Tableau",138000,175000,RUB
104356,2024-10-07,Data Analyst,Junior,Москва,Удалённо,Крупная (1000+),"Excel, Git, Python, SQL",53000,62000,RUB
105734,2024-10-07,Data Analyst,Lead,Москва,Гибрид,Стартап (<50),"Excel, Git, Python, SQL, Tableau",131000,164000,RUB
101501,2024-10-07,Data Analyst,Lead,Новосибирск,Гибрид,Стартап (<50),"Excel, Git, Power BI, Python, SQL, Tableau",141000,163000,RUB
104718,2024-10-07,Backend Developer,Junior,Нижний Новгород,Офис,Стартап (<50),"Docker, Git, Kubernetes, PostgreSQL, REST API",30000,35000,RUB
103897,2024-10-08,Data Scientist,Senior,Москва,Удалённо,Стартап (<50),"Git, Pandas, PyTorch, Scikit-learn",200000,250000,RUB
105067,2024-10-08,Frontend Developer,Middle,Москва,Удалённо,Стартап (<50),"HTML, React, TypeScript",57000,75000,RUB
105038,2024-10-09,DevOps Engineer,Junior,Удалённо (Россия),Гибрид,Средняя (250-1000),"Docker, Git, Linux, Terraform",62000,77000,RUB
103058,2024-10-09,QA Engineer,Junior,Москва,Офис,Средняя (250-1000),"Git, Manual Testing, Postman, Python, SQL",36000,45000,RUB
101512,2024-10-09,Mobile Developer,Senior,Москва,Удалённо,Средняя (250-1000),"Git, Kotlin, REST API, SQL, Swift",211000,263000,RUB
102002,2024-10-09,Backend Developer,Middle,Удалённо (Россия),Гибрид,Крупная (1000+),"Docker, Git, Java, Kubernetes, SQL",123000,165000,RUB
105306,2024-10-09,Full-stack Developer,Middle,Санкт-Петербург,Офис,Малая (50-250),"Git, React, SQL",68000,83000,RUB
100394,2024-10-09,Data Engineer,Middle,Москва,Гибрид,Стартап (<50),"Airflow, Git, Python, SQL",98000,121000,RUB
102674,2024-10-10,Frontend Developer,Middle,Москва,Удалённо,Малая (50-250),"CSS, Git, HTML, JavaScript, React, TypeScript",107000,137000,RUB
104893,2024-10-10,Mobile Developer,Middle,Краснодар,Гибрид,Стартап (<50),"Git, REST API, SQL",39000,45000,RUB
103107,2024-10-10,DevOps Engineer,Senior,Санкт-Петербург,Офис,Средняя (250-1000),"AWS, CI/CD, Git, Linux, Terraform",180000,212000,RUB
100268,2024-10-10,Full-stack Developer,Middle,Нижний Новгород,Удалённо,Стартап (<50),"Docker, Git, JavaScript, Node.js, React, SQL",54000,65000,RUB
101407,2024-10-10,ML Engineer,Junior,Москва,Гибрид,Средняя (250-1000),"Docker, Git, MLflow, PyTorch, Python",82000,103000,RUB
105232,2024-10-10,Data Analyst,Middle,Удалённо (Россия),Удалённо,Крупная (1000+),"Excel, Git, Python, SQL",74000,87000,RUB
102446,2024-10-11,Data Engineer,Junior,Москва,Офис,Крупная (1000+),"Airflow, Docker, Kafka, Python, Spark",74000,86000,RUB
100813,2024-10-11,Data Scientist,Middle,Москва,Гибрид,Стартап (<50),"Docker, Git, Pandas, Statistics",101000,128000,RUB
101803,2024-10-11,Data Analyst,Junior,Новосибирск,Удалённо,Малая (50-250),"Excel, Git, Power BI, Python, Tableau",34000,43000,RUB
103510,2024-10-11,Data Analyst,Junior,Москва,Удалённо,Малая (50-250),"Excel, Git, Tableau",42000,57000,RUB
103992,2024-10-11,Full-stack Developer,Junior,Удалённо (Россия),Гибрид,Малая (50-250),"Git, Node.js, SQL",42000,51000,RUB
105303,2024-10-11,Data Analyst,Senior,Краснодар,Удалённо,Стартап (<50),"Git, Power BI, Tableau",63000,73000,RUB
100364,2024-10-12,QA Engineer,Senior,Москва,Удалённо,Малая (50-250),"Git, Manual Testing, Python, SQL",138000,177000,RUB
103727,2024-10-12,Data Analyst,Senior,Москва,Офис,Малая (50-250),"Git, Python, SQL",168000,225000,RUB
103600,2024-10-12,DevOps Engineer,Junior,Удалённо (Россия),Удалённо,Стартап (<50),"AWS, Docker, Git",51000,64000,RUB
101319,2024-10-12,DevOps Engineer,Middle,Краснодар,Гибрид,Средняя (250-1000),"AWS, CI/CD, Docker, Git, Kubernetes, Terraform",66000,83000,RUB
104745,2024-10-12,DevOps Engineer,Middle,Москва,Удалённо,Малая (50-250),"AWS, Docker, Git, Linux",127000,171000,RUB
101662,2024-10-12,Backend Developer,Senior,Москва,Удалённо,Крупная (1000+),"Docker, Java, SQL",229000,301000,RUB
102860,2024-10-12,Backend Developer,Junior,Москва,Офис,Крупная (1000+),"Git, Java, Kubernetes, Python, SQL",63000,85000,RUB
104383,2024-10-12,Backend Developer,Senior,Удалённо (Россия),Офис,Стартап (<50),"Docker, Git, PostgreSQL",110000,132000,RUB
103081,2024-10-12,Data Analyst,Middle,Казань,Офис,Средняя (250-1000),"Excel, Git, Python, SQL",46000,62000,RUB
103129,2024-10-13,Backend Developer,Senior,Екатеринбург,Гибрид,Малая (50-250),"Git, Kubernetes, PostgreSQL, Python",90000,110000,RUB
100838,2024-10-13,Data Analyst,Middle,Казань,Офис,Крупная (1000+),"Git, Power BI, Python",63000,81000,RUB
105787,2024-10-13,Backend Developer,Lead,Екатеринбург,Офис,Малая (50-250),"Docker, Git, Java, Kubernetes, PostgreSQL, Python, SQL",122000,141000,RUB
105739,2024-10-13,Full-stack Developer,Senior,Удалённо (Россия),Удалённо,Средняя (250-1000),"Docker, Git, JavaScript, Node.js, React",157000,184000,RUB
101618,2024-10-13,Backend Developer,Senior,Казань,Офис,Средняя (250-1000),"Docker, Git, REST API",123000,161000,RUB
104600,2024-10-13,Full-stack Developer,Middle,Санкт-Петербург,Удалённо,Средняя (250-1000),"Docker, Git, JavaScript, Node.js, React",83000,103000,RUB
104841,2024-10-14,Frontend Developer,Middle,Москва,Гибрид,Стартап (<50),"CSS, Git, HTML, JavaScript, React",103000,139000,RUB
102261,2024-10-14,Data Scientist,Junior,Удалённо (Россия),Офис,Малая (50-250),"Docker, Git, Pandas, Statistics",45000,56000,RUB
101540,2024-10-14,Full-stack Developer,Senior,Удалённо (Россия),Гибрид,Стартап (<50),"Docker, Git, SQL",140000,172000,RUB
103327,2024-10-14,Data Analyst,Senior,Москва,Гибрид,Малая (50-250),"Excel, Git, Power BI, Python, SQL, Tableau",115000,146000,RUB
105304,2024-10-14,Backend Developer,Middle,Удалённо (Россия),Удалённо,Стартап (<50),"Java, PostgreSQL, Python, REST API, SQL",99000,118000,RUB
105599,2024-10-14,QA Engineer,Senior,Санкт-Петербург,Удалённо,Крупная (1000+),"Git, Manual Testing, Postman, Python, SQL",121000,144000,RUB
105213,2024-10-14,Backend Developer,Middle,Казань,Удалённо,Малая (50-250),"Git, Java, Kubernetes, Python",65000,79000,RUB
105932,2024-10-15,Full-stack Developer,Senior,Удалённо (Россия),Удалённо,Средняя (250-1000),"Docker, Git, JavaScript, Node.js, React, SQL",168000,219000,RUB
102489,2024-10-15,Frontend Developer,Middle,Новосибирск,Офис,Стартап (<50),"CSS, Git, HTML, JavaScript, React, TypeScript",52000,61000,RUB
105075,2024-10-15,ML Engineer,Senior,Москва,Офис,Малая (50-250),"Docker, Git, Kubernetes, TensorFlow",213000,284000,RUB
105077,2024-10-15,Frontend Developer,Lead,Екатеринбург,Удалённо,Крупная (1000+),"Git, HTML, React, TypeScript",183000,241000,RUB
103303,2024-10-15,Product Manager,Middle,Санкт-Петербург,Офис,Стартап (<50),"Analytics, Confluence, Git, Jira",79000,95000,RUB
101355,2024-10-15,System Analyst,Middle,Москва,Удалённо,Стартап (<50),"BPMN, Confluence, Git, Jira, UML",88000,109000,RUB
103445,2024-10-15,DevOps Engineer,Junior,Новосибирск,Гибрид,Средняя (250-1000),"AWS, CI/CD, Docker, Git, Linux",46000,60000,RUB
103365,2024-10-15,Full-stack Developer,Junior,Удалённо (Россия),Удалённо,Стартап (<50),"Docker, Git, JavaScript, SQL",54000,72000,RUB
105453,2024-10-15,QA Engineer,Middle,Казань,Удалённо,Крупная (1000+),"Git, Manual Testing, Postman, Python, SQL, Selenium",49000,62000,RUB
105806,2024-10-15,Product Manager,Middle,Удалённо (Россия),Удалённо,Крупная (1000+),"Agile, Analytics, Confluence, Git, Jira, SQL",123000,155000,RUB
100252,2024-10-16,Data Scientist,Junior,Москва,Офис,Малая (50-250),"Docker, Git, Pandas, Scikit-learn",69000,88000,RUB
101009,2024-10-16,Frontend Developer,Senior,Москва,Гибрид,Стартап (<50),"CSS, Git, HTML, JavaScript, React, TypeScript",127000,168000,RUB
100888,2024-10-16,Data Engineer,Junior,Удалённо (Россия),Гибрид,Средняя (250-1000),"ClickHouse, Git, Python, SQL, Spark",55000,63000,RUB
101725,2024-10-16,ML Engineer,Senior,Екатеринбург,Удалённо,Малая (50-250),"Docker, Git, Kubernetes, MLflow, Python, TensorFlow",145000,169000,RUB
105375,2024-10-17,Frontend Developer,Senior,Краснодар,Офис,Средняя (250-1000),"CSS, JavaScript, React",94000,120000,RUB
101183,2024-10-17,DevOps Engineer,Senior,Москва,Гибрид,Крупная (1000+),"AWS, CI/CD, Git, Kubernetes",209000,247000,RUB
102697,2024-10-17,QA Engineer,Senior,Санкт-Петербург,Удалённо,Стартап (<50),"Git, Postman, SQL, Selenium",79000,97000,RUB
103454,2024-10-18,Data Scientist,Senior,Казань,Офис,Крупная (1000+),"Git, PyTorch, Python, Statistics",98000,131000,RUB
103366,2024-10-18,QA Engineer,Lead,Нижний Новгород,Удалённо,Крупная (1000+),"Git, Manual Testing, Postman, Python, Selenium",120000,160000,RUB
105173,2024-10-18,Data Engineer,Middle,Казань,Офис,Малая (50-250),"Git, Kafka, SQL",74000,99000,RUB
103561,2024-10-18,QA Engineer,Lead,Екатеринбург,Удалённо,Крупная (1000+),"Git, Postman, Python, SQL, Selenium",115000,148000,RUB
101422,2024-10-18,Product Manager,Middle,Москва,Гибрид,Средняя (250-1000),"Analytics, Confluence, Git, Jira, SQL",92000,118000,RUB
101988,2024-10-18,Frontend Developer,Middle,Санкт-Петербург,Гибрид,Малая (50-250),"CSS, Git, HTML, JavaScript, React, TypeScript",69000,90000,RUB
100663,2024-10-18,System Analyst,Junior,Казань,Гибрид,Средняя (250-1000),"BPMN, Confluence, Git, Jira, SQL, UML",36000,46000,RUB
105935,2024-10-18,Full-stack Developer,Middle,Москва,Гибрид,Средняя (250-1000),"Docker, Git, JavaScript, SQL",100000,117000,RUB
100261,2024-10-18,Frontend Developer,Middle,Екатеринбург,Гибрид,Малая (50-250),"CSS, Git, HTML, JavaScript, React, TypeScript",44000,57000,RUB
103347,2024-10-18,DevOps Engineer,Middle,Москва,Офис,Малая (50-250),"AWS, Docker, Git, Linux",113000,151000,RUB
103906,2024-10-18,Data Analyst,Lead,Москва,Офис,Малая (50-250),"Excel, Git, Power BI, Python, SQL, Tableau",198000,261000,RUB
100869,2024-10-18,Backend Developer,Lead,Москва,Гибрид,Стартап (<50),"Git, Java, Kubernetes, Python, REST API, SQL",203000,268000,RUB
100011,2024-10-18,Frontend Developer,Senior,Москва,Удалённо,Стартап (<50),"CSS, Git, HTML, JavaScript, TypeScript",140000,187000,RUB
100933,2024-10-19,Data Analyst,Lead,Санкт-Петербург,Офис,Крупная (1000+),"Excel, Git, Power BI, Python, SQL, Tableau",180000,215000,RUB
104836,2024-10-19,Data Analyst,Junior,Екатеринбург,Офис,Малая (50-250),"Power BI, SQL, Tableau",30000,39000,RUB
100117,2024-10-19,ML Engineer,Middle,Новосибирск,Удалённо,Крупная (1000+),"Git, Kubernetes, MLflow, TensorFlow",102000,118000,RUB
100883,2024-10-19,Backend Developer,Senior,Удалённо (Россия),Гибрид,Крупная (1000+),"Docker, Git, Java, Kubernetes, PostgreSQL, SQL",158000,197000,RUB
101099,2024-10-19,QA Engineer,Senior,Новосибирск,Офис,Малая (50-250),"Git, Manual Testing, Postman, Python, SQL, Selenium",99000,115000,RUB
103225,2024-10-19,Frontend Developer,Middle,Казань,Гибрид,Средняя (250-1000),"CSS, Git, HTML, React",59000,72000,RUB
102475,2024-10-20,QA Engineer,Middle,Москва,Офис,Стартап (<50),"Git, Postman, Python, SQL, Selenium",76000,91000,RUB
105127,2024-10-20,Data Analyst,Middle,Удалённо (Россия),Удалённо,Средняя (250-1000),"Excel, Git, Power BI, SQL, Tableau",93000,109000,RUB
103434,2024-10-20,Backend Developer,Junior,Удалённо (Россия),Удалённо,Крупная (1000+),"Docker, Git, Kubernetes, Python",68000,83000,RUB
104074,2024-10-20,Product Manager,Junior,Москва,Гибрид,Малая (50-250),"Analytics, Confluence, Git",60000,71000,RUB
103461,2024-10-20,Product Manager,Lead,Удалённо (Россия),Гибрид,Малая (50-250),"Agile, Analytics, Confluence, Git, Jira, SQL",226000,264000,RUB
103437,2024-10-20,Mobile Developer,Middle,Удалённо (Россия),Гибрид,Малая (50-250),"Git, Kotlin, REST API, SQL, Swift",93000,118000,RUB
104774,2024-10-20,DevOps Engineer,Middle,Удалённо (Россия),Офис,Крупная (1000+),"CI/CD, Docker, Git, Kubernetes, Linux, Terraform",100000,122000,RUB
103052,2024-10-21,Full-stack Developer,Middle,Москва,Гибрид,Крупная (1000+),"Docker, Git, Node.js, React, SQL",110000,146000,RUB
104345,2024-10-21,Full-stack Developer,Middle,Удалённо (Россия),Гибрид,Малая (50-250),"JavaScript, Node.js, React, SQL",83000,112000,RUB
100334,2024-10-21,DevOps Engineer,Junior,Санкт-Петербург,Офис,Стартап (<50),"CI/CD, Docker, Git, Kubernetes",38000,48000,RUB
104809,2024-10-21,ML Engineer,Middle,Новосибирск,Удалённо,Малая (50-250),"Docker, Git, MLflow, PyTorch, TensorFlow",82000,97000,RUB
103729,2024-10-21,QA Engineer,Junior,Москва,Удалённо,Малая (50-250),"Git, Manual Testing, Postman, Python, SQL, Selenium",37000,48000,RUB
103809,2024-10-22,Data Scientist,Senior,Москва,Удалённо,Малая (50-250),"Docker, Git, Pandas, Python, SQL, Scikit-learn, Statistics",202000,240000,RUB
102807,2024-10-22,ML Engineer,Junior,Удалённо (Россия),Офис,Средняя (250-1000),"Git, Kubernetes, MLflow, Python, TensorFlow",48000,60000,RUB
104168,2024-10-22,Backend Developer,Middle,Удалённо (Россия),Удалённо,Средняя (250-1000),"Git, Kubernetes, REST API",116000,137000,RUB
100852,2024-10-22,Mobile Developer,Lead,Москва,Удалённо,Малая (50-250),"Git, Kotlin, SQL, Swift",239000,315000,RUB
102563,2024-10-22,Data Scientist,Middle,Санкт-Петербург,Гибрид,Малая (50-250),"Git, Pandas, Python, Statistics",78000,102000,RUB
105526,2024-10-22,Backend Developer,Senior,Екатеринбург,Офис,Стартап (<50),"Git, Kubernetes, PostgreSQL, SQL",98000,124000,RUB
103166,2024-10-22,Data Scientist,Junior,Новосибирск,Гибрид,Стартап (<50),"Docker, Git, Pandas",42000,57000,RUB
104485,2024-10-22,Mobile Developer,Junior,Москва,Офис,Малая (50-250),"Git, Kotlin, SQL",65000,76000,RUB
100052,2024-10-22,Backend Developer,Junior,Удалённо (Россия),Офис,Крупная (1000+),"Docker, Git, Java, Kubernetes, PostgreSQL, REST API",60000,72000,RUB
101937,2024-10-22,Data Scientist,Middle,Екатеринбург,Офис,Малая (50-250),"Docker, Pandas, PyTorch, SQL, Scikit-learn, Statistics",68000,91000,RUB
101928,2024-10-22,Data Scientist,Junior,Москва,Офис,Средняя (250-1000),"Docker, Git, SQL",62000,81000,RUB
105832,2024-10-23,Data Engineer,Junior,Санкт-Петербург,Офис,Стартап (<50),"Airflow, Git, Spark",57000,71000,RUB
105844,2024-10-23,QA Engineer,Senior,Москва,Офис,Малая (50-250),"Git, Manual Testing, Postman, Python, SQL, Selenium",124000,166000,RUB
100318,2024-10-23,QA Engineer,Lead,Москва,Гибрид,Стартап (<50),"Manual Testing, SQL, Selenium",158000,200000,RUB
100353,2024-10-23,Data Engineer,Junior,Москва,Офис,Крупная (1000+),"Airflow, Docker, Git, Kafka, Python, Spark",68000,90000,RUB
101482,2024-10-23,ML Engineer,Senior,Новосибирск,Удалённо,Стартап (<50),"Docker, Git, PyTorch, Python",132000,160000,RUB
105916,2024-10-23,QA Engineer,Senior,Екатеринбург,Гибрид,Стартап (<50),"Git, Manual Testing, Python, SQL, Selenium",60000,70000,RUB
100533,2024-10-23,Data Engineer,Senior,Санкт-Петербург,Офис,Средняя (250-1000),"Airflow, Docker, Git, Python, SQL",182000,243000,RUB
105490,2024-10-23,Full-stack Developer,Middle,Москва,Офис,Стартап (<50),"Docker, Git, JavaScript",87000,115000,RUB
104589,2024-10-23,QA Engineer,Junior,Удалённо (Россия),Гибрид,Стартап (<50),"Git, Manual Testing, Postman, Python, SQL, Selenium",36000,47000,RUB
102148,2024-10-23,Backend Developer,Senior,Санкт-Петербург,Гибрид,Крупная (1000+),"Docker, Git, PostgreSQL, SQL",132000,170000,RUB
100493,2024-10-23,Data Scientist,Junior,Новосибирск,Офис,Крупная (1000+),"Git, PyTorch, Python, Scikit-learn, Statistics",46000,62000,RUB
101855,2024-10-23,Data Engineer,Senior,Москва,Офис,Малая (50-250),"Docker, Git, Kafka, Python, SQL",237000,301000,RUB
101043,2024-10-24,QA Engineer,Senior,Нижний Новгород,Гибрид,Крупная (1000+),"Git, Manual Testing, Postman, Python, SQL, Selenium",76000,89000,RUB
100045,2024-10-24,QA Engineer,Lead,Казань,Гибрид,Малая (50-250),"Git, Manual Testing, Postman, Python, SQL, Selenium",103000,127000,RUB
105622,2024-10-24,Full-stack Developer,Junior,Москва,Гибрид,Средняя (250-1000),"Git, JavaScript, React, SQL",57000,74000,RUB
100173,2024-10-24,Data Scientist,Senior,Москва,Удалённо,Средняя (250-1000),"Git, Pandas, SQL, Scikit-learn",215000,273000,RUB
100734,2024-10-24,Data Scientist,Lead,Краснодар,Гибрид,Малая (50-250),"Git, Pandas, PyTorch, Python, SQL, Scikit-learn",140000,166000,RUB
104622,2024-10-25,Data Analyst,Junior,Москва,Удалённо,Малая (50-250),"Git, Python, SQL",54000,63000,RUB
103751,2024-10-25,Product Manager,Junior,Новосибирск,Гибрид,Малая (50-250),"Agile, Analytics, Confluence, Git, Jira, SQL",34000,43000,RUB
104325,2024-10-25,Backend Developer,Middle,Новосибирск,Гибрид,Средняя (250-1000),"Git, Java, Kubernetes, Python",64000,76000,RUB
105188,2024-10-25,Frontend Developer,Junior,Краснодар,Офис,Крупная (1000+),"CSS, Git, HTML",30000,36000,RUB
101829,2024-10-26,QA Engineer,Middle,Удалённо (Россия),Гибрид,Крупная (1000+),"Git, Manual Testing, Postman, Python, SQL, Selenium",61000,75000,RUB
101107,2024-10-26,Frontend Developer,Middle,Москва,Гибрид,Крупная (1000+),"CSS, Git, HTML, TypeScript",121000,148000,RUB
100451,2024-10-26,DevOps Engineer,Middle,Удалённо (Россия),Офис,Малая (50-250),"CI/CD, Docker, Git, Terraform",77000,99000,RUB
103372,2024-10-26,QA Engineer,Middle,Москва,Офис,Крупная (1000+),"Git, Manual Testing, Postman, Python",78000,94000,RUB
101992,2024-10-27,Frontend Developer,Middle,Удалённо (Россия),Офис,Средняя (250-1000),"CSS, Git, HTML, JavaScript, TypeScript",102000,130000,RUB
100320,2024-10-27,Frontend Developer,Senior,Новосибирск,Офис,Крупная (1000+),"CSS, Git, HTML, JavaScript",97000,127000,RUB
104171,2024-10-27,DevOps Engineer,Middle,Санкт-Петербург,Гибрид,Стартап (<50),"AWS, Git, Kubernetes, Linux, Terraform",90000,111000,RUB
105846,2024-10-27,QA Engineer,Lead,Москва,Офис,Средняя (250-1000),"Git, Postman, Python, SQL, Selenium",144000,179000,RUB
100415,2024-10-27,Data Analyst,Senior,Санкт-Петербург,Офис,Крупная (1000+),"Excel, Git, Power BI, Python, SQL",134000,164000,RUB
101057,2024-10-27,Frontend Developer,Middle,Москва,Гибрид,Средняя (250-1000),"CSS, Git, HTML, JavaScript, React",86000,114000,RUB
105704,2024-10-28,ML Engineer,Middle,Москва,Гибрид,Малая (50-250),"Git, Kubernetes, MLflow, PyTorch, Python, TensorFlow",132000,167000,RUB
105992,2024-10-28,Product Manager,Middle,Москва,Удалённо,Средняя (250-1000),"Agile, Analytics, Git, SQL",95000,116000,RUB
105565,2024-10-28,Full-stack Developer,Senior,Москва,Гибрид,Средняя (250-1000),"Docker, Git, JavaScript, Node.js, React, SQL",167000,220000,RUB
102424,2024-10-28,Frontend Developer,Middle,Новосибирск,Офис,Малая (50-250),"CSS, Git, HTML, JavaScript",60000,75000,RUB
105498,2024-10-28,Data Engineer,Middle,Москва,Гибрид,Крупная (1000+),"Airflow, ClickHouse, Git, Kafka, Spark",130000,171000,RUB
101594,2024-10-28,Data Analyst,Lead,Удалённо (Россия),Офис,Стартап (<50),"Excel, Git, Power BI, Python, SQL",164000,206000,RUB
100774,2024-10-29,ML Engineer,Lead,Удалённо (Россия),Удалённо,Малая (50-250),"Git, MLflow, PyTorch, Python, TensorFlow",238000,320000,RUB
102654,2024-10-29,DevOps Engineer,Junior,Удалённо (Россия),Удалённо,Средняя (250-1000),"CI/CD, Docker, Git, Kubernetes, Terraform",60000,74000,RUB
103161,2024-10-29,System Analyst,Middle,Казань,Офис,Малая (50-250),"BPMN, Confluence, Git, Jira, SQL, UML",53000,65000,RUB
100068,2024-10-29,DevOps Engineer,Junior,Новосибирск,Офис,Малая (50-250),"AWS, CI/CD, Docker, Git, Linux, Terraform",40000,50000,RUB
100848,2024-10-29,Backend Developer,Senior,Нижний Новгород,Удалённо,Стартап (<50),"Docker, Git, Java, Kubernetes, PostgreSQL, Python",67000,88000,RUB
100688,2024-10-30,QA Engineer,Junior,Нижний Новгород,Гибрид,Крупная (1000+),"Git, Manual Testing, Postman, Python, SQL, Selenium",30000,38000,RUB
105092,2024-10-30,Data Analyst,Middle,Новосибирск,Удалённо,Малая (50-250),"Git, Power BI, Python, SQL, Tableau",71000,92000,RUB
101876,2024-10-30,ML Engineer,Middle,Москва,Удалённо,Средняя (250-1000),"Docker, Git, Kubernetes, MLflow, PyTorch, Python, TensorFlow",167000,222000,RUB
103991,2024-10-30,QA Engineer,Junior,Удалённо (Россия),Офис,Малая (50-250),"Git, Manual Testing, Postman, Python, SQL, Selenium",30000,40000,RUB
104381,2024-10-31,Mobile Developer,Junior,Казань,Гибрид,Малая (50-250),"Git, Kotlin, SQL, Swift",34000,42000,RUB
100200,2024-10-31,ML Engineer,Middle,Санкт-Петербург,Офис,Стартап (<50),"Docker, Git, Kubernetes, MLflow, PyTorch, TensorFlow",106000,132000,RUB
104767,2024-11-01,Backend Developer,Middle,Москва,Удалённо,Малая (50-250),"Docker, Git, Kubernetes, Python",117000,146000,RUB
104822,2024-11-01,Product Manager,Middle,Удалённо (Россия),Офис,Малая (50-250),"Agile, Git, SQL",107000,128000,RUB
103309,2024-11-01,Frontend Developer,Middle,Санкт-Петербург,Гибрид,Стартап (<50),"Git, HTML, JavaScript, React, TypeScript",62000,75000,RUB
102962,2024-11-01,System Analyst,Senior,Москва,Офис,Средняя (250-1000),"Confluence, Git, Jira, SQL, UML",140000,185000,RUB
100786,2024-11-02,Data Analyst,Junior,Новосибирск,Офис,Малая (50-250),"Excel, Git, Power BI, Python, Tableau",30000,37000,RUB
103028,2024-11-02,Backend Developer,Junior,Удалённо (Россия),Гибрид,Малая (50-250),"Docker, Git, Python, REST API, SQL",63000,83000,RUB
101339,2024-11-02,Frontend Developer,Lead,Казань,Удалённо,Малая (50-250),"Git, JavaScript, React, TypeScript",111000,136000,RUB
104392,2024-11-02,DevOps Engineer,Middle,Москва,Гибрид,Малая (50-250),"AWS, CI/CD, Docker, Git, Kubernetes",110000,132000,RUB
101470,2024-11-03,Data Engineer,Middle,Удалённо (Россия),Удалённо,Малая (50-250),"Airflow, ClickHouse, Docker, Kafka, Python, Spark",103000,131000,RUB
101968,2024-11-03,Backend Developer,Junior,Екатеринбург,Офис,Крупная (1000+),"Docker, Git, Java, Kubernetes, PostgreSQL, SQL",43000,51000,RUB
104580,2024-11-03,System Analyst,Junior,Удалённо (Россия),Удалённо,Стартап (<50),"BPMN, Confluence, Git, SQL, UML",39000,47000,RUB
100973,2024-11-03,Backend Developer,Senior,Москва,Гибрид,Средняя (250-1000),"Git, Java, Kubernetes, Python, REST API",174000,227000,RUB
104100,2024-11-03,Data Analyst,Middle,Нижний Новгород,Офис,Малая (50-250),"Git, Power BI, Python, SQL",54000,64000,RUB
105414,2024-11-03,Full-stack Developer,Senior,Удалённо (Россия),Гибрид,Малая (50-250),"Docker, Git, JavaScript, Node.js, React, SQL",157000,189000,RUB
103674,2024-11-04,Frontend Developer,Senior,Санкт-Петербург,Удалённо,Крупная (1000+),"Git, HTML, React, TypeScript",136000,175000,RUB
103287,2024-11-04,Data Analyst,Lead,Москва,Удалённо,Малая (50-250),"Excel, Git, Power BI, Python, SQL, Tableau",169000,199000,RUB
104141,2024-11-04,Frontend Developer,Middle,Москва,Офис,Малая (50-250),"Git, HTML, JavaScript, React, TypeScript",86000,105000,RUB
100230,2024-11-04,Backend Developer,Middle,Екатеринбург,Офис,Крупная (1000+),"Docker, Git, Python, REST API, SQL",69000,91000,RUB
105424,2024-11-04,ML Engineer,Middle,Москва,Офис,Средняя (250-1000),"Docker, Git, Python, TensorFlow",88000,104000,RUB
102288,2024-11-04,Data Scientist,Junior,Москва,Офис,Средняя (250-1000),"Docker, Git, Pandas, PyTorch, SQL, Scikit-learn, Statistics",51000,67000,RUB
105119,2024-11-04,DevOps Engineer,Senior,Санкт-Петербург,Офис,Малая (50-250),"AWS, Docker, Git, Kubernetes, Terraform",164000,191000,RUB
100840,2024-11-05,Backend Developer,Senior,Санкт-Петербург,Удалённо,Средняя (250-1000),"Docker, Git, PostgreSQL, Python, REST API",123000,147000,RUB
100094,2024-11-05,Data Analyst,Junior,Екатеринбург,Удалённо,Крупная (1000+),"Git, Power BI, Python, SQL, Tableau",41000,54000,RUB
101641,2024-11-05,Backend Developer,Junior,Санкт-Петербург,Гибрид,Стартап (<50),"Git, Java, Kubernetes, Python, REST API, SQL",45000,59000,RUB
102809,2024-11-05,Data Scientist,Middle,Санкт-Петербург,Гибрид,Средняя (250-1000),"Git, Pandas, Python, SQL, Statistics",108000,143000,RUB
100878,2024-11-05,Data Engineer,Middle,Новосибирск,Удалённо,Средняя (250-1000),"ClickHouse, Git, SQL",89000,113000,RUB
104377,2024-11-06,Full-stack Developer,Senior,Казань,Офис,Крупная (1000+),"Docker, Git, JavaScript, Node.js, SQL",100000,133000,RUB
101789,2024-11-06,Frontend Developer,Senior,Санкт-Петербург,Удалённо,Малая (50-250),"Git, HTML, JavaScript",93000,117000,RUB
102015,2024-11-06,Mobile Developer,Junior,Удалённо (Россия),Гибрид,Стартап (<50),"Git, Kotlin, SQL, Swift",48000,62000,RUB
104288,2024-11-06,QA Engineer,Lead,Москва,Гибрид,Стартап (<50),"Git, Postman, Python, SQL, Selenium",170000,201000,RUB
102935,2024-11-06,Mobile Developer,Junior,Москва,Удалённо,Средняя (250-1000),"Git, Kotlin, REST API, Swift",56000,69000,RUB
104923,2024-11-06,Product Manager,Junior,Краснодар,Гибрид,Крупная (1000+),"Agile, Analytics, Confluence, Git, SQL",35000,47000,RUB
104271,2024-11-06,QA Engineer,Senior,Казань,Гибрид,Стартап (<50),"Git, Manual Testing, Postman, Python, SQL, Selenium",63000,79000,RUB
100341,2024-11-06,Data Engineer,Middle,Москва,Гибрид,Малая (50-250),"ClickHouse, Kafka, Python, SQL, Spark",126000,164000,RUB
102823,2024-11-07,Data Engineer,Junior,Краснодар,Удалённо,Средняя (250-1000),"Airflow, Docker, SQL",44000,57000,RUB
100359,2024-11-07,Full-stack Developer,Lead,Санкт-Петербург,Офис,Крупная (1000+),"Docker, Git, Node.js, React, SQL",190000,226000,RUB
101730,2024-11-07,Data Scientist,Middle,Москва,Гибрид,Малая (50-250),"Git, PyTorch, SQL, Scikit-learn, Statistics",141000,178000,RUB
101947,2024-11-07,Frontend Developer,Junior,Краснодар,Гибрид,Средняя (250-1000),"Git, HTML, JavaScript, React, TypeScript",30000,39000,RUB
104541,2024-11-07,Data Engineer,Middle,Удалённо (Россия),Удалённо,Средняя (250-1000),"Airflow, ClickHouse, Docker, Python, SQL",108000,140000,RUB
100277,2024-11-07,QA Engineer,Middle,Москва,Гибрид,Стартап (<50),"Git, Manual Testing, Postman, Python, SQL, Selenium",51000,64000,RUB
103952,2024-11-07,Data Engineer,Middle,Москва,Офис,Стартап (<50),"Git, Python, SQL, Spark",97000,126000,RUB
101597,2024-11-07,Data Analyst,Middle,Удалённо (Россия),Гибрид,Стартап (<50),"Excel, SQL, Tableau",71000,92000,RUB
101316,2024-11-07,Backend Developer,Middle,Удалённо (Россия),Гибрид,Стартап (<50),"Docker, Git, Java, Kubernetes, PostgreSQL, Python, SQL",94000,114000,RUB
104313,2024-11-08,Frontend Developer,Senior,Екатеринбург,Удалённо,Малая (50-250),"Git, HTML, JavaScript, React, TypeScript",114000,133000,RUB
102728,2024-11-08,Frontend Developer,Senior,Нижний Новгород,Гибрид,Стартап (<50),"Git, JavaScript, TypeScript",84000,98000,RUB
101671,2024-11-08,Data Engineer,Junior,Казань,Гибрид,Стартап (<50),"Git, Python, SQL, Spark",33000,40000,RUB
105052,2024-11-09,QA Engineer,Middle,Санкт-Петербург,Гибрид,Средняя (250-1000),"Git, Manual Testing, Postman, Python, SQL, Selenium",72000,91000,RUB
103436,2024-11-09,Backend Developer,Senior,Нижний Новгород,Гибрид,Крупная (1000+),"Docker, Git, Java, Kubernetes, PostgreSQL, Python",107000,134000,RUB
105011,2024-11-09,Backend Developer,Middle,Москва,Удалённо,Малая (50-250),"Git, Kubernetes, PostgreSQL, SQL",95000,122000,RUB
103051,2024-11-09,Data Engineer,Senior,Москва,Офис,Стартап (<50),"Airflow, ClickHouse, Docker",159000,200000,RUB
104830,2024-11-09,QA Engineer,Middle,Москва,Гибрид,Крупная (1000+),"Git, Manual Testing, Postman, Python, SQL, Selenium",78000,105000,RUB
103867,2024-11-09,Data Scientist,Senior,Москва,Удалённо,Средняя (250-1000),"Git, Pandas, Python",259000,328000,RUB
105469,2024-11-09,Data Analyst,Senior,Удалённо (Россия),Удалённо,Крупная (1000+),"Excel, Git, Power BI, Python, SQL, Tableau",136000,159000,RUB
103299,2024-11-10,Product Manager,Junior,Москва,Гибрид,Крупная (1000+),"Agile, Analytics, Confluence, Git, Jira, SQL",78000,91000,RUB
104666,2024-11-10,DevOps Engineer,Junior,Москва,Гибрид,Средняя (250-1000),"Docker, Git, Kubernetes",59000,77000,RUB
103802,2024-11-10,System Analyst,Junior,Москва,Гибрид,Малая (50-250),"BPMN, Confluence, Git, Jira, SQL, UML",39000,51000,RUB
105143,2024-11-10,Data Analyst,Junior,Москва,Офис,Средняя (250-1000),"Git, Python, SQL",58000,78000,RUB
104688,2024-11-10,Data Analyst,Lead,Москва,Офис,Крупная (1000+),"Excel, Git, Power BI, Python",221000,294000,RUB
103337,2024-11-10,System Analyst,Lead,Новосибирск,Офис,Стартап (<50),"Confluence, Git, Jira, SQL",106000,139000,RUB
102152,2024-11-10,Data Analyst,Middle,Удалённо (Россия),Офис,Стартап (<50),"Git, Python, SQL",69000,91000,RUB
104075,2024-11-10,Data Scientist,Middle,Москва,Гибрид,Средняя (250-1000),"Docker, Git, Pandas, PyTorch, Python, SQL",93000,122000,RUB
104613,2024-11-11,ML Engineer,Middle,Санкт-Петербург,Удалённо,Крупная (1000+),"Git, PyTorch, Python",116000,153000,RUB
100619,2024-11-11,Full-stack Developer,Junior,Казань,Гибрид,Стартап (<50),"Docker, Git, JavaScript",30000,37000,RUB
100812,2024-11-11,DevOps Engineer,Senior,Санкт-Петербург,Гибрид,Крупная (1000+),"AWS, CI/CD, Docker, Git, Kubernetes, Linux, Terraform",212000,277000,RUB
103618,2024-11-12,Data Analyst,Middle,Екатеринбург,Гибрид,Малая (50-250),"Excel, Git, Python, SQL, Tableau",55000,67000,RUB
103563,2024-11-12,QA Engineer,Junior,Удалённо (Россия),Офис,Стартап (<50),"Git, Manual Testing, Python, SQL, Selenium",35000,45000,RUB
103108,2024-11-12,Data Engineer,Middle,Санкт-Петербург,Офис,Стартап (<50),"ClickHouse, Python, SQL",89000,108000,RUB
103082,2024-11-12,Full-stack Developer,Lead,Краснодар,Офис,Средняя (250-1000),"Git, JavaScript, React, SQL",128000,163000,RUB
105795,2024-11-12,DevOps Engineer,Middle,Москва,Гибрид,Крупная (1000+),"AWS, CI/CD, Docker, Git, Kubernetes, Linux",115000,152000,RUB
102085,2024-11-12,Product Manager,Middle,Екатеринбург,Удалённо,Средняя (250-1000),"Agile, Analytics, Confluence, Git, SQL",82000,100000,RUB
100404,2024-11-12,QA Engineer,Senior,Казань,Удалённо,Средняя (250-1000),"Git, Manual Testing, Postman, Selenium",86000,114000,RUB
101131,2024-11-12,Full-stack Developer,Middle,Удалённо (Россия),Офис,Средняя (250-1000),"Docker, Git, JavaScript, Node.js, React, SQL",74000,98000,RUB
105765,2024-11-12,DevOps Engineer,Junior,Удалённо (Россия),Гибрид,Средняя (250-1000),"AWS, CI/CD, Docker, Git, Linux, Terraform",50000,65000,RUB
105482,2024-11-12,Full-stack Developer,Middle,Новосибирск,Удалённо,Стартап (<50),"Git, JavaScript, Node.js, React, SQL",57000,69000,RUB
101491,2024-11-13,Data Scientist,Middle,Новосибирск,Офис,Стартап (<50),"Docker, Git, Pandas, PyTorch, Python, SQL",74000,86000,RUB
102621,2024-11-14,Data Analyst,Junior,Москва,Офис,Малая (50-250),"Excel, Git, Power BI, Python, SQL, Tableau",43000,57000,RUB
102135,2024-11-14,ML Engineer,Middle,Москва,Гибрид,Малая (50-250),"Git, Kubernetes, PyTorch, Python, TensorFlow",119000,159000,RUB
103708,2024-11-14,Data Engineer,Middle,Казань,Гибрид,Средняя (250-1000),"ClickHouse, Docker, Git, SQL, Spark",72000,89000,RUB
103053,2024-11-14,Data Scientist,Junior,Удалённо (Россия),Офис,Крупная (1000+),"Docker, Git, Pandas, PyTorch, SQL, Statistics",55000,73000,RUB
104242,2024-11-14,Mobile Developer,Junior,Екатеринбург,Гибрид,Стартап (<50),"Git, REST API, Swift",33000,40000,RUB
102027,2024-11-14,System Analyst,Junior,Удалённо (Россия),Удалённо,Малая (50-250),"BPMN, Confluence, Git, Jira, SQL",47000,63000,RUB
102770,2024-11-14,Frontend Developer,Junior,Москва,Удалённо,Крупная (1000+),"CSS, Git, HTML, JavaScript, React",65000,86000,RUB
100820,2024-11-14,QA Engineer,Middle,Новосибирск,Удалённо,Малая (50-250),"Git, SQL, Selenium",54000,73000,RUB
101237,2024-11-14,Data Analyst,Middle,Санкт-Петербург,Гибрид,Крупная (1000+),"Git, Power BI, Python, SQL",77000,97000,RUB
100947,2024-11-14,QA Engineer,Middle,Санкт-Петербург,Офис,Малая (50-250),"Git, Manual Testing, Postman, SQL, Selenium",62000,79000,RUB
104843,2024-11-15,System Analyst,Junior,Москва,Гибрид,Малая (50-250),"BPMN, Confluence, Git, Jira, SQL",45000,58000,RUB
100745,2024-11-15,ML Engineer,Middle,Москва,Офис,Средняя (250-1000),"Git, MLflow, Python",134000,160000,RUB
102675,2024-11-15,DevOps Engineer,Lead,Москва,Удалённо,Крупная (1000+),"AWS, CI/CD, Docker, Git, Linux, Terraform",246000,316000,RUB
101550,2024-11-15,Product Manager,Junior,Удалённо (Россия),Гибрид,Средняя (250-1000),"Agile, Analytics, Confluence, Git, Jira, SQL",59000,71000,RUB
102465,2024-11-15,Full-stack Developer,Junior,Москва,Офис,Средняя (250-1000),"Docker, Git, JavaScript, Node.js, React, SQL",63000,81000,RUB
104707,2024-11-15,Data Analyst,Senior,Москва,Гибрид,Средняя (250-1000),"Excel, Git, Power BI, Python, SQL",130000,153000,RUB
100235,2024-11-15,Full-stack Developer,Senior,Москва,Удалённо,Малая (50-250),"Git, JavaScript, Node.js, SQL",178000,207000,RUB
103716,2024-11-15,Backend Developer,Senior,Москва,Удалённо,Малая (50-250),"Docker, Git, Java, Kubernetes, Python, REST API",174000,209000,RUB
102253,2024-11-15,Mobile Developer,Senior,Москва,Удалённо,Малая (50-250),"Git, Kotlin, REST API, SQL, Swift",153000,198000,RUB
101165,2024-11-15,Full-stack Developer,Middle,Москва,Гибрид,Крупная (1000+),"Docker, Git, JavaScript, Node.js",125000,164000,RUB
104043,2024-11-15,QA Engineer,Middle,Екатеринбург,Гибрид,Крупная (1000+),"Git, Manual Testing, Postman, Python, SQL, Selenium",52000,64000,RUB
104390,2024-11-15,QA Engineer,Middle,Удалённо (Россия),Офис,Средняя (250-1000),"Git, Manual Testing, Postman, Python, SQL, Selenium",74000,95000,RUB
101028,2024-11-15,Data Engineer,Lead,Москва,Офис,Средняя (250-1000),"Airflow, ClickHouse, Docker, Git, Kafka",260000,345000,RUB
102122,2024-11-16,Data Engineer,Middle,Москва,Офис,Стартап (<50),"Airflow, Docker, Kafka, Python, SQL, Spark",89000,118000,RUB
103387,2024-11-16,Data Analyst,Senior,Казань,Офис,Крупная (1000+),"Excel, Git, Power BI, Python, SQL, Tableau",90000,110000,RUB
101438,2024-11-16,Frontend Developer,Middle,Удалённо (Россия),Гибрид,Малая (50-250),"CSS, Git, HTML, JavaScript, React, TypeScript",61000,70000,RUB
105589,2024-11-16,Full-stack Developer,Middle,Новосибирск,Гибрид,Средняя (250-1000),"Git, JavaScript, Node.js, React, SQL",62000,82000,RUB
103672,2024-11-17,Data Scientist,Junior,Новосибирск,Гибрид,Малая (50-250),"Git, SQL, Scikit-learn, Statistics",39000,49000,RUB
105320,2024-11-17,Data Scientist,Middle,Екатеринбург,Удалённо,Средняя (250-1000),"Git, PyTorch, Python, SQL, Scikit-learn, Statistics",82000,103000,RUB
101913,2024-11-17,Data Analyst,Middle,Москва,Офис,Крупная (1000+),"Excel, Git, Python, SQL",114000,143000,RUB
101852,2024-11-18,Mobile Developer,Junior,Казань,Гибрид,Средняя (250-1000),"REST API, SQL, Swift",30000,35000,RUB
105339,2024-11-18,System Analyst,Middle,Москва,Гибрид,Малая (50-250),"Confluence, Git, Jira, SQL, UML",83000,106000,RUB
105250,2024-11-18,ML Engineer,Middle,Москва,Гибрид,Средняя (250-1000),"Kubernetes, MLflow, Python",128000,152000,RUB
101743,2024-11-18,Data Engineer,Senior,Удалённо (Россия),Офис,Малая (50-250),"Airflow, Docker, Git, Kafka, Python, SQL, Spark",172000,207000,RUB
102234,2024-11-18,Data Analyst,Junior,Москва,Офис,Малая (50-250),"Git, Power BI, Python, Tableau",38000,45000,RUB
102983,2024-11-19,QA Engineer,Middle,Казань,Гибрид,Крупная (1000+),"Git, Postman, Python, Selenium",54000,72000,RUB
102461,2024-11-19,Frontend Developer,Lead,Москва,Офис,Крупная (1000+),"CSS, Git, HTML, JavaScript, React, TypeScript",184000,225000,RUB
105391,2024-11-19,Mobile Developer,Lead,Казань,Гибрид,Малая (50-250),"Git, SQL, Swift",118000,141000,RUB
101478,2024-11-19,Data Analyst,Middle,Екатеринбург,Гибрид,Крупная (1000+),"Excel, Git, Power BI, Python, SQL, Tableau",71000,83000,RUB
104260,2024-11-19,QA Engineer,Middle,Санкт-Петербург,Удалённо,Крупная (1000+),"Git, Manual Testing, SQL",70000,92000,RUB
102277,2024-11-20,Full-stack Developer,Junior,Москва,Офис,Малая (50-250),"Docker, Git, Node.js, React",49000,62000,RUB
102944,2024-11-20,Data Analyst,Middle,Екатеринбург,Гибрид,Крупная (1000+),"Excel, Git, Python, SQL",64000,78000,RUB
102274,2024-11-20,Frontend Developer,Senior,Санкт-Петербург,Гибрид,Крупная (1000+),"CSS, Git, HTML, TypeScript",159000,201000,RUB
100709,2024-11-20,Full-stack Developer,Middle,Удалённо (Россия),Гибрид,Крупная (1000+),"Docker, Git, JavaScript, Node.js, React, SQL",115000,147000,RUB
102882,2024-11-20,Data Engineer,Senior,Москва,Офис,Стартап (<50),"Docker, Git, Kafka, Spark",166000,222000,RUB
101895,2024-11-20,System Analyst,Senior,Краснодар,Удалённо,Малая (50-250),"BPMN, Confluence, Git, Jira",73000,99000,RUB
101554,2024-11-20,Mobile Developer,Middle,Новосибирск,Гибрид,Средняя (250-1000),"Git, REST API, SQL, Swift",54000,72000,RUB
100580,2024-11-20,Frontend Developer,Junior,Удалённо (Россия),Удалённо,Малая (50-250),"CSS, Git, JavaScript, React, TypeScript",40000,51000,RUB
104905,2024-11-21,System Analyst,Lead,Удалённо (Россия),Удалённо,Стартап (<50),"Confluence, Git, Jira, SQL, UML",171000,225000,RUB
103875,2024-11-21,Mobile Developer,Senior,Санкт-Петербург,Гибрид,Малая (50-250),"Git, Kotlin, REST API, Swift",158000,205000,RUB
103235,2024-11-21,Backend Developer,Lead,Санкт-Петербург,Удалённо,Средняя (250-1000),"Docker, Git, Python, REST API, SQL",205000,251000,RUB
100518,2024-11-21,Data Engineer,Senior,Москва,Офис,Малая (50-250),"Airflow, Docker, Git, SQL",169000,217000,RUB
104366,2024-11-21,ML Engineer,Junior,Новосибирск,Гибрид,Малая (50-250),"Git, Kubernetes, PyTorch",53000,66000,RUB
104867,2024-11-21,QA Engineer,Middle,Москва,Офис,Крупная (1000+),"Git, Manual Testing, Selenium",66000,84000,RUB
102195,2024-11-22,Data Scientist,Lead,Санкт-Петербург,Офис,Средняя (250-1000),"Docker, Git, Pandas, PyTorch",178000,205000,RUB
101095,2024-11-22,QA Engineer,Junior,Краснодар,Гибрид,Крупная (1000+),"Git, Manual Testing, Postman, Python, SQL, Selenium",30000,38000,RUB
102381,2024-11-22,Product Manager,Middle,Москва,Офис,Крупная (1000+),"Agile, Analytics, Confluence, Git, Jira, SQL",126000,149000,RUB
101472,2024-11-22,Data Scientist,Lead,Москва,Гибрид,Стартап (<50),"Docker, Git, Python, SQL, Scikit-learn",217000,276000,RUB
104990,2024-11-22,Full-stack Developer,Junior,Москва,Удалённо,Малая (50-250),"Docker, Git, JavaScript, Node.js, React",60000,74000,RUB
101270,2024-11-22,Backend Developer,Senior,Удалённо (Россия),Удалённо,Стартап (<50),"Docker, Git, Java, Python, SQL",134000,176000,RUB
102723,2024-11-22,Mobile Developer,Middle,Москва,Гибрид,Средняя (250-1000),"Git, REST API, Swift",121000,140000,RUB
101709,2024-11-22,Full-stack Developer,Middle,Удалённо (Россия),Офис,Крупная (1000+),"Git, JavaScript, Node.js, React, SQL",100000,129000,RUB
103312,2024-11-22,Frontend Developer,Lead,Москва,Гибрид,Малая (50-250),"CSS, Git, HTML, JavaScript, React, TypeScript",174000,209000,RUB
105300,2024-11-22,QA Engineer,Senior,Новосибирск,Гибрид,Малая (50-250),"Git, Manual Testing, Python, Selenium",82000,106000,RUB
100592,2024-11-22,Backend Developer,Junior,Удалённо (Россия),Офис,Средняя (250-1000),"Git, Java, Kubernetes, PostgreSQL, Python, REST API",49000,62000,RUB
105009,2024-11-24,Data Scientist,Lead,Краснодар,Удалённо,Крупная (1000+),"Git, Pandas, Python, Scikit-learn",158000,211000,RUB
100310,2024-11-24,Full-stack Developer,Senior,Санкт-Петербург,Удалённо,Малая (50-250),"Docker, Git, JavaScript, Node.js, React, SQL",135000,179000,RUB
103491,2024-11-24,Frontend Developer,Middle,Екатеринбург,Офис,Средняя (250-1000),"Git, JavaScript, React, TypeScript",67000,82000,RUB
101381,2024-11-24,System Analyst,Senior,Москва,Офис,Стартап (<50),"BPMN, Confluence, Git, Jira, UML",126000,152000,RUB
103617,2024-11-24,Data Analyst,Senior,Москва,Офис,Средняя (250-1000),"Excel, Git, Power BI, Python, SQL",154000,190000,RUB
102371,2024-11-24,ML Engineer,Junior,Москва,Офис,Малая (50-250),"Git, Kubernetes, PyTorch, TensorFlow",67000,86000,RUB
100321,2024-11-24,Data Scientist,Middle,Москва,Удалённо,Малая (50-250),"Git, Pandas, PyTorch, Scikit-learn, Statistics",117000,154000,RUB
104150,2024-11-24,Backend Developer,Middle,Новосибирск,Удалённо,Малая (50-250),"Docker, Git, Kubernetes, REST API",94000,116000,RUB
104125,2024-11-24,QA Engineer,Junior,Краснодар,Гибрид,Стартап (<50),"Git, Manual Testing, Postman, Python, SQL, Selenium",30000,37000,RUB
102120,2024-11-25,Data Scientist,Junior,Нижний Новгород,Гибрид,Крупная (1000+),"Docker, Git, PyTorch, Python",42000,51000,RUB
100902,2024-11-25,Frontend Developer,Middle,Новосибирск,Удалённо,Малая (50-250),"Git, HTML, React",57000,75000,RUB
103632,2024-11-25,Data Engineer,Middle,Москва,Гибрид,Малая (50-250),"Airflow, Git, Python, SQL, Spark",102000,133000,RUB
104639,2024-11-25,Data Analyst,Senior,Санкт-Петербург,Гибрид,Малая (50-250),"Excel, Git, Python",109000,126000,RUB
102404,2024-11-25,Full-stack Developer,Middle,Санкт-Петербург,Офис,Малая (50-250),"Docker, Git, JavaScript, Node.js, SQL",85000,98000,RUB
102188,2024-11-25,Mobile Developer,Middle,Удалённо (Россия),Гибрид,Средняя (250-1000),"Git, Kotlin, REST API, Swift",91000,107000,RUB
101328,2024-11-25,Frontend Developer,Junior,Новосибирск,Офис,Стартап (<50),"CSS, Git, HTML, JavaScript, React, TypeScript",30000,36000,RUB
101353,2024-11-26,Frontend Developer,Middle,Удалённо (Россия),Удалённо,Малая (50-250),"CSS, Git, HTML, JavaScript",73000,89000,RUB
102307,2024-11-26,Data Analyst,Middle,Москва,Гибрид,Малая (50-250),"Excel, Git, Power BI, Python, SQL",82000,108000,RUB
103429,2024-11-26,Full-stack Developer,Middle,Москва,Гибрид,Средняя (250-1000),"Docker, Git, Node.js, React, SQL",133000,172000,RUB
102603,2024-11-26,Mobile Developer,Junior,Казань,Офис,Стартап (<50),"Git, Kotlin, REST API",30000,38000,RUB
101105,2024-11-26,DevOps Engineer,Junior,Нижний Новгород,Удалённо,Малая (50-250),"AWS, CI/CD, Docker, Git, Linux, Terraform",30000,40000,RUB
102025,2024-11-26,ML Engineer,Junior,Москва,Офис,Стартап (<50),"Docker, Git, Kubernetes, MLflow",63000,81000,RUB
105910,2024-11-26,Data Analyst,Middle,Москва,Гибрид,Крупная (1000+),"Excel, Git, Power BI, Python, SQL, Tableau",113000,143000,RUB
102743,2024-11-26,System Analyst,Senior,Удалённо (Россия),Удалённо,Малая (50-250),"Confluence, Git, Jira, SQL, UML",121000,162000,RUB
102179,2024-11-27,DevOps Engineer,Middle,Санкт-Петербург,Гибрид,Стартап (<50),"CI/CD, Git, Kubernetes, Linux",86000,114000,RUB
100747,2024-11-27,ML Engineer,Middle,Екатеринбург,Офис,Крупная (1000+),"Docker, Git, Kubernetes, MLflow, TensorFlow",92000,119000,RUB
101027,2024-11-27,Frontend Developer,Junior,Москва,Гибрид,Стартап (<50),"CSS, Git, HTML, React, TypeScript",34000,45000,RUB
101093,2024-11-27,System Analyst,Senior,Казань,Офис,Малая (50-250),"BPMN, Git, Jira, SQL, UML",60000,79000,RUB
105543,2024-11-27,Data Scientist,Senior,Казань,Гибрид,Малая (50-250),"Git, Python, SQL, Scikit-learn, Statistics",118000,152000,RUB
103050,2024-11-27,Full-stack Developer,Middle,Удалённо (Россия),Гибрид,Стартап (<50),"Git, Node.js, React, SQL",84000,112000,RUB
103593,2024-11-27,Frontend Developer,Middle,Москва,Офис,Средняя (250-1000),"CSS, HTML, React",102000,136000,RUB
105643,2024-11-27,QA Engineer,Lead,Москва,Офис,Стартап (<50),"Git, SQL, Selenium",131000,158000,RUB
103702,2024-11-27,System Analyst,Middle,Санкт-Петербург,Удалённо,Средняя (250-1000),"BPMN, Confluence, Git, Jira, SQL, UML",91000,120000,RUB
102170,2024-11-28,ML Engineer,Middle,Удалённо (Россия),Гибрид,Малая (50-250),"Git, MLflow, Python, TensorFlow",139000,173000,RUB
100941,2024-11-28,Backend Developer,Junior,Москва,Удалённо,Средняя (250-1000),"Git, Java, PostgreSQL, Python, REST API",63000,80000,RUB
102876,2024-11-29,Data Analyst,Middle,Екатеринбург,Удалённо,Стартап (<50),"Excel, Git, Tableau",54000,64000,RUB
103819,2024-11-29,Frontend Developer,Junior,Москва,Офис,Средняя (250-1000),"CSS, Git, HTML, React",57000,74000,RUB
105234,2024-11-29,Full-stack Developer,Middle,Москва,Гибрид,Крупная (1000+),"Docker, Git, JavaScript, Node.js, React, SQL",111000,150000,RUB
102845,2024-11-29,Frontend Developer,Middle,Удалённо (Россия),Офис,Средняя (250-1000),"CSS, Git, React, TypeScript",82000,108000,RUB
101205,2024-11-29,QA Engineer,Middle,Казань,Офис,Средняя (250-1000),"Git, Manual Testing, Postman, SQL, Selenium",50000,64000,RUB
103349,2024-11-29,Product Manager,Junior,Удалённо (Россия),Гибрид,Крупная (1000+),"Confluence, Git, Jira, SQL",66000,83000,RUB
102227,2024-11-29,Data Engineer,Middle,Удалённо (Россия),Удалённо,Крупная (1000+),"ClickHouse, Git, Python, Spark",127000,169000,RUB
104939,2024-11-29,Data Engineer,Lead,Новосибирск,Офис,Стартап (<50),"Airflow, Git, Spark",127000,167000,RUB
103298,2024-11-29,Data Scientist,Junior,Удалённо (Россия),Офис,Малая (50-250),"Docker, Git, PyTorch, SQL, Scikit-learn, Statistics",66000,81000,RUB
105487,2024-11-30,Full-stack Developer,Junior,Москва,Офис,Малая (50-250),"Docker, Git, JavaScript, React",45000,53000,RUB
105491,2024-11-30,Backend Developer,Middle,Москва,Офис,Малая (50-250),"Git, PostgreSQL, SQL",105000,124000,RUB
102698,2024-11-30,ML Engineer,Middle,Казань,Гибрид,Средняя (250-1000),"Docker, Git, MLflow, PyTorch, Python, TensorFlow",86000,113000,RUB
102082,2024-11-30,Data Engineer,Middle,Москва,Офис,Стартап (<50),"ClickHouse, Docker, Git, Python, Spark",107000,131000,RUB
102048,2024-11-30,Data Scientist,Junior,Казань,Офис,Малая (50-250),"Docker, Git, Pandas, Python, SQL, Statistics",36000,42000,RUB
105744,2024-12-01,DevOps Engineer,Senior,Нижний Новгород,Гибрид,Крупная (1000+),"CI/CD, Docker, Git, Kubernetes, Linux",130000,152000,RUB
101530,2024-12-01,Data Analyst,Lead,Москва,Удалённо,Стартап (<50),"Excel, Git, Power BI, Python, SQL, Tableau",185000,247000,RUB
102408,2024-12-01,QA Engineer,Middle,Удалённо (Россия),Офис,Крупная (1000+),"Git, Manual Testing, Postman, Python, SQL, Selenium",70000,89000,RUB
104728,2024-12-01,Full-stack Developer,Middle,Удалённо (Россия),Гибрид,Стартап (<50),"Docker, JavaScript, Node.js",83000,98000,RUB
101650,2024-12-01,Frontend Developer,Junior,Удалённо (Россия),Удалённо,Малая (50-250),"CSS, Git, HTML, JavaScript, React",53000,62000,RUB
101117,2024-12-01,DevOps Engineer,Middle,Краснодар,Офис,Средняя (250-1000),"CI/CD, Git, Terraform",61000,75000,RUB
101741,2024-12-02,ML Engineer,Senior,Нижний Новгород,Офис,Средняя (250-1000),"Docker, Git, MLflow, PyTorch, Python, TensorFlow",126000,154000,RUB
101162,2024-12-02,ML Engineer,Junior,Удалённо (Россия),Гибрид,Стартап (<50),"Docker, Git, PyTorch, TensorFlow",65000,78000,RUB
103389,2024-12-02,DevOps Engineer,Middle,Санкт-Петербург,Офис,Стартап (<50),"AWS, CI/CD, Git",108000,139000,RUB
104230,2024-12-02,QA Engineer,Senior,Москва,Гибрид,Стартап (<50),"Git, Python, SQL",106000,128000,RUB
105791,2024-12-02,Backend Developer,Middle,Москва,Удалённо,Крупная (1000+),"Git, Java, Kubernetes, PostgreSQL, Python, REST API, SQL",120000,149000,RUB
101794,2024-12-02,Data Engineer,Senior,Москва,Офис,Средняя (250-1000),"Airflow, ClickHouse, Docker, Kafka, SQL, Spark",193000,223000,RUB
100091,2024-12-02,Frontend Developer,Middle,Москва,Удалённо,Крупная (1000+),"CSS, Git, HTML, JavaScript, React",90000,103000,RUB
102311,2024-12-02,Frontend Developer,Senior,Казань,Удалённо,Средняя (250-1000),"Git, JavaScript, React, TypeScript",97000,130000,RUB
105996,2024-12-02,Product Manager,Senior,Санкт-Петербург,Удалённо,Малая (50-250),"Analytics, Confluence, Git, Jira, SQL",162000,193000,RUB
101333,2024-12-02,Data Analyst,Middle,Москва,Гибрид,Малая (50-250),"Excel, Git, Power BI, Python, SQL",71000,90000,RUB
105506,2024-12-03,Backend Developer,Middle,Удалённо (Россия),Удалённо,Стартап (<50),"Git, Kubernetes, PostgreSQL",65000,79000,RUB
101017,2024-12-03,Data Scientist,Middle,Москва,Гибрид,Малая (50-250),"Docker, Git, Pandas, Python, Scikit-learn",116000,153000,RUB
101380,2024-12-03,ML Engineer,Senior,Санкт-Петербург,Гибрид,Малая (50-250),"Docker, Kubernetes, MLflow, PyTorch, Python, TensorFlow",158000,193000,RUB
103037,2024-12-03,Product Manager,Lead,Краснодар,Удалённо,Малая (50-250),"Agile, Analytics, Confluence, Git, Jira, SQL",153000,178000,RUB
104051,2024-12-03,Product Manager,Middle,Екатеринбург,Удалённо,Средняя (250-1000),"Agile, Confluence, Git, Jira, SQL",91000,119000,RUB
104660,2024-12-03,Full-stack Developer,Senior,Екатеринбург,Офис,Крупная (1000+),"Docker, Git, JavaScript, Node.js, React",113000,143000,RUB
101236,2024-12-03,DevOps Engineer,Senior,Казань,Офис,Малая (50-250),"AWS, Docker, Linux",78000,95000,RUB
100831,2024-12-03,System Analyst,Senior,Москва,Удалённо,Средняя (250-1000),"BPMN, Confluence, Jira, SQL",142000,182000,RUB
103482,2024-12-03,Frontend Developer,Junior,Екатеринбург,Удалённо,Крупная (1000+),"Git, HTML, React",34000,45000,RUB
104447,2024-12-03,Full-stack Developer,Senior,Екатеринбург,Гибрид,Малая (50-250),"Git, JavaScript, Node.js, SQL",107000,133000,RUB
104109,2024-12-04,ML Engineer,Middle,Санкт-Петербург,Офис,Средняя (250-1000),"Docker, Git, Kubernetes, MLflow, PyTorch, Python",109000,128000,RUB
102957,2024-12-04,Backend Developer,Junior,Удалённо (Россия),Гибрид,Средняя (250-1000),"Git, Java, Python, REST API, SQL",55000,68000,RUB
101261,2024-12-04,Data Scientist,Middle,Москва,Гибрид,Малая (50-250),"Git, Pandas, PyTorch, Scikit-learn, Statistics",99000,116000,RUB
105804,2024-12-04,Data Analyst,Lead,Москва,Офис,Малая (50-250),"Git, Power BI, Python, SQL",162000,217000,RUB
103494,2024-12-05,ML Engineer,Middle,Санкт-Петербург,Удалённо,Крупная (1000+),"Git, Kubernetes, PyTorch, TensorFlow",134000,163000,RUB
103630,2024-12-05,Backend Developer,Middle,Санкт-Петербург,Офис,Стартап (<50),"Docker, Git, Java, Kubernetes, PostgreSQL, SQL",77000,98000,RUB
105288,2024-12-05,Backend Developer,Middle,Санкт-Петербург,Удалённо,Средняя (250-1000),"Git, Java, REST API",116000,153000,RUB
105616,2024-12-05,Full-stack Developer,Junior,Удалённо (Россия),Гибрид,Стартап (<50),"Git, Node.js, React",51000,65000,RUB
102982,2024-12-05,Data Engineer,Middle,Удалённо (Россия),Удалённо,Малая (50-250),"ClickHouse, Docker, Git, Kafka, Python, SQL, Spark",116000,151000,RUB
102386,2024-12-05,Data Scientist,Middle,Москва,Офис,Средняя (250-1000),"Docker, Git, SQL",113000,144000,RUB
104799,2024-12-05,Data Analyst,Senior,Удалённо (Россия),Гибрид,Крупная (1000+),"Excel, Git, Power BI, SQL, Tableau",156000,201000,RUB
102657,2024-12-05,Mobile Developer,Senior,Москва,Удалённо,Средняя (250-1000),"Git, Kotlin, REST API, SQL",173000,200000,RUB
104121,2024-12-05,QA Engineer,Middle,Москва,Гибрид,Стартап (<50),"Git, Manual Testing, Postman, Python, SQL, Selenium",65000,77000,RUB
102272,2024-12-05,Data Engineer,Middle,Екатеринбург,Офис,Стартап (<50),"Airflow, Python, SQL",52000,70000,RUB
104709,2024-12-06,ML Engineer,Middle,Санкт-Петербург,Удалённо,Средняя (250-1000),"Docker, Git, Kubernetes, MLflow, PyTorch, Python, TensorFlow",130000,158000,RUB
103773,2024-12-06,QA Engineer,Senior,Казань,Офис,Средняя (250-1000),"Git, Python, SQL",72000,97000,RUB
103029,2024-12-06,Data Engineer,Junior,Москва,Удалённо,Средняя (250-1000),"Airflow, ClickHouse, Docker, Git, Kafka, SQL, Spark",55000,70000,RUB
102166,2024-12-07,Data Engineer,Lead,Санкт-Петербург,Офис,Средняя (250-1000),"Airflow, Docker, Git, Spark",161000,197000,RUB
102995,2024-12-07,Mobile Developer,Junior,Удалённо (Россия),Удалённо,Средняя (250-1000),"Git, Kotlin, SQL, Swift",39000,52000,RUB
103044,2024-12-07,Data Analyst,Middle,Санкт-Петербург,Офис,Крупная (1000+),"Excel, Git, Power BI, Python, SQL, Tableau",93000,112000,RUB
103839,2024-12-07,Data Analyst,Middle,Москва,Офис,Крупная (1000+),"Excel, Git, Power BI, Python, SQL, Tableau",70000,94000,RUB
102524,2024-12-07,DevOps Engineer,Middle,Москва,Удалённо,Стартап (<50),"CI/CD, Docker, Git, Kubernetes, Linux",120000,159000,RUB
104826,2024-12-08,Frontend Developer,Middle,Новосибирск,Гибрид,Крупная (1000+),"CSS, Git, HTML, JavaScript, React, TypeScript",63000,84000,RUB
103241,2024-12-08,Frontend Developer,Middle,Удалённо (Россия),Гибрид,Стартап (<50),"CSS, Git, HTML, JavaScript, React",79000,98000,RUB
101214,2024-12-08,Backend Developer,Junior,Москва,Офис,Средняя (250-1000),"Git, Java, Kubernetes, PostgreSQL, Python",57000,69000,RUB
104067,2024-12-08,Mobile Developer,Lead,Новосибирск,Удалённо,Крупная (1000+),"Git, Kotlin, REST API, SQL, Swift",140000,172000,RUB
104139,2024-12-08,Backend Developer,Junior,Новосибирск,Офис,Стартап (<50),"Docker, Git, Java, PostgreSQL, REST API, SQL",31000,38000,RUB
101768,2024-12-08,DevOps Engineer,Junior,Нижний Новгород,Офис,Средняя (250-1000),"Docker, Git, Kubernetes",36000,44000,RUB
103421,2024-12-08,QA Engineer,Middle,Москва,Гибрид,Средняя (250-1000),"Git, Manual Testing, Python, Selenium",73000,86000,RUB
100194,2024-12-08,Mobile Developer,Lead,Москва,Офис,Крупная (1000+),"Git, Kotlin, Swift",252000,313000,RUB
105239,2024-12-08,Mobile Developer,Lead,Краснодар,Офис,Стартап (<50),"Git, Kotlin, REST API, SQL, Swift",85000,98000,RUB
102550,2024-12-08,Data Engineer,Senior,Москва,Гибрид,Крупная (1000+),"Airflow, Git, Python",221000,273000,RUB
102116,2024-12-09,Data Analyst,Senior,Удалённо (Россия),Офис,Крупная (1000+),"Excel, Git, Power BI, Python, SQL, Tableau",135000,158000,RUB
104844,2024-12-09,Data Engineer,Lead,Нижний Новгород,Офис,Малая (50-250),"Airflow, ClickHouse, Docker, Git, Spark",155000,197000,RUB
104326,2024-12-09,DevOps Engineer,Junior,Санкт-Петербург,Офис,Стартап (<50),"AWS, Git, Linux, Terraform",51000,61000,RUB
100108,2024-12-09,Full-stack Developer,Lead,Удалённо (Россия),Офис,Стартап (<50),"Docker, JavaScript, SQL",190000,226000,RUB
103170,2024-12-09,Data Analyst,Senior,Казань,Гибрид,Средняя (250-1000),"Git, Power BI, Python, SQL, Tableau",109000,146000,RUB
103660,2024-12-09,Mobile Developer,Junior,Москва,Гибрид,Средняя (250-1000),"Git, Kotlin, SQL",59000,72000,RUB
102961,2024-12-09,Frontend Developer,Middle,Санкт-Петербург,Гибрид,Крупная (1000+),"CSS, Git, HTML, JavaScript, React, TypeScript",74000,100000,RUB
105098,2024-12-09,Data Analyst,Middle,Краснодар,Удалённо,Крупная (1000+),"Git, Power BI, Python, SQL, Tableau",49000,61000,RUB
104851,2024-12-09,Data Analyst,Middle,Новосибирск,Офис,Стартап (<50),"Excel, Git, SQL, Tableau",65000,83000,RUB
103183,2024-12-10,Data Scientist,Junior,Удалённо (Россия),Гибрид,Стартап (<50),"Git, PyTorch, SQL, Scikit-learn, Statistics",55000,65000,RUB
105153,2024-12-10,Backend Developer,Middle,Удалённо (Россия),Гибрид,Средняя (250-1000),"Docker, Git, Kubernetes, Python, SQL",111000,138000,RUB
101369,2024-12-10,Product Manager,Middle,Новосибирск,Гибрид,Малая (50-250),"Analytics, Confluence, Git, Jira",68000,90000,RUB
100302,2024-12-10,Full-stack Developer,Junior,Москва,Гибрид,Малая (50-250),"Docker, Git, JavaScript, Node.js, React, SQL",57000,74000,RUB
103120,2024-12-10,Backend Developer,Middle,Казань,Гибрид,Средняя (250-1000),"Docker, Git, PostgreSQL, Python, REST API",74000,86000,RUB
100562,2024-12-11,Mobile Developer,Junior,Нижний Новгород,Офис,Средняя (250-1000),"Git, Kotlin, REST API, SQL, Swift",34000,43000,RUB
101951,2024-12-11,Product Manager,Junior,Москва,Удалённо,Малая (50-250),"Agile, Analytics, Git, Jira",65000,75000,RUB
100596,2024-12-11,QA Engineer,Junior,Екатеринбург,Удалённо,Малая (50-250),"Git, Manual Testing, Postman, SQL",30000,39000,RUB
101389,2024-12-11,Backend Developer,Junior,Санкт-Петербург,Гибрид,Крупная (1000+),"Git, Kubernetes, PostgreSQL, Python, REST API, SQL",48000,64000,RUB
102751,2024-12-12,Full-stack Developer,Junior,Удалённо (Россия),Удалённо,Крупная (1000+),"Docker, Git, JavaScript, React",67000,86000,RUB
104964,2024-12-12,Product Manager,Middle,Москва,Гибрид,Средняя (250-1000),"Agile, Analytics, Confluence, Git, Jira, SQL",92000,118000,RUB
104595,2024-12-12,Backend Developer,Senior,Санкт-Петербург,Офис,Стартап (<50),"Git, Java, Python",142000,185000,RUB
104761,2024-12-12,Data Analyst,Lead,Удалённо (Россия),Удалённо,Стартап (<50),"Git, Power BI, Python, Tableau",153000,200000,RUB
103124,2024-12-13,System Analyst,Senior,Удалённо (Россия),Удалённо,Стартап (<50),"BPMN, Confluence, Git, Jira",102000,122000,RUB
103371,2024-12-13,Full-stack Developer,Middle,Удалённо (Россия),Гибрид,Малая (50-250),"Docker, Git, JavaScript, Node.js, React, SQL",86000,108000,RUB
104530,2024-12-13,Product Manager,Middle,Москва,Офис,Средняя (250-1000),"Analytics, Confluence, Git, SQL",134000,157000,RUB
103282,2024-12-13,Frontend Developer,Senior,Москва,Офис,Средняя (250-1000),"Git, HTML, JavaScript, React",168000,225000,RUB
104722,2024-12-13,DevOps Engineer,Junior,Новосибирск,Гибрид,Малая (50-250),"AWS, Docker, Git, Kubernetes, Linux",39000,48000,RUB
104507,2024-12-13,Frontend Developer,Junior,Екатеринбург,Офис,Малая (50-250),"CSS, Git, HTML, JavaScript, React",30000,38000,RUB
102548,2024-12-13,Data Analyst,Junior,Екатеринбург,Офис,Малая (50-250),"Excel, Git, Power BI, Python, Tableau",35000,45000,RUB
102051,2024-12-13,ML Engineer,Junior,Москва,Гибрид,Средняя (250-1000),"Kubernetes, PyTorch, Python, TensorFlow",65000,84000,RUB
102880,2024-12-13,ML Engineer,Senior,Москва,Удалённо,Средняя (250-1000),"Docker, Git, Kubernetes, PyTorch, TensorFlow",156000,201000,RUB
100773,2024-12-13,Mobile Developer,Middle,Москва,Гибрид,Малая (50-250),"Git, Kotlin, REST API, SQL",107000,124000,RUB
102265,2024-12-14,Data Engineer,Middle,Екатеринбург,Офис,Стартап (<50),"Airflow, ClickHouse, Docker, Kafka, Spark",61000,78000,RUB
102754,2024-12-14,System Analyst,Middle,Удалённо (Россия),Гибрид,Малая (50-250),"BPMN, Git, Jira, SQL, UML",71000,89000,RUB
100730,2024-12-14,QA Engineer,Lead,Удалённо (Россия),Удалённо,Крупная (1000+),"Git, Manual Testing, Postman, Python, SQL",213000,274000,RUB
105121,2024-12-14,QA Engineer,Middle,Москва,Гибрид,Стартап (<50),"Git, Manual Testing, Postman, Python, SQL, Selenium",59000,76000,RUB
105847,2024-12-14,Product Manager,Senior,Удалённо (Россия),Удалённо,Малая (50-250),"Analytics, Confluence, Git, Jira, SQL",151000,183000,RUB
102796,2024-12-14,Data Analyst,Junior,Москва,Гибрид,Малая (50-250),"Excel, Git, Power BI, Python, Tableau",41000,54000,RUB
100591,2024-12-14,Data Engineer,Junior,Удалённо (Россия),Удалённо,Средняя (250-1000),"Airflow, Git, Kafka",61000,79000,RUB
105953,2024-12-14,Full-stack Developer,Middle,Удалённо (Россия),Удалённо,Средняя (250-1000),"Docker, Git, JavaScript, Node.js, React, SQL",110000,143000,RUB
100554,2024-12-14,Full-stack Developer,Senior,Москва,Гибрид,Малая (50-250),"Docker, Git, JavaScript, React, SQL",193000,227000,RUB
102332,2024-12-15,Product Manager,Middle,Удалённо (Россия),Гибрид,Крупная (1000+),"Agile, Analytics, Confluence, Git, Jira, SQL",112000,142000,RUB
105730,2024-12-15,Mobile Developer,Senior,Новосибирск,Удалённо,Малая (50-250),"Git, Kotlin, REST API, SQL, Swift",103000,127000,RUB
103164,2024-12-15,Backend Developer,Lead,Екатеринбург,Удалённо,Крупная (1000+),"Git, Java, Kubernetes, Python, REST API, SQL",184000,243000,RUB
101396,2024-12-15,QA Engineer,Middle,Краснодар,Гибрид,Крупная (1000+),"Git, Postman, Python, SQL, Selenium",47000,63000,RUB
105627,2024-12-15,Backend Developer,Senior,Екатеринбург,Удалённо,Крупная (1000+),"Git, Java, Kubernetes, PostgreSQL, Python, REST API, SQL",94000,126000,RUB
104733,2024-12-15,QA Engineer,Junior,Удалённо (Россия),Гибрид,Средняя (250-1000),"Git, Manual Testing, Postman, Python, SQL, Selenium",38000,44000,RUB
101560,2024-12-16,Product Manager,Middle,Новосибирск,Гибрид,Крупная (1000+),"Agile, Analytics, Confluence, Git, Jira, SQL",88000,102000,RUB
100080,2024-12-16,QA Engineer,Middle,Москва,Удалённо,Средняя (250-1000),"Git, Manual Testing, Postman, Python",89000,108000,RUB
104357,2024-12-16,Mobile Developer,Middle,Москва,Гибрид,Крупная (1000+),"Git, SQL, Swift",95000,116000,RUB
101266,2024-12-16,Data Engineer,Lead,Удалённо (Россия),Удалённо,Стартап (<50),"ClickHouse, Git, Python, SQL",192000,253000,RUB
105085,2024-12-16,Full-stack Developer,Middle,Санкт-Петербург,Офис,Крупная (1000+),"Docker, Git, JavaScript, React, SQL",113000,138000,RUB
104278,2024-12-16,DevOps Engineer,Middle,Екатеринбург,Гибрид,Крупная (1000+),"AWS, CI/CD, Git, Linux",69000,91000,RUB
102549,2024-12-16,QA Engineer,Middle,Москва,Офис,Средняя (250-1000),"Git, Manual Testing, Postman, Python, Selenium",70000,94000,RUB
104548,2024-12-16,Data Scientist,Lead,Нижний Новгород,Офис,Стартап (<50),"Git, SQL, Scikit-learn, Statistics",127000,162000,RUB
104894,2024-12-17,Data Scientist,Lead,Москва,Удалённо,Стартап (<50),"Docker, Git, PyTorch, Statistics",197000,254000,RUB
103814,2024-12-17,Full-stack Developer,Senior,Удалённо (Россия),Удалённо,Средняя (250-1000),"Docker, Git, JavaScript, Node.js, React, SQL",122000,157000,RUB
101347,2024-12-17,Frontend Developer,Junior,Казань,Офис,Средняя (250-1000),"Git, JavaScript, React",30000,40000,RUB
100385,2024-12-17,DevOps Engineer,Senior,Удалённо (Россия),Гибрид,Малая (50-250),"AWS, CI/CD, Docker, Git, Terraform",178000,235000,RUB
105408,2024-12-17,QA Engineer,Junior,Удалённо (Россия),Удалённо,Крупная (1000+),"Git, Manual Testing, Postman, Python, SQL, Selenium",38000,46000,RUB
105636,2024-12-17,Frontend Developer,Senior,Новосибирск,Офис,Средняя (250-1000),"Git, HTML, JavaScript, React, TypeScript",123000,158000,RUB
101425,2024-12-18,Data Analyst,Senior,Нижний Новгород,Офис,Средняя (250-1000),"Excel, Git, Power BI, Python, SQL, Tableau",92000,119000,RUB
103680,2024-12-18,Data Engineer,Junior,Москва,Гибрид,Малая (50-250),"Airflow, Docker, Git, Kafka, Spark",49000,64000,RUB
100590,2024-12-18,Data Analyst,Middle,Екатеринбург,Гибрид,Средняя (250-1000),"Excel, Git, Power BI, Python, SQL, Tableau",66000,87000,RUB
104500,2024-12-18,Data Engineer,Junior,Москва,Гибрид,Крупная (1000+),"Airflow, Git, SQL, Spark",64000,83000,RUB
104416,2024-12-18,Data Scientist,Senior,Удалённо (Россия),Удалённо,Стартап (<50),"Git, Pandas, PyTorch, SQL, Statistics",175000,207000,RUB
104268,2024-12-18,Frontend Developer,Senior,Москва,Гибрид,Малая (50-250),"Git, HTML, React",111000,137000,RUB
103031,2024-12-18,Data Scientist,Senior,Новосибирск,Удалённо,Крупная (1000+),"Git, Pandas, PyTorch",129000,165000,RUB
100633,2024-12-18,DevOps Engineer,Middle,Санкт-Петербург,Гибрид,Малая (50-250),"AWS, Docker, Git, Linux, Terraform",83000,104000,RUB
104594,2024-12-18,Backend Developer,Middle,Удалённо (Россия),Удалённо,Средняя (250-1000),"Docker, Git, Java, Kubernetes, PostgreSQL, Python, SQL",112000,148000,RUB
100040,2024-12-18,QA Engineer,Middle,Нижний Новгород,Гибрид,Стартап (<50),"Git, Manual Testing, Postman, Python, SQL",48000,64000,RUB
102396,2024-12-18,Backend Developer,Senior,Санкт-Петербург,Удалённо,Средняя (250-1000),"Git, Python, REST API, SQL",147000,183000,RUB
105008,2024-12-18,Data Analyst,Junior,Санкт-Петербург,Гибрид,Стартап (<50),"Excel, Git, Tableau",37000,43000,RUB
101164,2024-12-18,Backend Developer,Lead,Москва,Удалённо,Средняя (250-1000),"Git, Java, Kubernetes, Python, REST API",249000,296000,RUB
102744,2024-12-18,ML Engineer,Senior,Удалённо (Россия),Гибрид,Средняя (250-1000),"Git, Kubernetes, MLflow, PyTorch, Python, TensorFlow",270000,361000,RUB
103091,2024-12-18,Data Analyst,Middle,Удалённо (Россия),Удалённо,Малая (50-250),"Excel, Git, Power BI, Python, SQL, Tableau",100000,131000,RUB
104030,2024-12-18,System Analyst,Senior,Москва,Офис,Малая (50-250),"BPMN, Git, Jira, SQL, UML",135000,174000,RUB
101787,2024-12-19,Data Engineer,Junior,Удалённо (Россия),Офис,Крупная (1000+),"Airflow, ClickHouse, Docker, Git, Kafka, SQL, Spark",58000,70000,RUB
100024,2024-12-19,ML Engineer,Middle,Удалённо (Россия),Офис,Малая (50-250),"Docker, Git, Kubernetes, MLflow, PyTorch, TensorFlow",117000,151000,RUB
101836,2024-12-19,Frontend Developer,Middle,Екатеринбург,Удалённо,Стартап (<50),"CSS, Git, HTML, JavaScript, React, TypeScript",50000,63000,RUB
101722,2024-12-19,Data Scientist,Lead,Новосибирск,Офис,Крупная (1000+),"Git, Pandas, Python",178000,230000,RUB
103302,2024-12-19,Mobile Developer,Middle,Екатеринбург,Офис,Крупная (1000+),"Git, Kotlin, REST API, SQL",79000,91000,RUB
100712,2024-12-19,DevOps Engineer,Junior,Удалённо (Россия),Гибрид,Средняя (250-1000),"AWS, CI/CD, Docker, Git, Kubernetes, Linux",58000,73000,RUB
100726,2024-12-19,Data Analyst,Middle,Москва,Офис,Стартап (<50),"Git, Power BI, Tableau",89000,115000,RUB
104386,2024-12-19,Data Analyst,Middle,Екатеринбург,Офис,Крупная (1000+),"Git, Power BI, SQL",60000,78000,RUB
100007,2024-12-19,DevOps Engineer,Junior,Санкт-Петербург,Офис,Крупная (1000+),"AWS, CI/CD, Docker, Git, Kubernetes, Linux",55000,73000,RUB
102756,2024-12-19,System Analyst,Senior,Новосибирск,Офис,Крупная (1000+),"Git, Jira, SQL",133000,158000,RUB
102933,2024-12-20,QA Engineer,Middle,Москва,Гибрид,Малая (50-250),"Git, Postman, SQL, Selenium",87000,114000,RUB
100380,2024-12-20,Mobile Developer,Middle,Москва,Гибрид,Стартап (<50),"Git, Kotlin, REST API, SQL, Swift",86000,106000,RUB
101752,2024-12-20,QA Engineer,Middle,Удалённо (Россия),Удалённо,Малая (50-250),"Git, Postman, Python, SQL, Selenium",50000,60000,RUB
100684,2024-12-20,Data Engineer,Senior,Екатеринбург,Удалённо,Крупная (1000+),"Airflow, ClickHouse, Docker, Git, Kafka, Python, SQL",121000,153000,RUB
102586,2024-12-20,DevOps Engineer,Junior,Удалённо (Россия),Гибрид,Малая (50-250),"Docker, Git, Kubernetes, Linux, Terraform",42000,51000,RUB
102715,2024-12-20,System Analyst,Junior,Москва,Гибрид,Крупная (1000+),"BPMN, Confluence, Git, Jira, SQL, UML",74000,91000,RUB
102534,2024-12-20,Data Analyst,Junior,Санкт-Петербург,Гибрид,Стартап (<50),"Excel, Git, Power BI, Python, SQL, Tableau",34000,43000,RUB
100865,2024-12-20,Data Analyst,Senior,Москва,Офис,Малая (50-250),"Excel, Git, Power BI, Python, SQL, Tableau",122000,159000,RUB
102970,2024-12-20,System Analyst,Middle,Новосибирск,Офис,Стартап (<50),"BPMN, Confluence, Git, SQL, UML",43000,51000,RUB
100138,2024-12-20,Data Analyst,Junior,Москва,Офис,Малая (50-250),"Excel, Git, Power BI, Python, SQL, Tableau",43000,52000,RUB
105450,2024-12-21,DevOps Engineer,Junior,Казань,Офис,Стартап (<50),"AWS, Docker, Git, Kubernetes, Linux",36000,48000,RUB
101444,2024-12-22,QA Engineer,Junior,Удалённо (Россия),Удалённо,Средняя (250-1000),"Git, Manual Testing, Postman, Python, SQL, Selenium",43000,55000,RUB
101368,2024-12-22,Data Analyst,Middle,Новосибирск,Офис,Малая (50-250),"Excel, Git, Power BI, Python, SQL, Tableau",60000,73000,RUB
104404,2024-12-22,Data Scientist,Junior,Санкт-Петербург,Офис,Малая (50-250),"Docker, Git, Pandas, Scikit-learn, Statistics",46000,54000,RUB
101621,2024-12-22,Mobile Developer,Middle,Удалённо (Россия),Удалённо,Малая (50-250),"Git, Kotlin, REST API, SQL, Swift",94000,126000,RUB
104592,2024-12-22,Mobile Developer,Middle,Москва,Гибрид,Малая (50-250),"Git, Kotlin, REST API, SQL, Swift",83000,99000,RUB
105476,2024-12-22,Data Engineer,Junior,Санкт-Петербург,Гибрид,Средняя (250-1000),"ClickHouse, Docker, Git, SQL, Spark",60000,71000,RUB
105754,2024-12-23,Full-stack Developer,Middle,Москва,Удалённо,Малая (50-250),"Docker, Git, JavaScript, Node.js, React, SQL",86000,105000,RUB
101570,2024-12-23,Data Scientist,Senior,Нижний Новгород,Гибрид,Крупная (1000+),"Docker, Git, Pandas, PyTorch, Python, Scikit-learn",140000,179000,RUB
104562,2024-12-23,Data Analyst,Senior,Удалённо (Россия),Гибрид,Малая (50-250),"Excel, Git, Power BI, Python, SQL, Tableau",127000,172000,RUB
102370,2024-12-23,Mobile Developer,Middle,Краснодар,Гибрид,Крупная (1000+),"Git, REST API, SQL, Swift",52000,65000,RUB
100186,2024-12-23,DevOps Engineer,Middle,Санкт-Петербург,Удалённо,Средняя (250-1000),"AWS, CI/CD, Docker, Git, Kubernetes",100000,120000,RUB
103131,2024-12-23,Data Analyst,Middle,Санкт-Петербург,Удалённо,Стартап (<50),"Excel, Git, Power BI, SQL, Tableau",76000,91000,RUB
100131,2024-12-24,Data Analyst,Lead,Москва,Удалённо,Средняя (250-1000),"Excel, Git, Power BI, SQL, Tableau",206000,251000,RUB
102281,2024-12-24,ML Engineer,Junior,Екатеринбург,Гибрид,Крупная (1000+),"Docker, Git, PyTorch",36000,42000,RUB
101148,2024-12-24,DevOps Engineer,Middle,Удалённо (Россия),Удалённо,Средняя (250-1000),"AWS, CI/CD, Git, Kubernetes",105000,137000,RUB
103636,2024-12-24,System Analyst,Lead,Удалённо (Россия),Офис,Малая (50-250),"BPMN, Git, Jira",183000,220000,RUB
102266,2024-12-25,DevOps Engineer,Senior,Санкт-Петербург,Удалённо,Средняя (250-1000),"AWS, CI/CD, Docker, Git, Kubernetes, Linux",196000,250000,RUB
105218,2024-12-25,System Analyst,Middle,Казань,Офис,Малая (50-250),"BPMN, Confluence, Git, Jira, SQL, UML",55000,69000,RUB
101748,2024-12-25,QA Engineer,Junior,Москва,Удалённо,Средняя (250-1000),"Git, Manual Testing, Postman, Python, SQL, Selenium",48000,57000,RUB
104673,2024-12-25,DevOps Engineer,Senior,Удалённо (Россия),Гибрид,Малая (50-250),"Docker, Git, Kubernetes, Terraform",162000,197000,RUB
105663,2024-12-25,System Analyst,Middle,Краснодар,Офис,Малая (50-250),"BPMN, Confluence, Git, Jira, SQL, UML",49000,64000,RUB
101672,2024-12-25,ML Engineer,Senior,Екатеринбург,Офис,Стартап (<50),"Git, Kubernetes, Python, TensorFlow",126000,163000,RUB
105349,2024-12-25,ML Engineer,Middle,Удалённо (Россия),Удалённо,Стартап (<50),"Docker, Git, Kubernetes, MLflow, PyTorch",88000,109000,RUB
102673,2024-12-26,ML Engineer,Senior,Екатеринбург,Гибрид,Стартап (<50),"Kubernetes, MLflow, PyTorch, Python, TensorFlow",101000,124000,RUB
100187,2024-12-26,Data Engineer,Senior,Санкт-Петербург,Гибрид,Средняя (250-1000),"Airflow, ClickHouse, Git, Kafka, Python, Spark",168000,211000,RUB
102389,2024-12-26,Mobile Developer,Senior,Краснодар,Удалённо,Малая (50-250),"Git, Kotlin, REST API, SQL, Swift",104000,129000,RUB
100371,2024-12-26,Frontend Developer,Lead,Санкт-Петербург,Офис,Крупная (1000+),"CSS, Git, HTML, JavaScript, TypeScript",200000,249000,RUB
100764,2024-12-26,Data Scientist,Lead,Санкт-Петербург,Гибрид,Малая (50-250),"Git, PyTorch, Python, SQL",202000,244000,RUB
101198,2024-12-26,Data Engineer,Junior,Санкт-Петербург,Гибрид,Крупная (1000+),"Airflow, Docker, Git, SQL",55000,74000,RUB
104817,2024-12-26,Data Scientist,Junior,Санкт-Петербург,Удалённо,Средняя (250-1000),"Git, Pandas, PyTorch, SQL, Scikit-learn, Statistics",54000,65000,RUB
101878,2024-12-26,Data Analyst,Junior,Новосибирск,Офис,Малая (50-250),"Excel, Git, Python, SQL",30000,37000,RUB
102615,2024-12-27,ML Engineer,Junior,Москва,Офис,Малая (50-250),"Git, PyTorch, Python, TensorFlow",67000,84000,RUB
105451,2024-12-27,QA Engineer,Junior,Москва,Удалённо,Стартап (<50),"Git, Manual Testing, Postman, Python, SQL, Selenium",39000,49000,RUB
105894,2024-12-27,Data Analyst,Middle,Москва,Удалённо,Стартап (<50),"Excel, Git, Power BI, Python, Tableau",81000,106000,RUB
100491,2024-12-27,Mobile Developer,Junior,Краснодар,Удалённо,Стартап (<50),"Git, Kotlin, REST API, SQL, Swift",30000,37000,RUB
103172,2024-12-27,Frontend Developer,Junior,Удалённо (Россия),Гибрид,Крупная (1000+),"CSS, Git, HTML, JavaScript",44000,54000,RUB
100969,2024-12-27,Backend Developer,Lead,Москва,Офис,Малая (50-250),"Git, Kubernetes, REST API",184000,218000,RUB
101037,2024-12-28,Frontend Developer,Senior,Краснодар,Удалённо,Малая (50-250),"CSS, Git, HTML, JavaScript, React",112000,149000,RUB
101527,2024-12-28,Data Scientist,Senior,Москва,Гибрид,Стартап (<50),"Git, Pandas, PyTorch, Python, SQL, Scikit-learn, Statistics",163000,199000,RUB
102182,2024-12-28,Full-stack Developer,Middle,Нижний Новгород,Офис,Стартап (<50),"Docker, Git, Node.js, React, SQL",57000,67000,RUB
104413,2024-12-28,System Analyst,Senior,Москва,Удалённо,Малая (50-250),"BPMN, Confluence, Git, UML",155000,187000,RUB
104240,2024-12-28,Backend Developer,Lead,Новосибирск,Офис,Малая (50-250),"Git, PostgreSQL, REST API, SQL",136000,174000,RUB
102706,2024-12-29,Backend Developer,Lead,Москва,Гибрид,Средняя (250-1000),"Docker, Java, Kubernetes, PostgreSQL, Python, SQL",265000,333000,RUB
102338,2024-12-29,Data Engineer,Junior,Санкт-Петербург,Гибрид,Средняя (250-1000),"ClickHouse, Git, Kafka, Python, SQL, Spark",51000,68000,RUB
104225,2024-12-29,ML Engineer,Senior,Санкт-Петербург,Удалённо,Стартап (<50),"Git, MLflow, PyTorch, Python, TensorFlow",151000,175000,RUB
100978,2024-12-29,Data Analyst,Senior,Новосибирск,Офис,Малая (50-250),"Git, Power BI, Python, Tableau",93000,116000,RUB
104940,2024-12-30,QA Engineer,Junior,Казань,Удалённо,Средняя (250-1000),"Git, Manual Testing, Selenium",30000,35000,RUB
100573,2024-12-30,Frontend Developer,Senior,Санкт-Петербург,Удалённо,Крупная (1000+),"Git, HTML, TypeScript",130000,165000,RUB
104344,2024-12-30,Data Analyst,Lead,Москва,Удалённо,Крупная (1000+),"Excel, Git, Power BI, Python, SQL, Tableau",168000,221000,RUB
103118,2024-12-30,QA Engineer,Senior,Москва,Офис,Малая (50-250),"Manual Testing, Postman, SQL",110000,145000,RUB
103861,2024-12-30,Backend Developer,Junior,Новосибирск,Гибрид,Средняя (250-1000),"Docker, Git, Java",38000,46000,RUB
105082,2024-12-30,Frontend Developer,Lead,Санкт-Петербург,Удалённо,Крупная (1000+),"CSS, Git, React, TypeScript",174000,234000,RUB
102399,2024-12-30,Data Scientist,Senior,Москва,Гибрид,Малая (50-250),"Docker, Pandas, PyTorch, Python, Statistics",170000,229000,RUB
102735,2024-12-30,Full-stack Developer,Junior,Краснодар,Удалённо,Малая (50-250),"Docker, Git, JavaScript, Node.js, React",31000,35000,RUB
103709,2024-12-31,QA Engineer,Middle,Екатеринбург,Офис,Малая (50-250),"Git, Manual Testing, SQL, Selenium",50000,64000,RUB
103673,2024-12-31,QA Engineer,Middle,Екатеринбург,Офис,Крупная (1000+),"Git, Manual Testing, Postman, Python, SQL, Selenium",58000,73000,RUB
103787,2024-12-31,ML Engineer,Lead,Удалённо (Россия),Удалённо,Стартап (<50),"Git, Kubernetes, MLflow, TensorFlow",194000,239000,RUB
105605,2025-01-01,Frontend Developer,Junior,Москва,Офис,Малая (50-250),"CSS, Git, HTML, JavaScript, React, TypeScript",43000,56000,RUB
100508,2025-01-01,Frontend Developer,Junior,Москва,Удалённо,Средняя (250-1000),"CSS, Git, HTML, React, TypeScript",45000,57000,RUB
100165,2025-01-01,Mobile Developer,Middle,Москва,Офис,Средняя (250-1000),"Git, REST API, SQL, Swift",92000,114000,RUB
104179,2025-01-01,Frontend Developer,Senior,Удалённо (Россия),Гибрид,Малая (50-250),"CSS, Git, HTML, TypeScript",121000,146000,RUB
102021,2025-01-01,Data Scientist,Lead,Москва,Удалённо,Малая (50-250),"Docker, Git, Pandas, Python, Scikit-learn, Statistics",221000,287000,RUB
104869,2025-01-01,Mobile Developer,Lead,Москва,Удалённо,Средняя (250-1000),"Git, Kotlin, REST API, SQL",234000,301000,RUB
101884,2025-01-01,DevOps Engineer,Junior,Удалённо (Россия),Офис,Крупная (1000+),"AWS, CI/CD, Docker, Git, Kubernetes, Linux",59000,79000,RUB
105836,2025-01-01,Data Analyst,Lead,Нижний Новгород,Удалённо,Средняя (250-1000),"Excel, Git, SQL, Tableau",120000,146000,RUB
101643,2025-01-02,Data Engineer,Middle,Санкт-Петербург,Удалённо,Средняя (250-1000),"Airflow, ClickHouse, Git, SQL",100000,131000,RUB
102214,2025-01-02,Frontend Developer,Middle,Москва,Офис,Малая (50-250),"CSS, Git, HTML, JavaScript, TypeScript",82000,106000,RUB
104846,2025-01-02,System Analyst,Senior,Удалённо (Россия),Гибрид,Малая (50-250),"BPMN, Git, SQL, UML",145000,172000,RUB
105227,2025-01-02,QA Engineer,Middle,Москва,Гибрид,Стартап (<50),"Git, Manual Testing, Postman, SQL",83000,102000,RUB
105305,2025-01-02,Backend Developer,Junior,Казань,Удалённо,Крупная (1000+),"Git, Java, Kubernetes, PostgreSQL, REST API",38000,49000,RUB
100866,2025-01-02,Frontend Developer,Junior,Санкт-Петербург,Офис,Стартап (<50),"CSS, Git, HTML, JavaScript",31000,37000,RUB
100825,2025-01-03,DevOps Engineer,Middle,Нижний Новгород,Офис,Стартап (<50),"AWS, CI/CD, Git, Kubernetes, Terraform",69000,85000,RUB
103460,2025-01-03,Data Engineer,Lead,Москва,Удалённо,Малая (50-250),"Airflow, Docker, Git, Kafka, Python",243000,300000,RUB
103837,2025-01-03,DevOps Engineer,Junior,Удалённо (Россия),Офис,Крупная (1000+),"CI/CD, Git, Linux, Terraform",63000,84000,RUB
105967,2025-01-03,Frontend Developer,Middle,Нижний Новгород,Гибрид,Малая (50-250),"Git, HTML, React, TypeScript",47000,60000,RUB
101231,2025-01-03,Full-stack Developer,Lead,Санкт-Петербург,Удалённо,Средняя (250-1000),"Docker, Git, JavaScript, Node.js, React, SQL",238000,290000,RUB
102428,2025-01-03,Full-stack Developer,Junior,Казань,Офис,Крупная (1000+),"Docker, Git, JavaScript, Node.js, React, SQL",39000,48000,RUB
104276,2025-01-03,Product Manager,Middle,Санкт-Петербург,Удалённо,Стартап (<50),"Confluence, Git, Jira, SQL",91000,113000,RUB
103446,2025-01-03,Data Analyst,Junior,Москва,Удалённо,Малая (50-250),"Git, Power BI, SQL, Tableau",47000,63000,RUB
105708,2025-01-04,Backend Developer,Junior,Казань,Удалённо,Малая (50-250),"Git, Kubernetes, REST API, SQL",35000,47000,RUB
101728,2025-01-04,QA Engineer,Senior,Москва,Офис,Стартап (<50),"Git, Manual Testing, Postman, Python, SQL, Selenium",132000,170000,RUB
104241,2025-01-04,ML Engineer,Senior,Москва,Гибрид,Крупная (1000+),"Git, PyTorch, Python, TensorFlow",227000,299000,RUB
101973,2025-01-04,QA Engineer,Lead,Удалённо (Россия),Гибрид,Крупная (1000+),"Git, Postman, SQL, Selenium",158000,188000,RUB
102474,2025-01-04,System Analyst,Senior,Новосибирск,Гибрид,Средняя (250-1000),"BPMN, Confluence, Git, Jira",99000,117000,RUB
104499,2025-01-04,DevOps Engineer,Lead,Удалённо (Россия),Гибрид,Крупная (1000+),"AWS, Git, Kubernetes, Linux",282000,376000,RUB
100960,2025-01-04,Backend Developer,Senior,Москва,Офис,Средняя (250-1000),"Docker, Git, Java, REST API, SQL",175000,212000,RUB
102047,2025-01-04,DevOps Engineer,Senior,Санкт-Петербург,Гибрид,Малая (50-250),"AWS, CI/CD, Git, Kubernetes, Linux",138000,163000,RUB
102592,2025-01-05,DevOps Engineer,Senior,Екатеринбург,Офис,Малая (50-250),"AWS, CI/CD, Git, Linux",95000,113000,RUB
100507,2025-01-05,Data Engineer,Middle,Удалённо (Россия),Гибрид,Средняя (250-1000),"Airflow, ClickHouse, Git, Kafka, SQL, Spark",93000,114000,RUB
102178,2025-01-05,Full-stack Developer,Middle,Екатеринбург,Удалённо,Средняя (250-1000),"Docker, Git, JavaScript, Node.js, React",71000,84000,RUB
104019,2025-01-05,ML Engineer,Junior,Москва,Офис,Крупная (1000+),"Docker, Git, Kubernetes, PyTorch, Python, TensorFlow",93000,118000,RUB
100986,2025-01-05,Full-stack Developer,Middle,Санкт-Петербург,Офис,Крупная (1000+),"Docker, Git, Node.js, React",98000,113000,RUB
105530,2025-01-05,Frontend Developer,Middle,Екатеринбург,Гибрид,Средняя (250-1000),"CSS, Git, React",67000,90000,RUB
102559,2025-01-06,Data Analyst,Middle,Санкт-Петербург,Удалённо,Малая (50-250),"Excel, Power BI, Python, SQL, Tableau",99000,124000,RUB
100917,2025-01-06,Data Scientist,Senior,Санкт-Петербург,Офис,Малая (50-250),"Git, Pandas, Python, SQL, Statistics",205000,264000,RUB
104608,2025-01-06,ML Engineer,Middle,Санкт-Петербург,Офис,Стартап (<50),"Docker, Git, MLflow, PyTorch, Python, TensorFlow",103000,118000,RUB
100694,2025-01-06,Product Manager,Lead,Краснодар,Удалённо,Средняя (250-1000),"Agile, Analytics, Confluence, Git, Jira, SQL",101000,127000,RUB
103471,2025-01-06,Data Scientist,Middle,Казань,Офис,Стартап (<50),"Git, Python, Statistics",60000,70000,RUB
100263,2025-01-06,System Analyst,Senior,Санкт-Петербург,Гибрид,Средняя (250-1000),"Confluence, Git, UML",188000,241000,RUB
105340,2025-01-06,Data Engineer,Middle,Москва,Удалённо,Стартап (<50),"Airflow, ClickHouse, Git, Kafka, SQL, Spark",129000,172000,RUB
104373,2025-01-06,Backend Developer,Senior,Новосибирск,Гибрид,Малая (50-250),"Docker, Git, Java, PostgreSQL, Python, SQL",108000,126000,RUB
100169,2025-01-07,Frontend Developer,Middle,Санкт-Петербург,Удалённо,Малая (50-250),"CSS, Git, HTML, React",80000,99000,RUB
103767,2025-01-07,Frontend Developer,Senior,Удалённо (Россия),Удалённо,Малая (50-250),"CSS, Git, HTML, JavaScript, React",112000,150000,RUB
103548,2025-01-07,Backend Developer,Senior,Краснодар,Гибрид,Стартап (<50),"Java, Kubernetes, PostgreSQL, Python, REST API, SQL",79000,105000,RUB
103678,2025-01-07,QA Engineer,Middle,Новосибирск,Удалённо,Средняя (250-1000),"Git, Postman, Python, SQL, Selenium",59000,70000,RUB
101036,2025-01-07,DevOps Engineer,Middle,Москва,Офис,Средняя (250-1000),"AWS, CI/CD, Docker, Git, Kubernetes, Linux",116000,143000,RUB
100329,2025-01-07,Full-stack Developer,Lead,Казань,Удалённо,Стартап (<50),"Git, JavaScript, Node.js, SQL",145000,171000,RUB
105389,2025-01-07,QA Engineer,Middle,Удалённо (Россия),Удалённо,Малая (50-250),"Git, Postman, Python, Selenium",72000,83000,RUB
105600,2025-01-07,Product Manager,Senior,Москва,Удалённо,Малая (50-250),"Agile, Confluence, Git, Jira",228000,285000,RUB
102582,2025-01-08,Backend Developer,Middle,Москва,Гибрид,Малая (50-250),"Docker, Git, Java, REST API",99000,123000,RUB
101676,2025-01-08,DevOps Engineer,Junior,Москва,Офис,Малая (50-250),"AWS, Docker, Git",71000,87000,RUB
105203,2025-01-08,Backend Developer,Senior,Казань,Гибрид,Стартап (<50),"Git, PostgreSQL, SQL",101000,116000,RUB
103375,2025-01-09,Backend Developer,Middle,Санкт-Петербург,Гибрид,Крупная (1000+),"Docker, Git, Java, REST API, SQL",106000,143000,RUB
101938,2025-01-09,QA Engineer,Senior,Краснодар,Гибрид,Стартап (<50),"Git, Manual Testing, Python, SQL, Selenium",59000,78000,RUB
100658,2025-01-09,Data Scientist,Middle,Москва,Удалённо,Стартап (<50),"Docker, Git, Pandas, PyTorch, Python, SQL, Statistics",128000,166000,RUB
104071,2025-01-09,Data Engineer,Senior,Удалённо (Россия),Офис,Крупная (1000+),"Docker, Git, SQL",129000,173000,RUB
102994,2025-01-09,Data Engineer,Senior,Санкт-Петербург,Гибрид,Крупная (1000+),"ClickHouse, Git, Spark",224000,280000,RUB
103393,2025-01-10,Backend Developer,Middle,Удалённо (Россия),Гибрид,Малая (50-250),"Docker, Git, Java, Kubernetes, Python",91000,111000,RUB
105024,2025-01-10,Data Engineer,Senior,Екатеринбург,Офис,Стартап (<50),"Git, Python, SQL, Spark",111000,132000,RUB
100098,2025-01-10,Data Analyst,Lead,Удалённо (Россия),Гибрид,Средняя (250-1000),"Excel, Git, Power BI, Python, SQL, Tableau",164000,207000,RUB
103443,2025-01-10,DevOps Engineer,Junior,Новосибирск,Гибрид,Стартап (<50),"AWS, CI/CD, Docker, Git, Kubernetes, Linux, Terraform",34000,39000,RUB
105991,2025-01-10,System Analyst,Senior,Санкт-Петербург,Гибрид,Малая (50-250),"BPMN, Git, SQL, UML",123000,149000,RUB
100104,2025-01-10,Product Manager,Senior,Москва,Офис,Крупная (1000+),"Agile, Confluence, Git",228000,269000,RUB
103718,2025-01-11,Backend Developer,Lead,Удалённо (Россия),Удалённо,Средняя (250-1000),"Git, Java, PostgreSQL, Python, SQL",219000,269000,RUB
104674,2025-01-11,Data Scientist,Senior,Санкт-Петербург,Офис,Малая (50-250),"Git, PyTorch, Python, SQL",141000,164000,RUB
102294,2025-01-11,Frontend Developer,Senior,Нижний Новгород,Офис,Стартап (<50),"CSS, Git, HTML, JavaScript, React, TypeScript",68000,84000,RUB
100275,2025-01-11,Backend Developer,Middle,Москва,Офис,Стартап (<50),"Docker, Git, Java, Kubernetes, PostgreSQL, Python, SQL",77000,92000,RUB
103517,2025-01-11,QA Engineer,Senior,Москва,Удалённо,Малая (50-250),"Git, Postman, Selenium",106000,132000,RUB
100517,2025-01-11,DevOps Engineer,Junior,Москва,Гибрид,Стартап (<50),"CI/CD, Docker, Git, Kubernetes, Linux, Terraform",65000,78000,RUB
102299,2025-01-11,Data Engineer,Lead,Москва,Гибрид,Стартап (<50),"Airflow, ClickHouse, Docker, Git, Kafka, Python, Spark",224000,271000,RUB
102268,2025-01-12,ML Engineer,Junior,Казань,Офис,Малая (50-250),"Docker, Git, Kubernetes, PyTorch, Python, TensorFlow",37000,42000,RUB
100669,2025-01-12,Full-stack Developer,Senior,Москва,Удалённо,Малая (50-250),"Git, JavaScript, Node.js, React",129000,160000,RUB
102421,2025-01-12,Data Engineer,Senior,Удалённо (Россия),Удалённо,Малая (50-250),"Airflow, ClickHouse, Git, Kafka, SQL",139000,163000,RUB
104066,2025-01-12,Data Engineer,Middle,Новосибирск,Гибрид,Стартап (<50),"Airflow, Docker, Git, Kafka",69000,92000,RUB
100232,2025-01-12,Backend Developer,Middle,Москва,Гибрид,Крупная (1000+),"Docker, Git, Kubernetes, PostgreSQL, Python, SQL",110000,130000,RUB
101192,2025-01-12,Full-stack Developer,Lead,Москва,Офис,Малая (50-250),"Docker, Git, JavaScript, Node.js, React, SQL",214000,277000,RUB
105074,2025-01-13,Data Engineer,Junior,Казань,Гибрид,Средняя (250-1000),"ClickHouse, Git, Spark",36000,48000,RUB
103355,2025-01-13,Data Scientist,Junior,Москва,Офис,Крупная (1000+),"Git, Python, Scikit-learn",80000,96000,RUB
105145,2025-01-13,QA Engineer,Junior,Санкт-Петербург,Офис,Малая (50-250),"Git, Postman, Python",38000,48000,RUB
100798,2025-01-13,Backend Developer,Middle,Удалённо (Россия),Гибрид,Малая (50-250),"Docker, Git, Kubernetes, REST API",89000,117000,RUB
100700,2025-01-13,QA Engineer,Junior,Удалённо (Россия),Удалённо,Малая (50-250),"Git, Manual Testing, Postman, SQL, Selenium",41000,52000,RUB
104956,2025-01-13,System Analyst,Middle,Санкт-Петербург,Гибрид,Малая (50-250),"BPMN, Git, Jira, SQL, UML",65000,86000,RUB
105788,2025-01-13,QA Engineer,Senior,Москва,Офис,Малая (50-250),"Git, Manual Testing, Python, SQL, Selenium",141000,177000,RUB
103433,2025-01-13,QA Engineer,Senior,Москва,Офис,Стартап (<50),"Git, Manual Testing, Postman, Python, SQL, Selenium",109000,142000,RUB
105893,2025-01-14,Data Analyst,Middle,Санкт-Петербург,Удалённо,Крупная (1000+),"Excel, Power BI, Python, SQL, Tableau",84000,105000,RUB
102725,2025-01-14,Data Analyst,Middle,Санкт-Петербург,Гибрид,Малая (50-250),"Excel, Git, Power BI, Python, SQL, Tableau",61000,70000,RUB
104493,2025-01-14,ML Engineer,Senior,Казань,Гибрид,Малая (50-250),"Docker, Git, Kubernetes, PyTorch, Python",109000,137000,RUB
100449,2025-01-15,DevOps Engineer,Senior,Москва,Офис,Малая (50-250),"CI/CD, Docker, Git, Terraform",197000,244000,RUB
103451,2025-01-15,QA Engineer,Senior,Москва,Офис,Стартап (<50),"Git, Manual Testing, SQL, Selenium",101000,130000,RUB
101714,2025-01-15,Data Analyst,Junior,Краснодар,Удалённо,Стартап (<50),"Excel, Git, Python, Tableau",30000,38000,RUB
102263,2025-01-15,QA Engineer,Junior,Казань,Офис,Малая (50-250),"Git, Manual Testing, Postman, Python, SQL, Selenium",30000,38000,RUB
101733,2025-01-15,QA Engineer,Middle,Краснодар,Удалённо,Крупная (1000+),"Git, Python, Selenium",38000,46000,RUB
105674,2025-01-15,Full-stack Developer,Senior,Казань,Офис,Средняя (250-1000),"Docker, Git, JavaScript, Node.js",103000,124000,RUB
105062,2025-01-16,Data Engineer,Senior,Санкт-Петербург,Офис,Крупная (1000+),"Airflow, ClickHouse, Docker, Git, Kafka",168000,199000,RUB
105873,2025-01-16,Mobile Developer,Senior,Нижний Новгород,Удалённо,Малая (50-250),"Git, Kotlin, REST API, SQL, Swift",81000,108000,RUB
105257,2025-01-16,Backend Developer,Middle,Екатеринбург,Удалённо,Малая (50-250),"Docker, Git, Java, Kubernetes, Python, SQL",65000,83000,RUB
105926,2025-01-17,Backend Developer,Lead,Москва,Офис,Малая (50-250),"Docker, Git, Java, Kubernetes, Python, REST API",211000,260000,RUB
105410,2025-01-17,Frontend Developer,Senior,Новосибирск,Офис,Стартап (<50),"CSS, Git, TypeScript",92000,115000,RUB
103580,2025-01-17,Frontend Developer,Junior,Санкт-Петербург,Офис,Крупная (1000+),"CSS, Git, HTML, JavaScript, React, TypeScript",50000,67000,RUB
104570,2025-01-17,ML Engineer,Junior,Санкт-Петербург,Удалённо,Стартап (<50),"Docker, Git, MLflow, TensorFlow",60000,73000,RUB
102778,2025-01-17,Data Engineer,Junior,Москва,Удалённо,Крупная (1000+),"Airflow, Docker, Git, SQL, Spark",70000,94000,RUB
101885,2025-01-17,Product Manager,Middle,Удалённо (Россия),Гибрид,Малая (50-250),"Agile, Analytics, Confluence, Git, Jira, SQL",79000,93000,RUB
101843,2025-01-17,Frontend Developer,Senior,Удалённо (Россия),Удалённо,Крупная (1000+),"Git, HTML, JavaScript, TypeScript",179000,235000,RUB
100756,2025-01-17,QA Engineer,Junior,Новосибирск,Офис,Крупная (1000+),"Git, Manual Testing, Postman, Python, SQL, Selenium",30000,40000,RUB
104201,2025-01-18,Frontend Developer,Lead,Москва,Офис,Малая (50-250),"Git, JavaScript, React, TypeScript",182000,232000,RUB
101653,2025-01-18,Backend Developer,Middle,Москва,Гибрид,Малая (50-250),"Docker, Git, Java, Kubernetes, Python, SQL",105000,134000,RUB
100892,2025-01-18,Data Scientist,Senior,Санкт-Петербург,Офис,Средняя (250-1000),"Docker, Git, Pandas, PyTorch, Python, Scikit-learn",161000,204000,RUB
105249,2025-01-18,Backend Developer,Senior,Москва,Гибрид,Крупная (1000+),"Docker, Git, Java, Kubernetes, REST API, SQL",182000,230000,RUB
101567,2025-01-18,Mobile Developer,Junior,Краснодар,Гибрид,Средняя (250-1000),"Git, Kotlin, Swift",30000,39000,RUB
105371,2025-01-18,Data Analyst,Middle,Нижний Новгород,Гибрид,Средняя (250-1000),"Power BI, SQL, Tableau",38000,46000,RUB
104419,2025-01-19,Data Engineer,Middle,Москва,Удалённо,Малая (50-250),"Airflow, Git, SQL, Spark",127000,149000,RUB
104388,2025-01-19,QA Engineer,Middle,Санкт-Петербург,Удалённо,Стартап (<50),"Git, Postman, SQL, Selenium",53000,64000,RUB
104327,2025-01-19,Data Analyst,Lead,Санкт-Петербург,Гибрид,Стартап (<50),"Excel, Git, Power BI, Python, SQL",148000,174000,RUB
105797,2025-01-19,ML Engineer,Junior,Санкт-Петербург,Гибрид,Малая (50-250),"Docker, Git, Kubernetes, PyTorch, Python, TensorFlow",72000,92000,RUB
100217,2025-01-19,Backend Developer,Junior,Новосибирск,Офис,Крупная (1000+),"Git, Java, Kubernetes, Python",33000,39000,RUB
103541,2025-01-19,Mobile Developer,Middle,Санкт-Петербург,Удалённо,Крупная (1000+),"Git, Kotlin, REST API, Swift",84000,97000,RUB
105888,2025-01-19,Frontend Developer,Senior,Удалённо (Россия),Гибрид,Стартап (<50),"CSS, Git, HTML, JavaScript, React, TypeScript",111000,129000,RUB
102887,2025-01-20,DevOps Engineer,Senior,Москва,Гибрид,Стартап (<50),"AWS, CI/CD, Docker, Git, Kubernetes, Linux",172000,221000,RUB
102536,2025-01-20,Data Scientist,Middle,Краснодар,Гибрид,Крупная (1000+),"Docker, Git, PyTorch, SQL, Scikit-learn, Statistics",65000,76000,RUB
103571,2025-01-20,ML Engineer,Junior,Санкт-Петербург,Гибрид,Малая (50-250),"Docker, Git, MLflow, PyTorch, Python, TensorFlow",48000,55000,RUB
104316,2025-01-20,QA Engineer,Lead,Москва,Гибрид,Стартап (<50),"Git, Manual Testing, Postman, Selenium",166000,197000,RUB
103918,2025-01-20,ML Engineer,Middle,Казань,Гибрид,Средняя (250-1000),"Docker, Git, Kubernetes, MLflow, Python, TensorFlow",69000,86000,RUB
102827,2025-01-21,Data Analyst,Junior,Санкт-Петербург,Удалённо,Малая (50-250),"Excel, Git, Power BI, Python, Tableau",36000,43000,RUB
104064,2025-01-21,Data Scientist,Junior,Москва,Гибрид,Средняя (250-1000),"Docker, Git, PyTorch, SQL, Scikit-learn, Statistics",72000,89000,RUB
101041,2025-01-21,Mobile Developer,Middle,Нижний Новгород,Офис,Стартап (<50),"Git, REST API, SQL, Swift",50000,63000,RUB
102314,2025-01-21,Data Engineer,Senior,Екатеринбург,Офис,Средняя (250-1000),"Airflow, Kafka, Python, Spark",116000,134000,RUB
102660,2025-01-21,Data Analyst,Middle,Москва,Удалённо,Крупная (1000+),"Excel, Git, Power BI, Python, SQL, Tableau",86000,115000,RUB
101139,2025-01-21,Backend Developer,Middle,Краснодар,Удалённо,Стартап (<50),"Docker, Git, Kubernetes, Python, REST API, SQL",62000,80000,RUB
101325,2025-01-21,Data Scientist,Junior,Казань,Удалённо,Крупная (1000+),"Docker, Git, Pandas, Python, Scikit-learn",47000,59000,RUB
104489,2025-01-22,Data Analyst,Middle,Москва,Удалённо,Крупная (1000+),"Excel, Git, Python, SQL, Tableau",91000,107000,RUB
105182,2025-01-22,Product Manager,Junior,Новосибирск,Удалённо,Малая (50-250),"Agile, Analytics, Git, Jira, SQL",48000,63000,RUB
105126,2025-01-22,Data Scientist,Junior,Москва,Офис,Малая (50-250),"Docker, PyTorch, Python, Scikit-learn, Statistics",67000,80000,RUB
101783,2025-01-22,Data Analyst,Middle,Москва,Удалённо,Средняя (250-1000),"Excel, Git, Python, SQL",73000,98000,RUB
105527,2025-01-22,Data Engineer,Middle,Москва,Офис,Стартап (<50),"ClickHouse, Git, Kafka",98000,128000,RUB
102834,2025-01-22,DevOps Engineer,Middle,Удалённо (Россия),Гибрид,Стартап (<50),"AWS, Git, Kubernetes, Linux",74000,99000,RUB
100626,2025-01-22,ML Engineer,Junior,Санкт-Петербург,Гибрид,Малая (50-250),"Docker, Git, Kubernetes, MLflow, PyTorch, Python",49000,63000,RUB
105183,2025-01-22,Frontend Developer,Junior,Санкт-Петербург,Офис,Малая (50-250),"CSS, Git, JavaScript, React, TypeScript",43000,56000,RUB
103475,2025-01-22,System Analyst,Junior,Москва,Гибрид,Средняя (250-1000),"Confluence, Git, Jira, SQL, UML",59000,68000,RUB
105394,2025-01-23,QA Engineer,Middle,Удалённо (Россия),Офис,Стартап (<50),"Git, Postman, SQL",59000,69000,RUB
102648,2025-01-23,Backend Developer,Senior,Москва,Гибрид,Крупная (1000+),"Git, Kubernetes, REST API",208000,271000,RUB
105167,2025-01-23,Full-stack Developer,Senior,Удалённо (Россия),Офис,Средняя (250-1000),"Git, Node.js, SQL",135000,176000,RUB
101605,2025-01-23,Data Scientist,Middle,Санкт-Петербург,Удалённо,Средняя (250-1000),"Docker, Pandas, PyTorch, Python, SQL",112000,130000,RUB
105815,2025-01-23,Data Engineer,Senior,Санкт-Петербург,Офис,Малая (50-250),"ClickHouse, Git, Python, Spark",165000,192000,RUB
100642,2025-01-23,Data Scientist,Senior,Москва,Офис,Средняя (250-1000),"Docker, Git, PyTorch, SQL, Scikit-learn, Statistics",183000,245000,RUB
101523,2025-01-24,Backend Developer,Senior,Москва,Удалённо,Средняя (250-1000),"Docker, Git, Java, Kubernetes, Python, SQL",199000,265000,RUB
101008,2025-01-24,System Analyst,Junior,Екатеринбург,Офис,Малая (50-250),"Git, SQL, UML",30000,36000,RUB
103803,2025-01-24,Frontend Developer,Lead,Удалённо (Россия),Офис,Крупная (1000+),"CSS, Git, HTML, JavaScript, TypeScript",187000,223000,RUB
100498,2025-01-24,System Analyst,Middle,Удалённо (Россия),Офис,Малая (50-250),"BPMN, Confluence, Git, SQL",82000,96000,RUB
100879,2025-01-24,DevOps Engineer,Middle,Москва,Офис,Малая (50-250),"AWS, CI/CD, Git, Kubernetes, Linux, Terraform",128000,151000,RUB
100896,2025-01-24,Data Analyst,Junior,Москва,Гибрид,Средняя (250-1000),"Git, Power BI, Python, Tableau",46000,59000,RUB
105029,2025-01-24,Data Analyst,Senior,Нижний Новгород,Удалённо,Крупная (1000+),"Excel, Git, Power BI, Python, Tableau",124000,164000,RUB
104289,2025-01-24,ML Engineer,Lead,Москва,Офис,Малая (50-250),"Git, Kubernetes, MLflow, PyTorch, Python, TensorFlow",224000,302000,RUB
101323,2025-01-24,Backend Developer,Senior,Казань,Офис,Стартап (<50),"Docker, Git, Java, Kubernetes, PostgreSQL, Python",74000,90000,RUB
105033,2025-01-24,QA Engineer,Junior,Москва,Офис,Средняя (250-1000),"Manual Testing, Postman, SQL, Selenium",33000,39000,RUB
100411,2025-01-24,Mobile Developer,Lead,Краснодар,Офис,Крупная (1000+),"Git, REST API, SQL, Swift",155000,207000,RUB
100036,2025-01-25,Backend Developer,Middle,Москва,Гибрид,Средняя (250-1000),"Git, Java, PostgreSQL, Python, REST API, SQL",104000,125000,RUB
100660,2025-01-25,Backend Developer,Middle,Новосибирск,Удалённо,Средняя (250-1000),"Git, Kubernetes, REST API",85000,109000,RUB
105813,2025-01-25,Data Scientist,Junior,Казань,Гибрид,Крупная (1000+),"Git, Pandas, Scikit-learn",60000,73000,RUB
104566,2025-01-25,Data Analyst,Middle,Москва,Офис,Крупная (1000+),"Excel, Git, Python, SQL, Tableau",85000,105000,RUB
103495,2025-01-25,Frontend Developer,Junior,Краснодар,Офис,Средняя (250-1000),"Git, HTML, JavaScript, TypeScript",30000,38000,RUB
102140,2025-01-26,QA Engineer,Middle,Москва,Офис,Малая (50-250),"Git, Postman, Python, SQL, Selenium",90000,115000,RUB
102034,2025-01-26,Data Analyst,Senior,Казань,Гибрид,Малая (50-250),"Excel, Git, Power BI, Python, SQL",86000,112000,RUB
102897,2025-01-26,Data Analyst,Middle,Новосибирск,Удалённо,Малая (50-250),"Excel, Git, Python, SQL",65000,78000,RUB
105808,2025-01-26,DevOps Engineer,Middle,Москва,Офис,Крупная (1000+),"CI/CD, Git, Kubernetes, Linux",142000,190000,RUB
101303,2025-01-27,QA Engineer,Middle,Казань,Офис,Средняя (250-1000),"Git, Manual Testing, Python, SQL, Selenium",44000,54000,RUB
102077,2025-01-27,Data Analyst,Middle,Екатеринбург,Офис,Крупная (1000+),"Excel, Git, Power BI, SQL, Tableau",61000,74000,RUB
102504,2025-01-27,Data Engineer,Middle,Москва,Офис,Стартап (<50),"ClickHouse, Docker, Git, Kafka, Python",117000,145000,RUB
101782,2025-01-27,System Analyst,Senior,Москва,Гибрид,Крупная (1000+),"BPMN, Confluence, Git, Jira, SQL, UML",178000,211000,RUB
102252,2025-01-27,Data Engineer,Middle,Москва,Удалённо,Крупная (1000+),"Airflow, ClickHouse, Git, Kafka, SQL, Spark",137000,165000,RUB
101544,2025-01-27,ML Engineer,Junior,Удалённо (Россия),Гибрид,Средняя (250-1000),"Docker, Git, PyTorch, TensorFlow",63000,81000,RUB
103818,2025-01-28,QA Engineer,Middle,Краснодар,Гибрид,Средняя (250-1000),"Git, Python, SQL, Selenium",45000,57000,RUB
103998,2025-01-28,Data Analyst,Middle,Удалённо (Россия),Удалённо,Стартап (<50),"Excel, Git, Power BI, Python, SQL, Tableau",94000,113000,RUB
101180,2025-01-28,Full-stack Developer,Middle,Санкт-Петербург,Удалённо,Малая (50-250),"Git, JavaScript, Node.js, React, SQL",92000,111000,RUB
104740,2025-01-28,Full-stack Developer,Lead,Москва,Гибрид,Малая (50-250),"Docker, Git, React, SQL",202000,246000,RUB
100961,2025-01-28,Data Engineer,Lead,Москва,Офис,Стартап (<50),"Airflow, ClickHouse, Docker, Git, Python, SQL",185000,249000,RUB
105658,2025-01-28,Data Scientist,Middle,Санкт-Петербург,Гибрид,Стартап (<50),"Docker, PyTorch, SQL",96000,116000,RUB
103962,2025-01-29,QA Engineer,Senior,Удалённо (Россия),Офис,Средняя (250-1000),"Git, Manual Testing, Postman, Python, SQL, Selenium",102000,127000,RUB
104187,2025-01-29,QA Engineer,Middle,Казань,Гибрид,Крупная (1000+),"Git, Manual Testing, Postman, Python, Selenium",36000,47000,RUB
101366,2025-01-29,System Analyst,Middle,Санкт-Петербург,Гибрид,Стартап (<50),"BPMN, Git, Jira, UML",84000,110000,RUB
105621,2025-01-29,Backend Developer,Middle,Казань,Офис,Средняя (250-1000),"Docker, Git, Java, Python, REST API, SQL",57000,67000,RUB
100581,2025-01-29,Backend Developer,Junior,Удалённо (Россия),Гибрид,Стартап (<50),"Docker, Git, Kubernetes, REST API",45000,56000,RUB
103958,2025-01-29,Frontend Developer,Lead,Санкт-Петербург,Гибрид,Стартап (<50),"CSS, Git, JavaScript, TypeScript",154000,182000,RUB
104700,2025-01-30,Mobile Developer,Middle,Удалённо (Россия),Гибрид,Средняя (250-1000),"Git, REST API, SQL, Swift",91000,104000,RUB
101181,2025-01-30,Frontend Developer,Junior,Санкт-Петербург,Гибрид,Малая (50-250),"Git, JavaScript, React",45000,53000,RUB
105735,2025-01-30,Backend Developer,Middle,Новосибирск,Удалённо,Средняя (250-1000),"Docker, Git, Kubernetes, PostgreSQL, SQL",68000,80000,RUB
103248,2025-01-30,ML Engineer,Middle,Новосибирск,Офис,Крупная (1000+),"Docker, Git, MLflow, PyTorch, TensorFlow",106000,143000,RUB
103997,2025-01-30,Mobile Developer,Senior,Удалённо (Россия),Офис,Средняя (250-1000),"Git, REST API, SQL, Swift",170000,196000,RUB
103859,2025-01-30,Backend Developer,Junior,Москва,Офис,Крупная (1000+),"Docker, Git, Java, Python, REST API",60000,76000,RUB
102028,2025-01-31,DevOps Engineer,Junior,Краснодар,Удалённо,Крупная (1000+),"Docker, Git, Kubernetes, Linux",56000,66000,RUB
100216,2025-01-31,Frontend Developer,Junior,Москва,Офис,Стартап (<50),"Git, JavaScript, React, TypeScript",40000,51000,RUB
103948,2025-01-31,Data Scientist,Middle,Москва,Гибрид,Крупная (1000+),"Git, SQL, Statistics",140000,162000,RUB
102594,2025-01-31,Backend Developer,Lead,Москва,Гибрид,Малая (50-250),"Docker, Git, PostgreSQL, Python, REST API, SQL",281000,374000,RUB
101317,2025-01-31,Backend Developer,Lead,Москва,Офис,Малая (50-250),"Git, Kubernetes, PostgreSQL, REST API",165000,198000,RUB
104604,2025-01-31,System Analyst,Senior,Краснодар,Гибрид,Малая (50-250),"BPMN, Git, Jira, SQL, UML",95000,118000,RUB
101387,2025-02-01,ML Engineer,Junior,Москва,Офис,Средняя (250-1000),"Docker, Git, Kubernetes, PyTorch, TensorFlow",86000,103000,RUB
102159,2025-02-01,Frontend Developer,Junior,Удалённо (Россия),Гибрид,Стартап (<50),"CSS, Git, React, TypeScript",44000,53000,RUB
101896,2025-02-01,Backend Developer,Junior,Москва,Гибрид,Малая (50-250),"Git, Java, Kubernetes, PostgreSQL, Python, SQL",62000,82000,RUB
102199,2025-02-01,Product Manager,Junior,Нижний Новгород,Офис,Малая (50-250),"Confluence, Jira, SQL",39000,51000,RUB
101668,2025-02-01,Full-stack Developer,Senior,Удалённо (Россия),Офис,Малая (50-250),"Git, JavaScript, React",158000,195000,RUB
102777,2025-02-01,ML Engineer,Middle,Москва,Гибрид,Крупная (1000+),"Docker, MLflow, PyTorch",144000,190000,RUB
103959,2025-02-01,ML Engineer,Middle,Удалённо (Россия),Гибрид,Средняя (250-1000),"Docker, Git, MLflow, PyTorch, Python, TensorFlow",84000,96000,RUB
100423,2025-02-01,ML Engineer,Middle,Санкт-Петербург,Гибрид,Малая (50-250),"Docker, Git, PyTorch",95000,121000,RUB
105858,2025-02-01,Mobile Developer,Middle,Екатеринбург,Удалённо,Крупная (1000+),"Git, REST API, Swift",97000,128000,RUB
104359,2025-02-02,ML Engineer,Middle,Москва,Гибрид,Крупная (1000+),"Git, Kubernetes, MLflow, PyTorch",128000,168000,RUB
103914,2025-02-02,QA Engineer,Senior,Удалённо (Россия),Гибрид,Крупная (1000+),"Git, Manual Testing, Postman, Python, Selenium",121000,142000,RUB
101329,2025-02-02,DevOps Engineer,Senior,Санкт-Петербург,Удалённо,Стартап (<50),"AWS, CI/CD, Docker, Git, Kubernetes, Terraform",204000,252000,RUB
102861,2025-02-02,QA Engineer,Senior,Москва,Гибрид,Средняя (250-1000),"Git, Postman, Python, Selenium",122000,158000,RUB
102123,2025-02-03,Data Analyst,Middle,Удалённо (Россия),Офис,Стартап (<50),"Excel, Git, Tableau",59000,73000,RUB
100123,2025-02-03,ML Engineer,Senior,Москва,Удалённо,Стартап (<50),"Git, MLflow, PyTorch, Python",218000,286000,RUB
103503,2025-02-03,Frontend Developer,Junior,Удалённо (Россия),Офис,Малая (50-250),"CSS, Git, JavaScript, React",49000,61000,RUB
102177,2025-02-03,ML Engineer,Middle,Удалённо (Россия),Удалённо,Малая (50-250),"Docker, Git, Python",96000,111000,RUB
103608,2025-02-03,Data Scientist,Junior,Нижний Новгород,Офис,Крупная (1000+),"Git, Pandas, Python, SQL, Scikit-learn, Statistics",39000,46000,RUB
104738,2025-02-04,Mobile Developer,Middle,Екатеринбург,Удалённо,Малая (50-250),"Git, Kotlin, SQL",70000,91000,RUB
104525,2025-02-04,QA Engineer,Senior,Новосибирск,Удалённо,Крупная (1000+),"Git, Python, SQL, Selenium",76000,101000,RUB
102942,2025-02-04,Data Engineer,Lead,Екатеринбург,Офис,Малая (50-250),"ClickHouse, Git, SQL",124000,150000,RUB
103049,2025-02-04,Data Engineer,Middle,Новосибирск,Удалённо,Средняя (250-1000),"Git, Python, Spark",78000,103000,RUB
104491,2025-02-04,Data Engineer,Middle,Казань,Удалённо,Малая (50-250),"ClickHouse, Docker, Git, Kafka, Python, SQL",67000,86000,RUB
104637,2025-02-04,System Analyst,Middle,Краснодар,Гибрид,Малая (50-250),"Confluence, Git, SQL, UML",54000,65000,RUB
103162,2025-02-04,QA Engineer,Middle,Москва,Офис,Стартап (<50),"Git, Manual Testing, Postman, Python, Selenium",81000,100000,RUB
101562,2025-02-05,System Analyst,Senior,Москва,Удалённо,Малая (50-250),"BPMN, Confluence, Git, Jira",176000,237000,RUB
105948,2025-02-05,Data Scientist,Middle,Нижний Новгород,Офис,Малая (50-250),"Docker, Git, Pandas, PyTorch, Statistics",62000,75000,RUB
104400,2025-02-05,QA Engineer,Middle,Удалённо (Россия),Удалённо,Малая (50-250),"Git, Manual Testing, Postman, Python, SQL, Selenium",67000,89000,RUB
105256,2025-02-05,ML Engineer,Middle,Москва,Гибрид,Средняя (250-1000),"Docker, Git, Kubernetes, PyTorch, Python, TensorFlow",147000,191000,RUB
101536,2025-02-05,Full-stack Developer,Middle,Санкт-Петербург,Удалённо,Стартап (<50),"Docker, Git, JavaScript, Node.js, React, SQL",86000,113000,RUB
101048,2025-02-05,Backend Developer,Middle,Удалённо (Россия),Гибрид,Стартап (<50),"Docker, Kubernetes, REST API, SQL",78000,104000,RUB
103801,2025-02-05,Full-stack Developer,Lead,Удалённо (Россия),Офис,Малая (50-250),"Docker, Git, JavaScript, Node.js, React, SQL",200000,255000,RUB
100039,2025-02-05,Backend Developer,Junior,Краснодар,Удалённо,Крупная (1000+),"Docker, Java, Kubernetes, Python",50000,61000,RUB
101740,2025-02-05,Frontend Developer,Lead,Москва,Удалённо,Крупная (1000+),"CSS, Git, JavaScript, React",239000,293000,RUB
104860,2025-02-06,DevOps Engineer,Junior,Казань,Гибрид,Стартап (<50),"AWS, Docker, Git, Kubernetes, Linux, Terraform",34000,42000,RUB
104823,2025-02-06,DevOps Engineer,Lead,Удалённо (Россия),Удалённо,Стартап (<50),"CI/CD, Docker, Git, Linux",228000,265000,RUB
105985,2025-02-06,Backend Developer,Middle,Удалённо (Россия),Офис,Крупная (1000+),"Docker, Git, Kubernetes, PostgreSQL, SQL",127000,149000,RUB
102877,2025-02-06,DevOps Engineer,Middle,Краснодар,Удалённо,Крупная (1000+),"AWS, Docker, Git, Kubernetes, Terraform",83000,98000,RUB
103219,2025-02-06,Backend Developer,Senior,Москва,Удалённо,Стартап (<50),"Java, Kubernetes, REST API",132000,156000,RUB
104099,2025-02-06,DevOps Engineer,Junior,Удалённо (Россия),Удалённо,Малая (50-250),"Docker, Git, Kubernetes, Linux, Terraform",59000,75000,RUB
103794,2025-02-07,DevOps Engineer,Junior,Удалённо (Россия),Гибрид,Средняя (250-1000),"CI/CD, Docker, Git, Kubernetes",65000,81000,RUB
104369,2025-02-07,ML Engineer,Senior,Москва,Гибрид,Малая (50-250),"Git, Kubernetes, MLflow, PyTorch, Python, TensorFlow",156000,197000,RUB
105508,2025-02-07,Backend Developer,Senior,Удалённо (Россия),Удалённо,Стартап (<50),"Docker, Git, PostgreSQL, Python",167000,208000,RUB
105497,2025-02-07,Mobile Developer,Middle,Москва,Гибрид,Средняя (250-1000),"Git, Kotlin, REST API, SQL, Swift",99000,127000,RUB
101692,2025-02-07,Frontend Developer,Middle,Москва,Офис,Стартап (<50),"CSS, Git, HTML, JavaScript, React, TypeScript",86000,113000,RUB
102176,2025-02-08,Data Scientist,Junior,Удалённо (Россия),Удалённо,Малая (50-250),"Docker, Git, Pandas, Python, SQL",59000,73000,RUB
100028,2025-02-08,ML Engineer,Junior,Краснодар,Гибрид,Малая (50-250),"Git, Kubernetes, MLflow, Python",38000,48000,RUB
100356,2025-02-08,Data Analyst,Middle,Санкт-Петербург,Гибрид,Стартап (<50),"Excel, Git, Power BI, Python, SQL",63000,81000,RUB
103853,2025-02-08,System Analyst,Senior,Нижний Новгород,Удалённо,Стартап (<50),"BPMN, Confluence, Git, Jira, SQL, UML",95000,121000,RUB
105161,2025-02-08,Mobile Developer,Junior,Удалённо (Россия),Офис,Крупная (1000+),"Git, REST API, SQL, Swift",48000,57000,RUB
102617,2025-02-08,Product Manager,Junior,Санкт-Петербург,Гибрид,Стартап (<50),"Confluence, Jira, SQL",48000,58000,RUB
100864,2025-02-08,Backend Developer,Junior,Москва,Офис,Стартап (<50),"Docker, Git, Java, Kubernetes, PostgreSQL, SQL",49000,57000,RUB
103435,2025-02-08,Full-stack Developer,Senior,Екатеринбург,Гибрид,Крупная (1000+),"Git, JavaScript, Node.js, SQL",118000,152000,RUB
102920,2025-02-08,Data Scientist,Middle,Москва,Удалённо,Стартап (<50),"Docker, Git, Python, SQL",122000,163000,RUB
101006,2025-02-08,Data Analyst,Middle,Москва,Офис,Малая (50-250),"Excel, Power BI, SQL, Tableau",67000,78000,RUB
100784,2025-02-09,Data Scientist,Middle,Нижний Новгород,Офис,Крупная (1000+),"Docker, PyTorch, Python, SQL, Scikit-learn, Statistics",82000,104000,RUB
102228,2025-02-09,Data Scientist,Junior,Санкт-Петербург,Удалённо,Стартап (<50),"Git, PyTorch, Python, SQL",48000,63000,RUB
101630,2025-02-09,Data Engineer,Senior,Москва,Гибрид,Малая (50-250),"Airflow, Git, Python",187000,245000,RUB
103216,2025-02-09,Frontend Developer,Middle,Санкт-Петербург,Офис,Малая (50-250),"Git, HTML, JavaScript",59000,71000,RUB
102714,2025-02-09,Data Analyst,Junior,Нижний Новгород,Офис,Стартап (<50),"Excel, Git, Power BI, Python, SQL, Tableau",31000,41000,RUB
100742,2025-02-09,Full-stack Developer,Middle,Санкт-Петербург,Офис,Крупная (1000+),"Docker, Git, Node.js, React, SQL",108000,124000,RUB
103535,2025-02-10,Data Engineer,Junior,Санкт-Петербург,Гибрид,Малая (50-250),"Airflow, Docker, Git, Kafka, Python, Spark",51000,68000,RUB
103370,2025-02-10,Frontend Developer,Senior,Москва,Гибрид,Стартап (<50),"CSS, Git, HTML, JavaScript, React, TypeScript",141000,184000,RUB
104021,2025-02-10,Data Scientist,Middle,Санкт-Петербург,Удалённо,Средняя (250-1000),"Git, PyTorch, SQL, Statistics",100000,125000,RUB
102292,2025-02-10,QA Engineer,Junior,Удалённо (Россия),Удалённо,Стартап (<50),"Git, Manual Testing, Postman, SQL",33000,41000,RUB
100799,2025-02-10,Frontend Developer,Middle,Новосибирск,Гибрид,Средняя (250-1000),"Git, HTML, JavaScript, TypeScript",56000,71000,RUB
103889,2025-02-10,Data Scientist,Junior,Новосибирск,Гибрид,Средняя (250-1000),"Docker, Git, Python, Scikit-learn",45000,59000,RUB
103333,2025-02-10,Backend Developer,Junior,Удалённо (Россия),Гибрид,Крупная (1000+),"Docker, Git, Java, Kubernetes",58000,72000,RUB
102419,2025-02-10,Data Analyst,Junior,Санкт-Петербург,Удалённо,Средняя (250-1000),"Power BI, Python, SQL, Tableau",53000,69000,RUB
103075,2025-02-10,Data Engineer,Middle,Удалённо (Россия),Удалённо,Средняя (250-1000),"Airflow, Docker, Git, Kafka, Python, Spark",126000,146000,RUB
100248,2025-02-10,Full-stack Developer,Middle,Новосибирск,Удалённо,Средняя (250-1000),"Docker, Git, JavaScript, Node.js, React, SQL",73000,85000,RUB
101636,2025-02-11,Data Analyst,Senior,Москва,Удалённо,Стартап (<50),"Excel, Git, Power BI, Python, Tableau",149000,177000,RUB
105117,2025-02-11,Backend Developer,Junior,Новосибирск,Гибрид,Крупная (1000+),"Git, Java, Kubernetes, REST API, SQL",36000,46000,RUB
100450,2025-02-11,Data Scientist,Middle,Санкт-Петербург,Гибрид,Стартап (<50),"Docker, Git, PyTorch, Python, SQL, Statistics",128000,154000,RUB
100632,2025-02-11,DevOps Engineer,Senior,Екатеринбург,Удалённо,Малая (50-250),"Docker, Git, Kubernetes, Linux, Terraform",131000,176000,RUB
105695,2025-02-12,Data Scientist,Middle,Удалённо (Россия),Гибрид,Крупная (1000+),"Git, Python, Scikit-learn",111000,131000,RUB
100846,2025-02-12,QA Engineer,Senior,Москва,Офис,Стартап (<50),"Git, Manual Testing, Python, SQL",126000,153000,RUB
104773,2025-02-12,Mobile Developer,Senior,Нижний Новгород,Удалённо,Малая (50-250),"Git, Kotlin, Swift",101000,128000,RUB
101969,2025-02-12,QA Engineer,Senior,Удалённо (Россия),Офис,Малая (50-250),"Git, Manual Testing, Postman, Python, SQL, Selenium",86000,112000,RUB
101127,2025-02-13,Frontend Developer,Middle,Санкт-Петербург,Офис,Крупная (1000+),"CSS, Git, TypeScript",82000,98000,RUB
103851,2025-02-13,System Analyst,Senior,Москва,Удалённо,Малая (50-250),"BPMN, Confluence, Git, Jira, SQL, UML",137000,180000,RUB
105197,2025-02-13,System Analyst,Middle,Санкт-Петербург,Удалённо,Стартап (<50),"BPMN, Git, Jira, SQL",64000,80000,RUB
102143,2025-02-13,Data Analyst,Middle,Москва,Гибрид,Стартап (<50),"Git, Power BI, Python, SQL, Tableau",75000,88000,RUB
100290,2025-02-13,DevOps Engineer,Senior,Москва,Гибрид,Средняя (250-1000),"CI/CD, Docker, Git, Linux",243000,295000,RUB
101520,2025-02-13,Mobile Developer,Junior,Санкт-Петербург,Гибрид,Средняя (250-1000),"Git, Kotlin, REST API, SQL, Swift",49000,65000,RUB
102240,2025-02-13,Full-stack Developer,Junior,Удалённо (Россия),Офис,Стартап (<50),"Docker, Git, JavaScript",35000,44000,RUB
103438,2025-02-13,QA Engineer,Middle,Новосибирск,Офис,Стартап (<50),"Git, Manual Testing, Python, Selenium",43000,52000,RUB
100085,2025-02-13,DevOps Engineer,Lead,Удалённо (Россия),Гибрид,Стартап (<50),"AWS, CI/CD, Docker, Git, Kubernetes, Linux",223000,291000,RUB
100778,2025-02-13,DevOps Engineer,Senior,Новосибирск,Гибрид,Малая (50-250),"AWS, CI/CD, Docker, Git, Kubernetes",112000,144000,RUB
105296,2025-02-14,Data Engineer,Middle,Москва,Офис,Крупная (1000+),"Airflow, ClickHouse, Git, Kafka, SQL, Spark",138000,183000,RUB
101561,2025-02-14,Frontend Developer,Lead,Краснодар,Офис,Малая (50-250),"CSS, Git, HTML, JavaScript, React, TypeScript",90000,112000,RUB
102822,2025-02-14,Backend Developer,Middle,Казань,Гибрид,Стартап (<50),"Git, Java, Kubernetes, PostgreSQL, Python",69000,86000,RUB
100644,2025-02-14,Mobile Developer,Senior,Нижний Новгород,Офис,Средняя (250-1000),"Git, Kotlin, SQL",120000,161000,RUB
104750,2025-02-14,DevOps Engineer,Lead,Удалённо (Россия),Офис,Малая (50-250),"CI/CD, Git, Terraform",195000,258000,RUB
105838,2025-02-14,Frontend Developer,Middle,Удалённо (Россия),Офис,Средняя (250-1000),"CSS, Git, HTML, JavaScript, React, TypeScript",100000,127000,RUB
102295,2025-02-14,Full-stack Developer,Junior,Москва,Офис,Малая (50-250),"Docker, Git, JavaScript, Node.js, React, SQL",53000,64000,RUB
100298,2025-02-14,Data Scientist,Lead,Екатеринбург,Удалённо,Стартап (<50),"Docker, Git, Pandas",130000,158000,RUB
101595,2025-02-14,Frontend Developer,Junior,Удалённо (Россия),Удалённо,Стартап (<50),"CSS, Git, HTML, JavaScript, React",36000,47000,RUB
105473,2025-02-14,System Analyst,Lead,Москва,Гибрид,Средняя (250-1000),"Confluence, Git, Jira",159000,211000,RUB
104661,2025-02-15,DevOps Engineer,Middle,Москва,Офис,Стартап (<50),"AWS, CI/CD, Docker, Git, Linux, Terraform",100000,130000,RUB
100541,2025-02-15,Data Analyst,Middle,Москва,Гибрид,Средняя (250-1000),"Excel, Git, Power BI, Python, SQL, Tableau",88000,110000,RUB
103430,2025-02-15,Data Scientist,Junior,Новосибирск,Удалённо,Крупная (1000+),"Git, Pandas, Python, Scikit-learn, Statistics",49000,66000,RUB
102186,2025-02-15,Data Analyst,Senior,Санкт-Петербург,Гибрид,Малая (50-250),"Excel, Git, Python, SQL, Tableau",150000,186000,RUB
103659,2025-02-15,Data Analyst,Junior,Нижний Новгород,Гибрид,Крупная (1000+),"Excel, Git, Power BI, Python, SQL, Tableau",37000,45000,RUB
105384,2025-02-15,Mobile Developer,Junior,Удалённо (Россия),Офис,Малая (50-250),"Git, REST API, SQL",48000,56000,RUB
103038,2025-02-15,Data Scientist,Senior,Москва,Удалённо,Крупная (1000+),"Git, Pandas, Python, Statistics",220000,266000,RUB
104735,2025-02-15,Data Scientist,Senior,Санкт-Петербург,Офис,Стартап (<50),"Git, Python, Scikit-learn, Statistics",148000,170000,RUB
101639,2025-02-16,Frontend Developer,Middle,Удалённо (Россия),Удалённо,Средняя (250-1000),"CSS, Git, HTML, React",98000,130000,RUB
103913,2025-02-16,Mobile Developer,Senior,Нижний Новгород,Удалённо,Малая (50-250),"Git, Kotlin, REST API, SQL, Swift",81000,96000,RUB
103695,2025-02-16,Data Scientist,Middle,Москва,Гибрид,Средняя (250-1000),"Docker, PyTorch, Python, SQL, Scikit-learn, Statistics",110000,141000,RUB
103684,2025-02-16,Full-stack Developer,Middle,Москва,Гибрид,Крупная (1000+),"Docker, Git, JavaScript, Node.js, SQL",157000,205000,RUB
100587,2025-02-16,Data Engineer,Senior,Удалённо (Россия),Гибрид,Стартап (<50),"Airflow, Docker, Git, Kafka, Python, SQL",165000,212000,RUB
100884,2025-02-16,DevOps Engineer,Junior,Екатеринбург,Офис,Малая (50-250),"AWS, CI/CD, Git, Linux, Terraform",46000,58000,RUB
105478,2025-02-16,DevOps Engineer,Junior,Москва,Гибрид,Средняя (250-1000),"AWS, CI/CD, Docker, Git, Kubernetes, Terraform",63000,84000,RUB
105575,2025-02-16,Mobile Developer,Junior,Удалённо (Россия),Гибрид,Крупная (1000+),"Git, Kotlin, REST API, SQL, Swift",68000,91000,RUB
103966,2025-02-16,Full-stack Developer,Senior,Нижний Новгород,Офис,Крупная (1000+),"Docker, Git, JavaScript, Node.js, React, SQL",100000,134000,RUB
102588,2025-02-17,Backend Developer,Middle,Москва,Офис,Крупная (1000+),"Docker, Git, PostgreSQL, SQL",107000,144000,RUB
100063,2025-02-17,Frontend Developer,Junior,Новосибирск,Удалённо,Малая (50-250),"CSS, Git, HTML, JavaScript, TypeScript",30000,36000,RUB
101005,2025-02-17,System Analyst,Middle,Москва,Офис,Малая (50-250),"BPMN, Confluence, Git, Jira, SQL, UML",94000,125000,RUB
101282,2025-02-17,Product Manager,Junior,Удалённо (Россия),Офис,Стартап (<50),"Agile, Confluence, Git, Jira, SQL",45000,58000,RUB
105655,2025-02-17,Data Scientist,Junior,Санкт-Петербург,Офис,Средняя (250-1000),"Docker, Git, Pandas, PyTorch, Python, Scikit-learn",62000,73000,RUB
100366,2025-02-18,QA Engineer,Senior,Москва,Офис,Средняя (250-1000),"Postman, Python, Selenium",139000,160000,RUB
103442,2025-02-18,ML Engineer,Senior,Москва,Гибрид,Стартап (<50),"Git, Kubernetes, MLflow, PyTorch, Python, TensorFlow",184000,227000,RUB
102782,2025-02-18,Product Manager,Junior,Казань,Офис,Средняя (250-1000),"Agile, Analytics, Confluence, Git, Jira, SQL",36000,43000,RUB
101961,2025-02-18,System Analyst,Junior,Казань,Удалённо,Стартап (<50),"BPMN, Confluence, Git, Jira, UML",35000,43000,RUB
100354,2025-02-19,QA Engineer,Junior,Санкт-Петербург,Удалённо,Крупная (1000+),"Git, Manual Testing, SQL, Selenium",45000,56000,RUB
103623,2025-02-19,Backend Developer,Senior,Новосибирск,Офис,Малая (50-250),"Git, Java, Kubernetes, Python, SQL",112000,140000,RUB
102537,2025-02-19,Data Scientist,Middle,Санкт-Петербург,Удалённо,Малая (50-250),"Git, Python, Statistics",105000,140000,RUB
101403,2025-02-19,Data Analyst,Junior,Москва,Гибрид,Крупная (1000+),"Git, Python, SQL, Tableau",50000,64000,RUB
103217,2025-02-19,Data Engineer,Senior,Екатеринбург,Удалённо,Малая (50-250),"Airflow, ClickHouse, Docker, Git, SQL",118000,147000,RUB
104815,2025-02-20,Data Engineer,Middle,Москва,Офис,Малая (50-250),"Airflow, ClickHouse, Git, Kafka, Python, SQL",90000,118000,RUB
103192,2025-02-20,Data Analyst,Junior,Нижний Новгород,Гибрид,Средняя (250-1000),"Excel, Git, Power BI, Python, SQL, Tableau",31000,41000,RUB
100043,2025-02-20,Mobile Developer,Senior,Новосибирск,Удалённо,Малая (50-250),"Git, Kotlin, REST API, SQL, Swift",99000,122000,RUB
104131,2025-02-20,System Analyst,Junior,Москва,Удалённо,Крупная (1000+),"BPMN, Confluence, Git, SQL",61000,82000,RUB
102760,2025-02-20,Backend Developer,Junior,Санкт-Петербург,Офис,Малая (50-250),"Docker, Git, Kubernetes, Python, SQL",52000,66000,RUB
101909,2025-02-20,Data Scientist,Senior,Удалённо (Россия),Гибрид,Стартап (<50),"Git, Pandas, PyTorch, Scikit-learn, Statistics",161000,202000,RUB
103641,2025-02-20,Data Analyst,Senior,Удалённо (Россия),Гибрид,Стартап (<50),"Excel, Git, Power BI, Python, SQL, Tableau",136000,167000,RUB
105390,2025-02-21,System Analyst,Lead,Санкт-Петербург,Офис,Средняя (250-1000),"BPMN, Confluence, Git, Jira, SQL, UML",178000,223000,RUB
100839,2025-02-21,DevOps Engineer,Junior,Удалённо (Россия),Удалённо,Малая (50-250),"AWS, CI/CD, Docker, Git, Kubernetes, Linux",61000,72000,RUB
105171,2025-02-21,Backend Developer,Junior,Санкт-Петербург,Гибрид,Средняя (250-1000),"Docker, Git, Kubernetes, PostgreSQL, Python, SQL",45000,53000,RUB
103253,2025-02-21,Frontend Developer,Senior,Москва,Офис,Малая (50-250),"CSS, Git, React",148000,184000,RUB
105252,2025-02-21,Full-stack Developer,Middle,Нижний Новгород,Удалённо,Крупная (1000+),"Docker, Git, React",79000,104000,RUB
105855,2025-02-21,QA Engineer,Middle,Удалённо (Россия),Гибрид,Средняя (250-1000),"Git, Manual Testing, Postman, Python, SQL",64000,80000,RUB
101332,2025-02-21,Data Engineer,Junior,Удалённо (Россия),Удалённо,Средняя (250-1000),"Docker, Git, Python, SQL",67000,87000,RUB
102636,2025-02-22,QA Engineer,Middle,Санкт-Петербург,Гибрид,Стартап (<50),"Git, Manual Testing, Postman, Python, SQL, Selenium",66000,79000,RUB
100214,2025-02-22,DevOps Engineer,Junior,Москва,Удалённо,Малая (50-250),"AWS, Git, Kubernetes, Linux, Terraform",61000,76000,RUB
100023,2025-02-22,Frontend Developer,Middle,Санкт-Петербург,Офис,Стартап (<50),"CSS, Git, HTML, JavaScript, React",71000,86000,RUB
100689,2025-02-22,DevOps Engineer,Middle,Удалённо (Россия),Удалённо,Крупная (1000+),"AWS, CI/CD, Docker, Git, Linux, Terraform",115000,149000,RUB
101002,2025-02-22,ML Engineer,Middle,Москва,Удалённо,Малая (50-250),"Docker, Git, Kubernetes, PyTorch, Python, TensorFlow",110000,141000,RUB
105860,2025-02-23,System Analyst,Middle,Санкт-Петербург,Удалённо,Малая (50-250),"BPMN, Confluence, Git, Jira, SQL, UML",81000,93000,RUB
100382,2025-02-23,DevOps Engineer,Junior,Москва,Офис,Малая (50-250),"AWS, Git, Kubernetes",71000,89000,RUB
102477,2025-02-23,Data Analyst,Middle,Санкт-Петербург,Удалённо,Средняя (250-1000),"Excel, Git, Power BI, Python",70000,83000,RUB
100816,2025-02-23,Backend Developer,Junior,Москва,Удалённо,Малая (50-250),"Git, Java, Kubernetes, Python, SQL",54000,66000,RUB
103883,2025-02-23,Backend Developer,Middle,Удалённо (Россия),Гибрид,Малая (50-250),"Docker, Git, Python, REST API, SQL",94000,112000,RUB
102568,2025-02-23,Data Scientist,Junior,Санкт-Петербург,Гибрид,Крупная (1000+),"Git, Pandas, SQL, Scikit-learn",62000,79000,RUB
100638,2025-02-23,ML Engineer,Junior,Москва,Удалённо,Стартап (<50),"Git, Kubernetes, MLflow, PyTorch, Python",63000,80000,RUB
105079,2025-02-24,Full-stack Developer,Middle,Удалённо (Россия),Гибрид,Крупная (1000+),"Docker, Git, JavaScript, Node.js, React, SQL",102000,121000,RUB
102543,2025-02-24,DevOps Engineer,Lead,Краснодар,Гибрид,Крупная (1000+),"Docker, Git, Kubernetes, Terraform",120000,141000,RUB
101004,2025-02-24,QA Engineer,Lead,Удалённо (Россия),Удалённо,Средняя (250-1000),"Git, Postman, Python, SQL, Selenium",172000,198000,RUB
100721,2025-02-24,Full-stack Developer,Junior,Екатеринбург,Гибрид,Средняя (250-1000),"Docker, Git, JavaScript, React, SQL",32000,39000,RUB
104632,2025-02-25,Backend Developer,Senior,Удалённо (Россия),Офис,Малая (50-250),"Docker, Git, Java, Python, SQL",163000,207000,RUB
100146,2025-02-25,Frontend Developer,Junior,Санкт-Петербург,Удалённо,Крупная (1000+),"CSS, Git, TypeScript",40000,52000,RUB
103252,2025-02-25,Data Scientist,Junior,Санкт-Петербург,Удалённо,Стартап (<50),"Docker, Git, Python, Scikit-learn, Statistics",57000,66000,RUB
105225,2025-02-25,Frontend Developer,Junior,Москва,Удалённо,Малая (50-250),"CSS, Git, HTML, JavaScript, React, TypeScript",50000,61000,RUB
103857,2025-02-25,Data Analyst,Middle,Казань,Офис,Средняя (250-1000),"Excel, Git, Power BI, Python, SQL, Tableau",41000,48000,RUB
103418,2025-02-25,Frontend Developer,Lead,Санкт-Петербург,Офис,Стартап (<50),"CSS, Git, JavaScript",140000,169000,RUB
105637,2025-02-25,Frontend Developer,Middle,Удалённо (Россия),Гибрид,Малая (50-250),"CSS, Git, TypeScript",72000,89000,RUB
105969,2025-02-25,Full-stack Developer,Senior,Новосибирск,Удалённо,Стартап (<50),"Docker, Git, Node.js, SQL",100000,128000,RUB
105166,2025-02-25,ML Engineer,Middle,Санкт-Петербург,Гибрид,Стартап (<50),"Docker, Git, Kubernetes, MLflow, PyTorch, Python, TensorFlow",109000,142000,RUB
100345,2025-02-26,Full-stack Developer,Senior,Москва,Офис,Малая (50-250),"Docker, Git, JavaScript, Node.js, React, SQL",174000,230000,RUB
104789,2025-02-26,Backend Developer,Junior,Москва,Удалённо,Стартап (<50),"Git, Java, Python, REST API",59000,72000,RUB
102168,2025-02-26,Data Scientist,Middle,Удалённо (Россия),Удалённо,Стартап (<50),"Docker, Git, PyTorch, SQL, Scikit-learn",80000,101000,RUB
101379,2025-02-26,Product Manager,Middle,Москва,Офис,Малая (50-250),"Agile, Confluence, Git",105000,128000,RUB
100578,2025-02-26,Data Analyst,Senior,Краснодар,Удалённо,Стартап (<50),"Excel, Git, Power BI, SQL, Tableau",55000,68000,RUB
103341,2025-02-26,Backend Developer,Senior,Нижний Новгород,Гибрид,Стартап (<50),"Git, Kubernetes, PostgreSQL, Python, SQL",107000,127000,RUB
104786,2025-02-27,Full-stack Developer,Middle,Москва,Удалённо,Крупная (1000+),"Docker, Git, Node.js, React, SQL",116000,148000,RUB
102072,2025-02-27,Backend Developer,Senior,Удалённо (Россия),Офис,Стартап (<50),"Git, Java, PostgreSQL, REST API",144000,189000,RUB
100274,2025-02-27,Full-stack Developer,Junior,Москва,Удалённо,Стартап (<50),"Git, Node.js, React, SQL",64000,77000,RUB
105263,2025-02-27,DevOps Engineer,Lead,Удалённо (Россия),Удалённо,Крупная (1000+),"Docker, Git, Kubernetes, Linux, Terraform",215000,287000,RUB
105430,2025-02-27,Backend Developer,Middle,Екатеринбург,Офис,Крупная (1000+),"Docker, Git, Java, PostgreSQL",77000,102000,RUB
102171,2025-02-27,Backend Developer,Junior,Москва,Гибрид,Малая (50-250),"Docker, Git, Python, REST API",63000,74000,RUB
105558,2025-02-27,Mobile Developer,Middle,Москва,Офис,Средняя (250-1000),"Git, Kotlin, REST API, SQL, Swift",123000,157000,RUB
101454,2025-02-27,Data Scientist,Junior,Краснодар,Офис,Стартап (<50),"Docker, Git, Pandas, PyTorch, Python, SQL, Scikit-learn",30000,40000,RUB
102733,2025-02-28,Full-stack Developer,Junior,Краснодар,Гибрид,Малая (50-250),"Docker, Git, JavaScript, Node.js, React, SQL",30000,39000,RUB
105208,2025-02-28,Mobile Developer,Middle,Екатеринбург,Офис,Стартап (<50),"Git, Kotlin, SQL, Swift",40000,47000,RUB
104664,2025-02-28,ML Engineer,Middle,Удалённо (Россия),Гибрид,Малая (50-250),"Docker, Git, MLflow, Python",112000,133000,RUB
105960,2025-02-28,Full-stack Developer,Senior,Москва,Удалённо,Средняя (250-1000),"Docker, Git, JavaScript, Node.js, React, SQL",184000,219000,RUB
103417,2025-03-01,Full-stack Developer,Junior,Санкт-Петербург,Гибрид,Стартап (<50),"Docker, Git, JavaScript, Node.js, React, SQL",39000,46000,RUB
103035,2025-03-01,Data Analyst,Middle,Москва,Удалённо,Стартап (<50),"Git, Power BI, Python, Tableau",81000,94000,RUB
105088,2025-03-01,Backend Developer,Middle,Санкт-Петербург,Удалённо,Стартап (<50),"Git, Java, REST API, SQL",70000,90000,RUB
103368,2025-03-01,Data Scientist,Middle,Москва,Удалённо,Средняя (250-1000),"Docker, Git, PyTorch, Scikit-learn, Statistics",126000,155000,RUB
102792,2025-03-02,QA Engineer,Junior,Москва,Удалённо,Малая (50-250),"Postman, Python, Selenium",48000,57000,RUB
102058,2025-03-02,Data Scientist,Senior,Санкт-Петербург,Гибрид,Средняя (250-1000),"Docker, Git, Pandas, Python, Scikit-learn, Statistics",183000,231000,RUB
102056,2025-03-02,Data Analyst,Junior,Новосибирск,Удалённо,Стартап (<50),"Excel, Git, Tableau",30000,37000,RUB
104209,2025-03-02,System Analyst,Middle,Краснодар,Гибрид,Средняя (250-1000),"BPMN, Confluence, SQL, UML",50000,63000,RUB
102539,2025-03-02,System Analyst,Middle,Нижний Новгород,Удалённо,Стартап (<50),"BPMN, Git, Jira, SQL, UML",57000,75000,RUB
100152,2025-03-02,Data Scientist,Middle,Екатеринбург,Гибрид,Стартап (<50),"Docker, Git, Pandas, Python, SQL",69000,87000,RUB
104667,2025-03-03,Product Manager,Junior,Москва,Офис,Стартап (<50),"Agile, Analytics, Confluence, Git, Jira, SQL",61000,72000,RUB
102074,2025-03-03,DevOps Engineer,Senior,Удалённо (Россия),Удалённо,Малая (50-250),"AWS, CI/CD, Docker, Git",190000,224000,RUB
104249,2025-03-03,ML Engineer,Middle,Удалённо (Россия),Удалённо,Средняя (250-1000),"Docker, Git, Kubernetes, MLflow, PyTorch",124000,165000,RUB
102355,2025-03-04,Data Analyst,Junior,Санкт-Петербург,Офис,Стартап (<50),"Excel, Git, Power BI, Python, Tableau",44000,55000,RUB
100585,2025-03-05,DevOps Engineer,Middle,Новосибирск,Офис,Крупная (1000+),"AWS, CI/CD, Docker, Git, Kubernetes, Terraform",87000,110000,RUB
101693,2025-03-05,Data Engineer,Junior,Нижний Новгород,Гибрид,Стартап (<50),"Airflow, Docker, Git, SQL",32000,43000,RUB
100934,2025-03-05,Full-stack Developer,Senior,Москва,Офис,Стартап (<50),"JavaScript, Node.js, React",150000,196000,RUB
100853,2025-03-05,QA Engineer,Senior,Удалённо (Россия),Гибрид,Малая (50-250),"Git, Manual Testing, Postman, Python, SQL, Selenium",103000,123000,RUB
104779,2025-03-05,Data Scientist,Junior,Краснодар,Офис,Малая (50-250),"Docker, Git, Pandas, Python, Scikit-learn",30000,39000,RUB
101320,2025-03-05,System Analyst,Senior,Краснодар,Удалённо,Стартап (<50),"BPMN, Git, Jira, SQL, UML",97000,114000,RUB
104462,2025-03-05,Backend Developer,Middle,Удалённо (Россия),Гибрид,Малая (50-250),"Git, Java, PostgreSQL, REST API, SQL",87000,117000,RUB
102022,2025-03-06,Full-stack Developer,Junior,Москва,Удалённо,Стартап (<50),"Git, JavaScript, Node.js, React",56000,73000,RUB
104881,2025-03-06,Backend Developer,Middle,Нижний Новгород,Гибрид,Средняя (250-1000),"Docker, Git, Kubernetes, REST API, SQL",73000,89000,RUB
101678,2025-03-06,System Analyst,Junior,Москва,Офис,Крупная (1000+),"BPMN, Git, Jira, UML",48000,64000,RUB
102952,2025-03-06,Mobile Developer,Middle,Казань,Гибрид,Крупная (1000+),"Git, REST API, SQL, Swift",55000,66000,RUB
100727,2025-03-06,System Analyst,Junior,Нижний Новгород,Гибрид,Крупная (1000+),"BPMN, Confluence, Git, Jira, UML",32000,42000,RUB
101382,2025-03-06,Backend Developer,Junior,Екатеринбург,Офис,Средняя (250-1000),"PostgreSQL, Python, REST API",35000,43000,RUB
100195,2025-03-06,Frontend Developer,Senior,Краснодар,Гибрид,Стартап (<50),"CSS, Git, HTML, JavaScript, React, TypeScript",83000,103000,RUB
100476,2025-03-07,Full-stack Developer,Senior,Москва,Офис,Средняя (250-1000),"Docker, Git, JavaScript, Node.js, React, SQL",178000,223000,RUB
100431,2025-03-07,Data Scientist,Middle,Краснодар,Гибрид,Крупная (1000+),"Docker, Git, Pandas, Python, Scikit-learn, Statistics",79000,104000,RUB
103741,2025-03-07,Frontend Developer,Senior,Москва,Офис,Малая (50-250),"CSS, Git, HTML, React, TypeScript",148000,177000,RUB
101584,2025-03-07,Data Engineer,Middle,Нижний Новгород,Гибрид,Средняя (250-1000),"ClickHouse, Git, Kafka, Python, Spark",68000,79000,RUB
102202,2025-03-07,Backend Developer,Senior,Москва,Удалённо,Крупная (1000+),"Docker, Git, SQL",239000,298000,RUB
103553,2025-03-07,System Analyst,Senior,Удалённо (Россия),Офис,Стартап (<50),"BPMN, Confluence, Git, SQL",125000,146000,RUB
104811,2025-03-08,Mobile Developer,Senior,Удалённо (Россия),Офис,Крупная (1000+),"Git, Kotlin, REST API, SQL",193000,239000,RUB
100924,2025-03-08,ML Engineer,Junior,Нижний Новгород,Удалённо,Средняя (250-1000),"Docker, Git, Kubernetes, PyTorch, Python",43000,54000,RUB
103128,2025-03-09,Full-stack Developer,Senior,Удалённо (Россия),Офис,Крупная (1000+),"Git, JavaScript, Node.js",216000,274000,RUB
100835,2025-03-09,Backend Developer,Middle,Удалённо (Россия),Офис,Средняя (250-1000),"Git, Java, Python, SQL",89000,107000,RUB
103621,2025-03-09,DevOps Engineer,Senior,Удалённо (Россия),Офис,Средняя (250-1000),"AWS, CI/CD, Git, Kubernetes, Terraform",185000,231000,RUB
104569,2025-03-09,Backend Developer,Senior,Москва,Гибрид,Малая (50-250),"Docker, Git, Java, Kubernetes, PostgreSQL, SQL",175000,216000,RUB
105327,2025-03-09,DevOps Engineer,Junior,Москва,Удалённо,Стартап (<50),"CI/CD, Git, Terraform",71000,94000,RUB
102831,2025-03-09,Product Manager,Senior,Москва,Гибрид,Крупная (1000+),"Agile, Analytics, Git, Jira, SQL",220000,268000,RUB
100306,2025-03-09,Frontend Developer,Lead,Удалённо (Россия),Удалённо,Стартап (<50),"CSS, Git, HTML, JavaScript, TypeScript",179000,229000,RUB
105377,2025-03-09,Data Analyst,Senior,Санкт-Петербург,Офис,Стартап (<50),"Excel, Git, Power BI, Python, SQL, Tableau",134000,159000,RUB
101147,2025-03-09,Backend Developer,Senior,Екатеринбург,Удалённо,Стартап (<50),"Git, Kubernetes, PostgreSQL, SQL",94000,121000,RUB
101461,2025-03-09,ML Engineer,Middle,Удалённо (Россия),Гибрид,Крупная (1000+),"Docker, Git, Kubernetes, PyTorch, Python, TensorFlow",130000,172000,RUB
100939,2025-03-09,Product Manager,Middle,Нижний Новгород,Офис,Стартап (<50),"Agile, Analytics, Confluence, Git, Jira, SQL",67000,86000,RUB
101412,2025-03-10,ML Engineer,Junior,Новосибирск,Офис,Стартап (<50),"Git, Kubernetes, TensorFlow",35000,46000,RUB
103186,2025-03-10,Frontend Developer,Senior,Москва,Удалённо,Средняя (250-1000),"CSS, Git, HTML, JavaScript",201000,268000,RUB
101222,2025-03-10,Data Scientist,Middle,Москва,Удалённо,Крупная (1000+),"Git, PyTorch, Python, SQL",167000,211000,RUB
100008,2025-03-10,Frontend Developer,Middle,Москва,Гибрид,Стартап (<50),"CSS, Git, HTML, JavaScript, TypeScript",105000,123000,RUB
101706,2025-03-10,Data Scientist,Junior,Москва,Офис,Стартап (<50),"Git, Pandas, Python, SQL, Scikit-learn",55000,69000,RUB
102857,2025-03-10,Data Scientist,Junior,Удалённо (Россия),Гибрид,Крупная (1000+),"Git, Pandas, Python, SQL, Statistics",64000,75000,RUB
103878,2025-03-10,Full-stack Developer,Junior,Москва,Офис,Крупная (1000+),"Docker, Git, JavaScript, Node.js, React, SQL",62000,73000,RUB
104680,2025-03-11,Mobile Developer,Lead,Удалённо (Россия),Офис,Стартап (<50),"Git, Kotlin, REST API, SQL, Swift",165000,190000,RUB
101376,2025-03-11,Backend Developer,Senior,Удалённо (Россия),Гибрид,Средняя (250-1000),"Docker, Git, PostgreSQL, REST API, SQL",128000,151000,RUB
104813,2025-03-11,QA Engineer,Senior,Новосибирск,Офис,Крупная (1000+),"Git, Manual Testing, Postman, Python, Selenium",78000,99000,RUB
105587,2025-03-11,ML Engineer,Middle,Москва,Гибрид,Стартап (<50),"Docker, Git, Kubernetes, MLflow, PyTorch",89000,103000,RUB
100314,2025-03-11,Frontend Developer,Junior,Казань,Офис,Малая (50-250),"Git, HTML, React, TypeScript",30000,39000,RUB
105570,2025-03-11,Mobile Developer,Middle,Москва,Гибрид,Малая (50-250),"Git, Kotlin, REST API, SQL, Swift",89000,109000,RUB
104619,2025-03-11,System Analyst,Senior,Москва,Гибрид,Средняя (250-1000),"BPMN, Git, UML",124000,145000,RUB
101739,2025-03-11,Frontend Developer,Senior,Екатеринбург,Удалённо,Стартап (<50),"Git, HTML, JavaScript, React, TypeScript",105000,128000,RUB
100907,2025-03-12,Product Manager,Senior,Москва,Офис,Малая (50-250),"Agile, Confluence, Git, Jira",184000,223000,RUB
103222,2025-03-12,ML Engineer,Middle,Казань,Удалённо,Стартап (<50),"Git, Kubernetes, PyTorch, Python, TensorFlow",74000,86000,RUB
102451,2025-03-12,Data Engineer,Middle,Санкт-Петербург,Удалённо,Стартап (<50),"Docker, Git, Kafka, Python, SQL, Spark",86000,110000,RUB
104421,2025-03-12,QA Engineer,Junior,Нижний Новгород,Удалённо,Малая (50-250),"Git, Manual Testing, Postman, Python, SQL",30000,39000,RUB
103152,2025-03-12,Frontend Developer,Senior,Москва,Гибрид,Средняя (250-1000),"CSS, Git, HTML, JavaScript, React, TypeScript",163000,195000,RUB
103540,2025-03-13,Data Engineer,Senior,Москва,Удалённо,Малая (50-250),"Airflow, Docker, Git, Python",185000,233000,RUB
105525,2025-03-13,Data Engineer,Junior,Санкт-Петербург,Гибрид,Стартап (<50),"ClickHouse, Docker, Git, SQL, Spark",47000,62000,RUB
101357,2025-03-13,DevOps Engineer,Senior,Удалённо (Россия),Офис,Крупная (1000+),"AWS, CI/CD, Git, Linux, Terraform",206000,272000,RUB
100084,2025-03-13,Data Engineer,Junior,Удалённо (Россия),Удалённо,Средняя (250-1000),"ClickHouse, Git, Kafka",57000,73000,RUB
102678,2025-03-14,DevOps Engineer,Lead,Москва,Удалённо,Малая (50-250),"CI/CD, Git, Linux, Terraform",200000,253000,RUB
102431,2025-03-14,Product Manager,Junior,Москва,Удалённо,Средняя (250-1000),"Analytics, Git, Jira",56000,71000,RUB
101287,2025-03-14,QA Engineer,Junior,Удалённо (Россия),Удалённо,Малая (50-250),"Git, Manual Testing, Postman, Python, SQL, Selenium",46000,61000,RUB
101762,2025-03-14,Full-stack Developer,Middle,Санкт-Петербург,Гибрид,Малая (50-250),"Git, Node.js, SQL",69000,91000,RUB
104571,2025-03-14,System Analyst,Junior,Санкт-Петербург,Офис,Малая (50-250),"Confluence, Git, UML",40000,52000,RUB
103972,2025-03-14,ML Engineer,Middle,Новосибирск,Офис,Средняя (250-1000),"Git, Kubernetes, MLflow, PyTorch, Python, TensorFlow",90000,117000,RUB
103820,2025-03-14,Data Analyst,Middle,Краснодар,Офис,Средняя (250-1000),"Git, Python, SQL, Tableau",52000,63000,RUB
102805,2025-03-14,Data Scientist,Middle,Санкт-Петербург,Удалённо,Малая (50-250),"Docker, Git, PyTorch, Python, SQL",104000,123000,RUB
105125,2025-03-14,Backend Developer,Lead,Нижний Новгород,Офис,Средняя (250-1000),"Git, Kubernetes, PostgreSQL, Python, REST API",150000,174000,RUB
104890,2025-03-15,System Analyst,Junior,Удалённо (Россия),Гибрид,Малая (50-250),"Confluence, Git, Jira, UML",49000,59000,RUB
100129,2025-03-15,Backend Developer,Middle,Екатеринбург,Удалённо,Стартап (<50),"Git, Kubernetes, SQL",58000,76000,RUB
103313,2025-03-15,System Analyst,Lead,Новосибирск,Удалённо,Малая (50-250),"Confluence, Git, SQL",125000,157000,RUB
102379,2025-03-15,DevOps Engineer,Middle,Екатеринбург,Удалённо,Стартап (<50),"CI/CD, Docker, Git, Kubernetes",76000,101000,RUB
105407,2025-03-15,System Analyst,Junior,Удалённо (Россия),Офис,Малая (50-250),"BPMN, Git, SQL, UML",41000,54000,RUB
101378,2025-03-15,Backend Developer,Senior,Краснодар,Удалённо,Средняя (250-1000),"Git, Java, Kubernetes, SQL",114000,133000,RUB
101651,2025-03-15,Data Analyst,Senior,Краснодар,Офис,Малая (50-250),"Excel, Git, Power BI, SQL",74000,98000,RUB
103979,2025-03-16,Frontend Developer,Junior,Новосибирск,Удалённо,Малая (50-250),"Git, HTML, JavaScript, React, TypeScript",33000,42000,RUB
105588,2025-03-16,DevOps Engineer,Lead,Санкт-Петербург,Удалённо,Крупная (1000+),"AWS, Linux, Terraform",279000,347000,RUB
103748,2025-03-16,Data Analyst,Senior,Удалённо (Россия),Гибрид,Стартап (<50),"Excel, Git, Power BI, Python, SQL",110000,133000,RUB
101486,2025-03-16,QA Engineer,Middle,Удалённо (Россия),Удалённо,Малая (50-250),"Git, Postman, Python, Selenium",58000,78000,RUB
100944,2025-03-16,QA Engineer,Junior,Москва,Удалённо,Средняя (250-1000),"Git, Manual Testing, Postman, Python, SQL",44000,53000,RUB
103386,2025-03-16,Full-stack Developer,Middle,Санкт-Петербург,Офис,Средняя (250-1000),"Docker, Git, JavaScript, Node.js, React",80000,106000,RUB
101546,2025-03-17,Data Analyst,Middle,Москва,Офис,Крупная (1000+),"Git, Power BI, Python, SQL",81000,101000,RUB
105727,2025-03-17,QA Engineer,Junior,Москва,Офис,Малая (50-250),"Git, Manual Testing, Postman, Python, SQL, Selenium",36000,42000,RUB
104137,2025-03-17,Data Scientist,Middle,Москва,Гибрид,Стартап (<50),"Docker, Git, Pandas, PyTorch, Python, Scikit-learn",143000,193000,RUB
105925,2025-03-18,Frontend Developer,Middle,Москва,Удалённо,Крупная (1000+),"CSS, Git, HTML, React, TypeScript",124000,164000,RUB
102065,2025-03-18,Data Analyst,Middle,Удалённо (Россия),Офис,Крупная (1000+),"Excel, Git, Power BI, SQL",80000,93000,RUB
101814,2025-03-18,Data Scientist,Middle,Москва,Удалённо,Стартап (<50),"Git, Pandas, PyTorch, Scikit-learn",98000,117000,RUB
101558,2025-03-18,Data Scientist,Senior,Новосибирск,Удалённо,Средняя (250-1000),"Git, PyTorch, Python, SQL, Scikit-learn, Statistics",165000,201000,RUB
102875,2025-03-18,Data Engineer,Senior,Москва,Офис,Малая (50-250),"Airflow, Docker, Git, Kafka, Python, SQL, Spark",199000,242000,RUB
103610,2025-03-18,ML Engineer,Junior,Екатеринбург,Офис,Малая (50-250),"Docker, Git, MLflow, PyTorch, Python, TensorFlow",33000,40000,RUB
100729,2025-03-18,Data Analyst,Senior,Казань,Удалённо,Малая (50-250),"Git, Power BI, Python, Tableau",92000,107000,RUB
102642,2025-03-18,Backend Developer,Middle,Краснодар,Удалённо,Крупная (1000+),"Docker, Git, Java, Kubernetes, Python, REST API",73000,94000,RUB
100336,2025-03-18,Data Scientist,Lead,Удалённо (Россия),Гибрид,Средняя (250-1000),"Git, Pandas, SQL, Statistics",215000,265000,RUB
104323,2025-03-19,Frontend Developer,Middle,Удалённо (Россия),Гибрид,Малая (50-250),"CSS, Git, HTML, JavaScript, React, TypeScript",92000,117000,RUB
101847,2025-03-19,Data Analyst,Junior,Санкт-Петербург,Гибрид,Малая (50-250),"Excel, Git, Power BI, Python, SQL",40000,50000,RUB
102997,2025-03-19,Frontend Developer,Junior,Москва,Гибрид,Крупная (1000+),"CSS, Git, HTML, JavaScript, React",63000,80000,RUB
105267,2025-03-19,Backend Developer,Junior,Москва,Офис,Стартап (<50),"Git, Java, SQL",52000,69000,RUB
100340,2025-03-19,Data Scientist,Middle,Санкт-Петербург,Гибрид,Стартап (<50),"Git, Pandas, SQL, Scikit-learn",87000,116000,RUB
103728,2025-03-19,Data Scientist,Junior,Удалённо (Россия),Гибрид,Стартап (<50),"Git, Pandas, Python, SQL, Scikit-learn",65000,83000,RUB
102690,2025-03-19,ML Engineer,Junior,Нижний Новгород,Гибрид,Стартап (<50),"Git, MLflow, Python",38000,48000,RUB
102721,2025-03-20,DevOps Engineer,Middle,Москва,Офис,Средняя (250-1000),"CI/CD, Git, Linux, Terraform",148000,184000,RUB
101072,2025-03-20,ML Engineer,Middle,Екатеринбург,Удалённо,Крупная (1000+),"Docker, Git, Kubernetes, MLflow, Python",75000,94000,RUB
101912,2025-03-20,DevOps Engineer,Senior,Москва,Гибрид,Стартап (<50),"AWS, CI/CD, Docker, Kubernetes, Linux, Terraform",161000,189000,RUB
102641,2025-03-20,Frontend Developer,Middle,Удалённо (Россия),Гибрид,Стартап (<50),"CSS, Git, HTML, React, TypeScript",80000,94000,RUB
101882,2025-03-20,DevOps Engineer,Junior,Москва,Гибрид,Средняя (250-1000),"AWS, CI/CD, Git, Linux, Terraform",71000,86000,RUB
103203,2025-03-21,QA Engineer,Middle,Краснодар,Офис,Средняя (250-1000),"Git, Manual Testing, Python, Selenium",40000,53000,RUB
100396,2025-03-21,Mobile Developer,Junior,Санкт-Петербург,Офис,Крупная (1000+),"Git, REST API, SQL, Swift",47000,60000,RUB
104412,2025-03-21,Data Scientist,Lead,Новосибирск,Удалённо,Крупная (1000+),"Git, Pandas, PyTorch, Python",153000,205000,RUB
102737,2025-03-21,Backend Developer,Senior,Удалённо (Россия),Гибрид,Крупная (1000+),"Git, Java, Kubernetes, SQL",190000,224000,RUB
103816,2025-03-21,Data Analyst,Junior,Санкт-Петербург,Офис,Стартап (<50),"Git, Power BI, Python, SQL, Tableau",32000,42000,RUB
100858,2025-03-21,Backend Developer,Lead,Казань,Офис,Крупная (1000+),"Git, Java, Kubernetes, REST API, SQL",124000,165000,RUB
101071,2025-03-21,Backend Developer,Junior,Удалённо (Россия),Офис,Малая (50-250),"Docker, Java, Kubernetes, PostgreSQL, Python, SQL",49000,59000,RUB
105882,2025-03-22,Product Manager,Senior,Удалённо (Россия),Удалённо,Крупная (1000+),"Agile, Analytics, Confluence, Git, Jira",166000,221000,RUB
101190,2025-03-22,QA Engineer,Middle,Москва,Удалённо,Малая (50-250),"Git, Manual Testing, Postman, SQL, Selenium",86000,100000,RUB
105076,2025-03-22,QA Engineer,Middle,Нижний Новгород,Гибрид,Стартап (<50),"Git, Manual Testing, Postman, Selenium",46000,61000,RUB
101860,2025-03-22,Mobile Developer,Lead,Нижний Новгород,Офис,Стартап (<50),"Git, Kotlin, REST API, SQL, Swift",106000,137000,RUB
103229,2025-03-22,Backend Developer,Senior,Москва,Удалённо,Средняя (250-1000),"Docker, Git, Kubernetes, REST API, SQL",210000,250000,RUB
102941,2025-03-22,DevOps Engineer,Senior,Санкт-Петербург,Офис,Средняя (250-1000),"AWS, CI/CD, Docker, Git, Kubernetes, Linux, Terraform",183000,227000,RUB
103780,2025-03-22,Product Manager,Junior,Москва,Удалённо,Малая (50-250),"Agile, Analytics, Confluence, Git, Jira",67000,79000,RUB
102394,2025-03-22,DevOps Engineer,Junior,Удалённо (Россия),Гибрид,Стартап (<50),"CI/CD, Git, Kubernetes, Linux, Terraform",44000,57000,RUB
104003,2025-03-22,QA Engineer,Middle,Удалённо (Россия),Гибрид,Малая (50-250),"Git, Postman, Python, SQL, Selenium",69000,89000,RUB
104557,2025-03-22,Backend Developer,Middle,Москва,Удалённо,Средняя (250-1000),"Docker, Git, Java, PostgreSQL, Python",99000,133000,RUB
104889,2025-03-22,Backend Developer,Senior,Казань,Гибрид,Средняя (250-1000),"Docker, Java, REST API, SQL",107000,131000,RUB
105748,2025-03-22,Data Scientist,Middle,Екатеринбург,Офис,Малая (50-250),"Pandas, PyTorch, Python, SQL, Scikit-learn, Statistics",61000,73000,RUB
103408,2025-03-23,Full-stack Developer,Middle,Санкт-Петербург,Удалённо,Малая (50-250),"Docker, Git, React, SQL",85000,101000,RUB
100515,2025-03-23,Data Engineer,Middle,Удалённо (Россия),Удалённо,Малая (50-250),"Airflow, Docker, Kafka",83000,104000,RUB
103295,2025-03-23,Data Analyst,Junior,Москва,Удалённо,Малая (50-250),"Git, Power BI, Python",33000,42000,RUB
103382,2025-03-23,Data Analyst,Lead,Удалённо (Россия),Удалённо,Стартап (<50),"Git, Power BI, SQL",207000,242000,RUB
100811,2025-03-23,Backend Developer,Senior,Удалённо (Россия),Офис,Крупная (1000+),"Docker, Git, Kubernetes, PostgreSQL, Python, REST API, SQL",166000,197000,RUB
100472,2025-03-24,Product Manager,Middle,Екатеринбург,Удалённо,Стартап (<50),"Agile, Confluence, Git, Jira",91000,109000,RUB
101157,2025-03-24,Data Scientist,Junior,Санкт-Петербург,Удалённо,Средняя (250-1000),"Docker, Git, Python, SQL",57000,68000,RUB
103426,2025-03-24,Frontend Developer,Senior,Удалённо (Россия),Удалённо,Малая (50-250),"CSS, Git, HTML, JavaScript, React, TypeScript",157000,188000,RUB
103020,2025-03-24,Full-stack Developer,Junior,Удалённо (Россия),Удалённо,Средняя (250-1000),"Docker, Git, JavaScript, SQL",55000,64000,RUB
104508,2025-03-25,System Analyst,Lead,Санкт-Петербург,Удалённо,Малая (50-250),"Confluence, Git, Jira, SQL",215000,284000,RUB
100376,2025-03-25,ML Engineer,Middle,Москва,Офис,Малая (50-250),"Docker, Kubernetes, PyTorch",147000,194000,RUB
102764,2025-03-25,Full-stack Developer,Junior,Москва,Гибрид,Крупная (1000+),"Docker, Git, JavaScript, Node.js, React, SQL",61000,81000,RUB
102180,2025-03-26,Full-stack Developer,Middle,Новосибирск,Гибрид,Средняя (250-1000),"Docker, Git, JavaScript",71000,82000,RUB
101777,2025-03-26,Data Scientist,Middle,Москва,Офис,Стартап (<50),"Git, Pandas, PyTorch, Python, Scikit-learn, Statistics",88000,109000,RUB
104784,2025-03-26,Frontend Developer,Middle,Санкт-Петербург,Удалённо,Малая (50-250),"CSS, Git, HTML, JavaScript, React",59000,77000,RUB
102211,2025-03-26,Data Scientist,Junior,Новосибирск,Удалённо,Стартап (<50),"Docker, Git, Python, SQL, Scikit-learn",43000,57000,RUB
101012,2025-03-26,Data Analyst,Junior,Екатеринбург,Офис,Крупная (1000+),"Git, Python, SQL, Tableau",31000,38000,RUB
104714,2025-03-26,Mobile Developer,Senior,Москва,Удалённо,Средняя (250-1000),"Git, Kotlin, REST API, SQL, Swift",181000,210000,RUB
101661,2025-03-27,Frontend Developer,Middle,Санкт-Петербург,Гибрид,Крупная (1000+),"CSS, Git, React, TypeScript",90000,104000,RUB
104442,2025-03-27,Backend Developer,Senior,Удалённо (Россия),Удалённо,Малая (50-250),"Docker, Git, Java, Kubernetes, Python",170000,210000,RUB
102031,2025-03-27,Data Engineer,Middle,Нижний Новгород,Гибрид,Средняя (250-1000),"Airflow, Docker, Git, Kafka, Python, SQL, Spark",72000,87000,RUB
105780,2025-03-27,Full-stack Developer,Junior,Москва,Офис,Крупная (1000+),"Docker, Git, JavaScript, Node.js, React, SQL",62000,83000,RUB
103005,2025-03-27,Data Engineer,Senior,Казань,Офис,Малая (50-250),"ClickHouse, Docker, Git, Kafka, Python, Spark",95000,113000,RUB
101338,2025-03-27,Frontend Developer,Senior,Москва,Офис,Крупная (1000+),"CSS, Git, HTML, JavaScript, React, TypeScript",179000,237000,RUB
105031,2025-03-27,Data Analyst,Junior,Москва,Удалённо,Малая (50-250),"Excel, Git, Python, Tableau",55000,73000,RUB
102858,2025-03-27,Product Manager,Middle,Нижний Новгород,Офис,Крупная (1000+),"Agile, Confluence, Git, Jira",67000,85000,RUB
100204,2025-03-28,DevOps Engineer,Junior,Удалённо (Россия),Офис,Стартап (<50),"CI/CD, Git, Kubernetes",46000,59000,RUB
100095,2025-03-28,Full-stack Developer,Junior,Удалённо (Россия),Гибрид,Малая (50-250),"Docker, Git, JavaScript, Node.js, React, SQL",49000,62000,RUB
101604,2025-03-28,Data Engineer,Middle,Краснодар,Офис,Малая (50-250),"Airflow, ClickHouse, Git, Kafka, Python, SQL",58000,70000,RUB
103539,2025-03-28,ML Engineer,Senior,Москва,Гибрид,Крупная (1000+),"Git, Kubernetes, PyTorch, Python",166000,208000,RUB
104986,2025-03-28,Frontend Developer,Middle,Екатеринбург,Офис,Средняя (250-1000),"CSS, Git, HTML, JavaScript, TypeScript",56000,74000,RUB
103656,2025-03-29,ML Engineer,Middle,Екатеринбург,Офис,Крупная (1000+),"Docker, PyTorch, TensorFlow",75000,89000,RUB
103374,2025-03-29,QA Engineer,Junior,Екатеринбург,Офис,Малая (50-250),"Git, Postman, Python, Selenium",30000,39000,RUB
102416,2025-03-29,ML Engineer,Middle,Удалённо (Россия),Офис,Стартап (<50),"Docker, Git, MLflow, PyTorch",93000,112000,RUB
102348,2025-03-29,Full-stack Developer,Junior,Москва,Гибрид,Крупная (1000+),"Docker, Git, JavaScript, Node.js, React",59000,70000,RUB
101859,2025-03-29,System Analyst,Junior,Москва,Офис,Средняя (250-1000),"BPMN, Confluence, Git, Jira, SQL, UML",49000,64000,RUB
101163,2025-03-29,ML Engineer,Junior,Удалённо (Россия),Удалённо,Малая (50-250),"Docker, Git, MLflow, PyTorch, Python",65000,77000,RUB
105678,2025-03-30,Product Manager,Middle,Москва,Офис,Малая (50-250),"Analytics, Git, Jira, SQL",83000,110000,RUB
103061,2025-03-30,QA Engineer,Middle,Краснодар,Гибрид,Малая (50-250),"Git, Manual Testing, Postman, Python, SQL, Selenium",39000,45000,RUB
104147,2025-03-30,Data Analyst,Middle,Удалённо (Россия),Офис,Стартап (<50),"Excel, Git, Power BI, Python, SQL, Tableau",67000,80000,RUB
104556,2025-03-30,Mobile Developer,Middle,Москва,Офис,Малая (50-250),"Git, Kotlin, REST API, SQL, Swift",95000,123000,RUB
102584,2025-03-30,Data Analyst,Senior,Санкт-Петербург,Офис,Средняя (250-1000),"Excel, Git, Power BI, Python, SQL, Tableau",156000,194000,RUB
105360,2025-03-30,Mobile Developer,Junior,Удалённо (Россия),Гибрид,Малая (50-250),"Git, REST API, SQL, Swift",54000,66000,RUB
101778,2025-03-31,Data Scientist,Middle,Москва,Гибрид,Стартап (<50),"Git, Pandas, PyTorch, Python, SQL",130000,151000,RUB
104969,2025-03-31,DevOps Engineer,Middle,Новосибирск,Офис,Средняя (250-1000),"AWS, CI/CD, Git, Kubernetes, Linux, Terraform",105000,124000,RUB
105619,2025-03-31,Data Scientist,Middle,Удалённо (Россия),Офис,Крупная (1000+),"Git, PyTorch, SQL, Scikit-learn",112000,136000,RUB
100759,2025-03-31,Data Scientist,Senior,Москва,Гибрид,Крупная (1000+),"Docker, Git, Python, Scikit-learn",188000,234000,RUB
100260,2025-03-31,ML Engineer,Junior,Удалённо (Россия),Удалённо,Малая (50-250),"Git, Kubernetes, MLflow, PyTorch, Python, TensorFlow",59000,73000,RUB
103150,2025-03-31,Data Analyst,Middle,Нижний Новгород,Удалённо,Малая (50-250),"Excel, Git, SQL, Tableau",51000,69000,RUB
103484,2025-04-01,Data Scientist,Senior,Удалённо (Россия),Удалённо,Малая (50-250),"Docker, Git, Pandas, PyTorch, Python, Statistics",196000,260000,RUB
100137,2025-04-01,Full-stack Developer,Middle,Новосибирск,Удалённо,Стартап (<50),"Git, Node.js, React, SQL",78000,97000,RUB
103752,2025-04-01,Data Engineer,Junior,Краснодар,Удалённо,Средняя (250-1000),"Airflow, ClickHouse, Git, Kafka",41000,48000,RUB
104314,2025-04-01,Frontend Developer,Junior,Удалённо (Россия),Удалённо,Средняя (250-1000),"Git, HTML, JavaScript, React",55000,72000,RUB
104656,2025-04-01,System Analyst,Junior,Санкт-Петербург,Удалённо,Малая (50-250),"BPMN, Confluence, Git, Jira, SQL, UML",47000,61000,RUB
100984,2025-04-01,Backend Developer,Junior,Москва,Офис,Средняя (250-1000),"Docker, Git, Kubernetes, PostgreSQL, Python, SQL",75000,101000,RUB
105246,2025-04-01,Product Manager,Middle,Москва,Удалённо,Средняя (250-1000),"Agile, Analytics, Git, Jira, SQL",127000,159000,RUB
104151,2025-04-02,DevOps Engineer,Senior,Санкт-Петербург,Удалённо,Стартап (<50),"AWS, CI/CD, Docker, Git, Kubernetes",149000,200000,RUB
103881,2025-04-02,Data Analyst,Senior,Москва,Гибрид,Малая (50-250),"Excel, Git, Power BI, Python, SQL, Tableau",150000,194000,RUB
104721,2025-04-02,DevOps Engineer,Middle,Москва,Гибрид,Малая (50-250),"CI/CD, Docker, Git, Kubernetes, Linux, Terraform",125000,148000,RUB
101191,2025-04-02,QA Engineer,Middle,Москва,Удалённо,Стартап (<50),"Git, Manual Testing, Postman, Python",70000,83000,RUB
100856,2025-04-02,Data Scientist,Middle,Москва,Гибрид,Стартап (<50),"Docker, Git, Pandas, Python, SQL, Statistics",101000,135000,RUB
101817,2025-04-02,Mobile Developer,Senior,Санкт-Петербург,Удалённо,Малая (50-250),"Git, Kotlin, REST API, Swift",172000,221000,RUB
103157,2025-04-02,Backend Developer,Senior,Москва,Удалённо,Малая (50-250),"Git, Java, PostgreSQL, Python, SQL",165000,221000,RUB
103200,2025-04-03,Frontend Developer,Junior,Москва,Гибрид,Крупная (1000+),"Git, JavaScript, React",58000,71000,RUB
103492,2025-04-03,Frontend Developer,Middle,Удалённо (Россия),Гибрид,Крупная (1000+),"CSS, Git, HTML, JavaScript, React",69000,82000,RUB
100677,2025-04-03,Data Scientist,Junior,Екатеринбург,Гибрид,Средняя (250-1000),"Git, Pandas, SQL, Scikit-learn",51000,64000,RUB
103130,2025-04-03,Frontend Developer,Lead,Удалённо (Россия),Гибрид,Крупная (1000+),"CSS, Git, React",192000,252000,RUB
104281,2025-04-03,Data Engineer,Senior,Нижний Новгород,Офис,Стартап (<50),"Airflow, ClickHouse, Git, Kafka, SQL, Spark",76000,98000,RUB
105002,2025-04-03,Frontend Developer,Middle,Удалённо (Россия),Офис,Крупная (1000+),"CSS, Git, HTML, JavaScript, React, TypeScript",76000,90000,RUB
104828,2025-04-03,Mobile Developer,Senior,Москва,Офис,Средняя (250-1000),"Git, Kotlin, REST API, SQL, Swift",166000,221000,RUB
105184,2025-04-03,Product Manager,Senior,Нижний Новгород,Офис,Малая (50-250),"Confluence, Git, Jira",104000,128000,RUB
100543,2025-04-04,Data Analyst,Junior,Санкт-Петербург,Гибрид,Малая (50-250),"Git, Power BI, Python, SQL",43000,55000,RUB
104755,2025-04-04,Full-stack Developer,Middle,Москва,Офис,Малая (50-250),"Docker, Git, JavaScript, Node.js, React, SQL",88000,111000,RUB
102157,2025-04-04,DevOps Engineer,Junior,Москва,Гибрид,Малая (50-250),"AWS, Git, Kubernetes, Terraform",79000,96000,RUB
104259,2025-04-04,Data Scientist,Middle,Санкт-Петербург,Гибрид,Малая (50-250),"Docker, Git, Pandas, PyTorch, Python, Statistics",101000,130000,RUB
101981,2025-04-04,Mobile Developer,Senior,Новосибирск,Офис,Малая (50-250),"Git, Kotlin, REST API, SQL, Swift",99000,129000,RUB
103947,2025-04-05,Full-stack Developer,Senior,Москва,Удалённо,Крупная (1000+),"Docker, Git, Node.js, React, SQL",204000,250000,RUB
102063,2025-04-05,ML Engineer,Middle,Удалённо (Россия),Гибрид,Крупная (1000+),"Docker, Git, Kubernetes, PyTorch, Python, TensorFlow",87000,108000,RUB
104857,2025-04-05,Full-stack Developer,Middle,Казань,Гибрид,Малая (50-250),"Docker, Git, JavaScript, Node.js, React",72000,85000,RUB
105162,2025-04-05,Data Scientist,Middle,Новосибирск,Удалённо,Стартап (<50),"Docker, Git, Pandas, PyTorch, SQL, Statistics",77000,95000,RUB
105762,2025-04-06,ML Engineer,Lead,Новосибирск,Удалённо,Средняя (250-1000),"Docker, Git, Kubernetes, MLflow, PyTorch, Python",214000,273000,RUB
105514,2025-04-06,System Analyst,Junior,Санкт-Петербург,Офис,Средняя (250-1000),"BPMN, Confluence, SQL, UML",47000,56000,RUB
105908,2025-04-06,Mobile Developer,Middle,Москва,Удалённо,Малая (50-250),"Git, SQL, Swift",110000,135000,RUB
101977,2025-04-06,Frontend Developer,Junior,Екатеринбург,Гибрид,Крупная (1000+),"CSS, Git, JavaScript, TypeScript",38000,49000,RUB
104702,2025-04-06,QA Engineer,Senior,Москва,Офис,Стартап (<50),"Git, Manual Testing, Postman, Python",139000,186000,RUB
102593,2025-04-06,Product Manager,Junior,Удалённо (Россия),Удалённо,Малая (50-250),"Agile, Analytics, Confluence, Git, Jira, SQL",69000,87000,RUB
104060,2025-04-06,Data Engineer,Middle,Москва,Офис,Крупная (1000+),"ClickHouse, Docker, Git, SQL, Spark",124000,159000,RUB
103710,2025-04-06,Product Manager,Junior,Казань,Гибрид,Крупная (1000+),"Agile, Analytics, Confluence, Git, Jira, SQL",48000,60000,RUB
100665,2025-04-06,Data Analyst,Junior,Москва,Офис,Средняя (250-1000),"Power BI, Python, SQL",50000,68000,RUB
101437,2025-04-07,Full-stack Developer,Junior,Санкт-Петербург,Гибрид,Средняя (250-1000),"Docker, Git, Node.js, SQL",45000,59000,RUB
101926,2025-04-07,Data Analyst,Junior,Москва,Гибрид,Малая (50-250),"Git, Python, SQL, Tableau",57000,66000,RUB
100604,2025-04-07,Backend Developer,Senior,Москва,Удалённо,Малая (50-250),"Kubernetes, REST API, SQL",159000,194000,RUB
105260,2025-04-07,Data Engineer,Middle,Москва,Офис,Стартап (<50),"Airflow, Docker, Git, SQL",88000,104000,RUB
102854,2025-04-07,Product Manager,Junior,Санкт-Петербург,Офис,Малая (50-250),"Agile, Analytics, Confluence, Git",59000,74000,RUB
102103,2025-04-08,Full-stack Developer,Middle,Краснодар,Гибрид,Средняя (250-1000),"Docker, Git, React, SQL",68000,83000,RUB
105045,2025-04-08,Frontend Developer,Middle,Удалённо (Россия),Удалённо,Малая (50-250),"CSS, Git, HTML, JavaScript, React, TypeScript",83000,109000,RUB
103361,2025-04-08,Data Analyst,Middle,Удалённо (Россия),Офис,Стартап (<50),"Excel, Git, Power BI, Python, SQL, Tableau",65000,77000,RUB
105955,2025-04-08,Frontend Developer,Middle,Москва,Офис,Средняя (250-1000),"Git, HTML, JavaScript, React, TypeScript",122000,149000,RUB
100810,2025-04-09,Product Manager,Middle,Нижний Новгород,Удалённо,Крупная (1000+),"Agile, Analytics, Confluence, Git, Jira",91000,117000,RUB
101483,2025-04-09,ML Engineer,Senior,Москва,Офис,Стартап (<50),"Docker, Git, Kubernetes, MLflow, PyTorch, Python",223000,270000,RUB
103627,2025-04-09,Product Manager,Junior,Москва,Гибрид,Малая (50-250),"Analytics, Git, Jira, SQL",72000,91000,RUB
103325,2025-04-09,Frontend Developer,Junior,Москва,Офис,Малая (50-250),"CSS, Git, HTML, React",59000,78000,RUB
100370,2025-04-09,System Analyst,Middle,Новосибирск,Офис,Крупная (1000+),"Confluence, Git, Jira, UML",68000,79000,RUB
103263,2025-04-09,DevOps Engineer,Senior,Удалённо (Россия),Офис,Стартап (<50),"CI/CD, Git, Kubernetes, Linux, Terraform",172000,217000,RUB
103921,2025-04-10,Full-stack Developer,Middle,Москва,Гибрид,Средняя (250-1000),"Git, JavaScript, Node.js, SQL",94000,113000,RUB
101393,2025-04-10,System Analyst,Junior,Новосибирск,Офис,Крупная (1000+),"BPMN, Git, Jira, UML",34000,46000,RUB
104668,2025-04-10,Data Analyst,Middle,Удалённо (Россия),Офис,Средняя (250-1000),"Excel, Git, Power BI, Python, SQL, Tableau",80000,105000,RUB
101288,2025-04-10,Frontend Developer,Lead,Санкт-Петербург,Офис,Крупная (1000+),"CSS, Git, HTML, JavaScript, React, TypeScript",169000,203000,RUB
101727,2025-04-10,Data Engineer,Junior,Новосибирск,Офис,Стартап (<50),"Airflow, Docker, Git, Kafka, Python, SQL, Spark",39000,52000,RUB
101773,2025-04-10,Frontend Developer,Junior,Москва,Офис,Малая (50-250),"Git, JavaScript, TypeScript",50000,63000,RUB
105159,2025-04-10,Frontend Developer,Junior,Москва,Удалённо,Крупная (1000+),"Git, HTML, JavaScript, React, TypeScript",60000,75000,RUB
102429,2025-04-10,QA Engineer,Junior,Удалённо (Россия),Офис,Средняя (250-1000),"Git, Manual Testing, Python",47000,62000,RUB
105403,2025-04-10,Mobile Developer,Middle,Удалённо (Россия),Удалённо,Крупная (1000+),"Git, Kotlin, REST API, SQL, Swift",98000,114000,RUB
100453,2025-04-11,Full-stack Developer,Middle,Санкт-Петербург,Удалённо,Крупная (1000+),"Git, JavaScript, Node.js, SQL",102000,127000,RUB
103508,2025-04-11,Full-stack Developer,Middle,Нижний Новгород,Офис,Стартап (<50),"Docker, Git, Node.js, React, SQL",46000,61000,RUB
103093,2025-04-11,QA Engineer,Junior,Удалённо (Россия),Удалённо,Крупная (1000+),"Git, Manual Testing, Postman, Python, SQL, Selenium",35000,46000,RUB
101081,2025-04-11,QA Engineer,Middle,Казань,Гибрид,Средняя (250-1000),"Git, Manual Testing, Postman, Python, SQL, Selenium",53000,63000,RUB
102130,2025-04-11,Data Analyst,Junior,Удалённо (Россия),Офис,Крупная (1000+),"Excel, Git, Power BI, Tableau",52000,62000,RUB
103576,2025-04-11,Data Analyst,Junior,Удалённо (Россия),Удалённо,Малая (50-250),"Git, Power BI, Python, SQL",49000,58000,RUB
101431,2025-04-12,Data Analyst,Junior,Санкт-Петербург,Офис,Стартап (<50),"Excel, Power BI, SQL",40000,50000,RUB
100266,2025-04-12,Data Analyst,Senior,Нижний Новгород,Офис,Средняя (250-1000),"Excel, Git, Power BI, Python, SQL, Tableau",71000,88000,RUB
102505,2025-04-12,Frontend Developer,Senior,Санкт-Петербург,Офис,Стартап (<50),"Git, HTML, JavaScript, React",134000,165000,RUB
102438,2025-04-12,Product Manager,Junior,Санкт-Петербург,Офис,Средняя (250-1000),"Agile, Analytics, Confluence, Git, Jira",46000,55000,RUB
101100,2025-04-13,Data Engineer,Senior,Москва,Офис,Малая (50-250),"Airflow, ClickHouse, Git, Spark",175000,217000,RUB
102719,2025-04-13,Frontend Developer,Middle,Санкт-Петербург,Гибрид,Стартап (<50),"CSS, Git, HTML, JavaScript",79000,98000,RUB
104567,2025-04-13,Data Analyst,Junior,Нижний Новгород,Гибрид,Крупная (1000+),"Excel, Git, SQL, Tableau",36000,43000,RUB
105505,2025-04-13,Full-stack Developer,Senior,Москва,Офис,Крупная (1000+),"Docker, Node.js, React, SQL",146000,189000,RUB
103102,2025-04-14,Backend Developer,Middle,Санкт-Петербург,Удалённо,Малая (50-250),"Git, Kubernetes, PostgreSQL, Python",103000,128000,RUB
105512,2025-04-14,Data Engineer,Middle,Екатеринбург,Офис,Стартап (<50),"Airflow, Docker, Git, Kafka, Python, SQL, Spark",56000,67000,RUB
101011,2025-04-14,System Analyst,Junior,Москва,Удалённо,Стартап (<50),"BPMN, Git, Jira, SQL, UML",43000,53000,RUB
100898,2025-04-14,Data Scientist,Middle,Москва,Офис,Малая (50-250),"Docker, Git, Pandas, PyTorch, Python, Scikit-learn",98000,128000,RUB
103407,2025-04-14,ML Engineer,Middle,Москва,Удалённо,Малая (50-250),"Docker, Git, Kubernetes, PyTorch, Python",140000,168000,RUB
100752,2025-04-14,Data Engineer,Middle,Санкт-Петербург,Гибрид,Малая (50-250),"ClickHouse, Docker, Git, Kafka, Python",126000,159000,RUB
104069,2025-04-14,QA Engineer,Junior,Краснодар,Гибрид,Стартап (<50),"Git, Python, SQL",30000,40000,RUB
102433,2025-04-15,System Analyst,Junior,Краснодар,Гибрид,Стартап (<50),"BPMN, Confluence, Git, Jira, UML",30000,39000,RUB
101663,2025-04-15,QA Engineer,Middle,Краснодар,Офис,Малая (50-250),"Git, Postman, Python",38000,45000,RUB
104572,2025-04-15,Mobile Developer,Junior,Москва,Удалённо,Средняя (250-1000),"Git, Kotlin, REST API, SQL, Swift",51000,63000,RUB
104020,2025-04-15,Product Manager,Senior,Москва,Офис,Стартап (<50),"Agile, Analytics, Git, Jira",162000,192000,RUB
101972,2025-04-16,Data Analyst,Middle,Москва,Удалённо,Малая (50-250),"Excel, Git, Python, SQL, Tableau",71000,95000,RUB
104987,2025-04-17,Frontend Developer,Junior,Казань,Офис,Малая (50-250),"CSS, Git, React, TypeScript",30000,36000,RUB
101248,2025-04-17,Data Scientist,Middle,Москва,Офис,Крупная (1000+),"Git, PyTorch, Python, SQL, Scikit-learn, Statistics",90000,109000,RUB
101342,2025-04-17,Product Manager,Junior,Новосибирск,Гибрид,Стартап (<50),"Agile, Analytics, Confluence, Git, Jira, SQL",35000,47000,RUB
101364,2025-04-17,Product Manager,Middle,Санкт-Петербург,Гибрид,Крупная (1000+),"Agile, Confluence, Git, SQL",147000,189000,RUB
100610,2025-04-17,Product Manager,Middle,Москва,Офис,Средняя (250-1000),"Agile, Analytics, Confluence, Git, Jira, SQL",91000,110000,RUB
101313,2025-04-17,Full-stack Developer,Middle,Москва,Удалённо,Стартап (<50),"Docker, Git, JavaScript, Node.js, React, SQL",87000,111000,RUB
104807,2025-04-18,Backend Developer,Senior,Москва,Гибрид,Крупная (1000+),"Docker, Git, Java, PostgreSQL, REST API, SQL",200000,237000,RUB
100711,2025-04-18,Backend Developer,Junior,Санкт-Петербург,Удалённо,Крупная (1000+),"Docker, Git, Java, PostgreSQL, REST API, SQL",56000,67000,RUB
101682,2025-04-18,Backend Developer,Junior,Удалённо (Россия),Офис,Малая (50-250),"Docker, Git, Kubernetes, Python, REST API, SQL",55000,70000,RUB
101848,2025-04-18,QA Engineer,Senior,Нижний Новгород,Удалённо,Крупная (1000+),"Git, Manual Testing, Postman, Python, Selenium",95000,127000,RUB
101592,2025-04-18,Frontend Developer,Senior,Москва,Гибрид,Малая (50-250),"CSS, Git, HTML, React, TypeScript",180000,241000,RUB
101480,2025-04-18,Data Scientist,Senior,Москва,Удалённо,Малая (50-250),"Docker, Git, Pandas, PyTorch, SQL, Scikit-learn, Statistics",231000,298000,RUB
101392,2025-04-18,Data Engineer,Middle,Удалённо (Россия),Удалённо,Крупная (1000+),"Airflow, ClickHouse, Docker, Git, Kafka, Spark",120000,149000,RUB
100055,2025-04-18,Backend Developer,Senior,Москва,Офис,Малая (50-250),"Git, Java, Python, REST API, SQL",162000,197000,RUB
101738,2025-04-18,Data Analyst,Senior,Санкт-Петербург,Гибрид,Малая (50-250),"Excel, Git, Power BI, Python, SQL, Tableau",106000,140000,RUB
104206,2025-04-19,Full-stack Developer,Middle,Екатеринбург,Удалённо,Малая (50-250),"Docker, Git, React, SQL",69000,92000,RUB
104726,2025-04-19,QA Engineer,Senior,Москва,Гибрид,Крупная (1000+),"Git, Manual Testing, Postman, SQL, Selenium",156000,186000,RUB
104409,2025-04-19,Frontend Developer,Senior,Новосибирск,Офис,Малая (50-250),"CSS, Git, HTML, JavaScript, React, TypeScript",91000,112000,RUB
103220,2025-04-19,Data Engineer,Middle,Удалённо (Россия),Удалённо,Средняя (250-1000),"ClickHouse, Git, Kafka, Python, Spark",98000,125000,RUB
102748,2025-04-19,QA Engineer,Lead,Удалённо (Россия),Офис,Крупная (1000+),"Git, Postman, SQL",161000,212000,RUB
102220,2025-04-20,QA Engineer,Lead,Удалённо (Россия),Офис,Стартап (<50),"Git, Manual Testing, Postman, Python, SQL, Selenium",138000,168000,RUB
102102,2025-04-20,ML Engineer,Middle,Санкт-Петербург,Удалённо,Малая (50-250),"Docker, Git, Kubernetes, MLflow, PyTorch, Python, TensorFlow",106000,130000,RUB
100445,2025-04-20,Mobile Developer,Lead,Москва,Гибрид,Малая (50-250),"Git, Kotlin, REST API, SQL, Swift",219000,288000,RUB
101824,2025-04-20,Data Analyst,Senior,Санкт-Петербург,Гибрид,Средняя (250-1000),"Excel, Git, Power BI, Python, SQL, Tableau",126000,169000,RUB
105486,2025-04-20,Data Scientist,Senior,Москва,Удалённо,Малая (50-250),"Git, PyTorch, Python, Scikit-learn, Statistics",187000,252000,RUB
105553,2025-04-20,Data Scientist,Middle,Новосибирск,Удалённо,Крупная (1000+),"Docker, Git, PyTorch, SQL, Statistics",102000,131000,RUB
103864,2025-04-20,ML Engineer,Senior,Удалённо (Россия),Офис,Средняя (250-1000),"Docker, Git, MLflow, PyTorch, TensorFlow",209000,277000,RUB
101967,2025-04-20,Backend Developer,Junior,Москва,Офис,Малая (50-250),"Git, Java, Kubernetes",57000,75000,RUB
104704,2025-04-20,Mobile Developer,Senior,Санкт-Петербург,Удалённо,Крупная (1000+),"Git, Kotlin, REST API, SQL, Swift",166000,201000,RUB
105720,2025-04-20,Data Engineer,Middle,Москва,Офис,Стартап (<50),"Docker, Git, Kafka, Python, SQL, Spark",134000,174000,RUB
104160,2025-04-20,DevOps Engineer,Senior,Москва,Гибрид,Стартап (<50),"Docker, Git, Linux",196000,243000,RUB
105078,2025-04-20,Data Scientist,Senior,Удалённо (Россия),Офис,Малая (50-250),"Git, Pandas, Python, SQL",150000,200000,RUB
100514,2025-04-21,Product Manager,Senior,Санкт-Петербург,Офис,Малая (50-250),"Confluence, Git, Jira",140000,166000,RUB
103792,2025-04-21,Backend Developer,Middle,Удалённо (Россия),Офис,Средняя (250-1000),"Docker, Git, PostgreSQL, Python, REST API",82000,101000,RUB
104389,2025-04-21,Full-stack Developer,Lead,Москва,Удалённо,Малая (50-250),"Docker, Git, JavaScript, Node.js, React, SQL",250000,321000,RUB
105864,2025-04-21,Frontend Developer,Senior,Удалённо (Россия),Удалённо,Малая (50-250),"CSS, Git, HTML, JavaScript, React, TypeScript",126000,158000,RUB
105313,2025-04-21,Frontend Developer,Senior,Москва,Гибрид,Средняя (250-1000),"CSS, Git, HTML, JavaScript",133000,166000,RUB
103993,2025-04-21,Data Analyst,Junior,Удалённо (Россия),Офис,Стартап (<50),"Excel, Git, Power BI, SQL, Tableau",40000,48000,RUB
104875,2025-04-21,Data Scientist,Senior,Санкт-Петербург,Офис,Крупная (1000+),"Docker, Git, SQL",172000,220000,RUB
100725,2025-04-21,Full-stack Developer,Junior,Новосибирск,Гибрид,Малая (50-250),"Docker, Git, JavaScript, Node.js, React, SQL",41000,52000,RUB
101354,2025-04-22,System Analyst,Junior,Новосибирск,Офис,Стартап (<50),"BPMN, Git, Jira, UML",30000,40000,RUB
101980,2025-04-22,Data Engineer,Middle,Москва,Удалённо,Стартап (<50),"Airflow, ClickHouse, Docker, Git, Kafka, Python",121000,163000,RUB
105302,2025-04-22,Full-stack Developer,Senior,Екатеринбург,Офис,Малая (50-250),"Docker, Git, JavaScript, Node.js, React, SQL",72000,97000,RUB
100213,2025-04-22,Frontend Developer,Senior,Удалённо (Россия),Гибрид,Средняя (250-1000),"CSS, Git, JavaScript, React",121000,145000,RUB
101898,2025-04-22,Data Scientist,Middle,Санкт-Петербург,Гибрид,Стартап (<50),"Git, Pandas, Python",80000,102000,RUB
102197,2025-04-22,Mobile Developer,Middle,Москва,Офис,Малая (50-250),"Git, Kotlin, REST API, SQL, Swift",87000,112000,RUB
103915,2025-04-22,Backend Developer,Middle,Удалённо (Россия),Офис,Стартап (<50),"Git, Java, Python, REST API, SQL",81000,103000,RUB
102267,2025-04-23,Data Scientist,Junior,Москва,Удалённо,Стартап (<50),"Docker, Git, Pandas, Python, Scikit-learn, Statistics",65000,78000,RUB
100130,2025-04-23,Data Scientist,Lead,Санкт-Петербург,Офис,Средняя (250-1000),"Docker, Git, Pandas, SQL, Statistics",240000,287000,RUB
103320,2025-04-23,Data Engineer,Lead,Казань,Офис,Малая (50-250),"Docker, Git, Python, Spark",166000,213000,RUB
101066,2025-04-23,Mobile Developer,Senior,Москва,Офис,Малая (50-250),"Git, Kotlin, Swift",173000,211000,RUB
103502,2025-04-23,Backend Developer,Junior,Новосибирск,Офис,Стартап (<50),"Git, Kubernetes, REST API",33000,39000,RUB
102873,2025-04-23,Data Analyst,Middle,Удалённо (Россия),Удалённо,Малая (50-250),"Excel, Git, Power BI, Python, SQL, Tableau",77000,93000,RUB
105878,2025-04-23,Data Scientist,Junior,Москва,Офис,Средняя (250-1000),"Docker, Git, Python, Scikit-learn",43000,53000,RUB
102150,2025-04-23,Data Analyst,Middle,Новосибирск,Гибрид,Средняя (250-1000),"Git, Power BI, Python, Tableau",49000,57000,RUB
102239,2025-04-23,System Analyst,Middle,Новосибирск,Гибрид,Средняя (250-1000),"BPMN, Confluence, Git, SQL, UML",62000,82000,RUB
101717,2025-04-23,Product Manager,Senior,Санкт-Петербург,Офис,Стартап (<50),"Agile, Analytics, Confluence, Git, Jira, SQL",154000,183000,RUB
101549,2025-04-23,Product Manager,Middle,Москва,Гибрид,Средняя (250-1000),"Agile, Analytics, Confluence, Git, Jira, SQL",101000,127000,RUB
102540,2025-04-24,Data Analyst,Junior,Казань,Офис,Средняя (250-1000),"Git, Python, SQL",30000,35000,RUB
102037,2025-04-24,Data Engineer,Senior,Санкт-Петербург,Удалённо,Малая (50-250),"Airflow, ClickHouse, Docker, Git, SQL, Spark",178000,236000,RUB
100175,2025-04-24,Frontend Developer,Junior,Москва,Удалённо,Стартап (<50),"CSS, Git, JavaScript",57000,75000,RUB
104734,2025-04-24,Data Scientist,Junior,Санкт-Петербург,Гибрид,Малая (50-250),"Git, Pandas, SQL, Scikit-learn, Statistics",55000,67000,RUB
100945,2025-04-24,QA Engineer,Senior,Новосибирск,Гибрид,Малая (50-250),"Manual Testing, Python, Selenium",71000,84000,RUB
104274,2025-04-24,Backend Developer,Middle,Москва,Офис,Средняя (250-1000),"Docker, Git, Java, Kubernetes, PostgreSQL, Python",109000,132000,RUB
105672,2025-04-24,Backend Developer,Lead,Удалённо (Россия),Гибрид,Крупная (1000+),"Docker, Git, Java, Kubernetes, Python, REST API, SQL",234000,290000,RUB
105911,2025-04-25,Frontend Developer,Senior,Москва,Офис,Малая (50-250),"CSS, Git, HTML, JavaScript, React, TypeScript",167000,216000,RUB
103064,2025-04-25,System Analyst,Senior,Нижний Новгород,Офис,Средняя (250-1000),"BPMN, Confluence, Git, Jira, SQL, UML",84000,107000,RUB
104321,2025-04-25,Data Scientist,Middle,Нижний Новгород,Гибрид,Малая (50-250),"Git, PyTorch, Python, Statistics",83000,110000,RUB
104362,2025-04-26,Data Engineer,Middle,Краснодар,Офис,Стартап (<50),"Docker, Git, Python, SQL",59000,78000,RUB
103392,2025-04-26,Mobile Developer,Junior,Краснодар,Офис,Крупная (1000+),"Git, Kotlin, SQL, Swift",36000,44000,RUB
102262,2025-04-26,Full-stack Developer,Senior,Москва,Офис,Стартап (<50),"Docker, Git, JavaScript, SQL",189000,223000,RUB
103758,2025-04-26,Product Manager,Junior,Москва,Гибрид,Малая (50-250),"Agile, Confluence, Git, Jira, SQL",64000,81000,RUB
105733,2025-04-26,DevOps Engineer,Middle,Нижний Новгород,Офис,Стартап (<50),"Docker, Git, Linux",59000,73000,RUB
105697,2025-04-27,Product Manager,Middle,Москва,Удалённо,Средняя (250-1000),"Agile, Analytics, Confluence, Git, Jira, SQL",163000,206000,RUB
101831,2025-04-27,DevOps Engineer,Junior,Удалённо (Россия),Гибрид,Стартап (<50),"AWS, CI/CD, Git, Kubernetes",58000,75000,RUB
104120,2025-04-27,ML Engineer,Middle,Москва,Офис,Средняя (250-1000),"Docker, Git, Kubernetes, MLflow, Python, TensorFlow",127000,159000,RUB
101440,2025-04-27,Backend Developer,Senior,Санкт-Петербург,Гибрид,Стартап (<50),"Docker, Git, Kubernetes, PostgreSQL, Python",137000,169000,RUB
102996,2025-04-27,Data Analyst,Lead,Москва,Гибрид,Стартап (<50),"Excel, Git, Power BI, SQL, Tableau",175000,210000,RUB
100271,2025-04-28,Data Engineer,Junior,Новосибирск,Удалённо,Стартап (<50),"Docker, Git, Kafka, SQL",34000,45000,RUB
102661,2025-04-28,Data Engineer,Junior,Краснодар,Гибрид,Средняя (250-1000),"Airflow, Git, Python, SQL, Spark",34000,42000,RUB
101182,2025-04-28,DevOps Engineer,Senior,Краснодар,Офис,Стартап (<50),"AWS, CI/CD, Git, Kubernetes, Linux",91000,121000,RUB
104788,2025-04-28,Data Scientist,Senior,Санкт-Петербург,Гибрид,Малая (50-250),"Git, Pandas, PyTorch, Python, SQL, Scikit-learn",184000,224000,RUB
102965,2025-04-28,QA Engineer,Junior,Нижний Новгород,Гибрид,Малая (50-250),"Git, Manual Testing, Postman, Python, SQL, Selenium",30000,36000,RUB
105310,2025-04-28,ML Engineer,Senior,Удалённо (Россия),Гибрид,Крупная (1000+),"Docker, Git, MLflow, PyTorch, TensorFlow",231000,283000,RUB
102113,2025-04-28,DevOps Engineer,Junior,Новосибирск,Гибрид,Крупная (1000+),"CI/CD, Docker, Git, Kubernetes, Terraform",46000,56000,RUB
104059,2025-04-29,Product Manager,Senior,Нижний Новгород,Удалённо,Малая (50-250),"Agile, Analytics, Confluence, Git, Jira, SQL",122000,141000,RUB
103775,2025-04-29,Frontend Developer,Junior,Удалённо (Россия),Удалённо,Стартап (<50),"CSS, JavaScript, TypeScript",53000,63000,RUB
105342,2025-04-29,Backend Developer,Senior,Москва,Офис,Средняя (250-1000),"Docker, Git, Kubernetes, Python",212000,259000,RUB
105963,2025-04-29,System Analyst,Junior,Удалённо (Россия),Удалённо,Малая (50-250),"BPMN, Jira, SQL",57000,70000,RUB
105865,2025-04-29,Backend Developer,Middle,Удалённо (Россия),Гибрид,Средняя (250-1000),"Docker, Git, Python, REST API, SQL",97000,117000,RUB
101869,2025-04-29,System Analyst,Junior,Санкт-Петербург,Гибрид,Средняя (250-1000),"BPMN, Confluence, Git, Jira, SQL, UML",55000,65000,RUB
103957,2025-04-29,Data Analyst,Middle,Удалённо (Россия),Удалённо,Средняя (250-1000),"Excel, Git, Power BI, Python, SQL, Tableau",94000,114000,RUB
102472,2025-04-29,Product Manager,Middle,Москва,Офис,Средняя (250-1000),"Agile, Confluence, Git, SQL",121000,155000,RUB
102301,2025-04-29,System Analyst,Middle,Казань,Гибрид,Стартап (<50),"BPMN, Confluence, Git, SQL, UML",48000,61000,RUB
105295,2025-04-30,Data Analyst,Junior,Удалённо (Россия),Офис,Крупная (1000+),"Excel, Git, Power BI, Python, SQL, Tableau",43000,53000,RUB
102210,2025-04-30,Data Engineer,Junior,Удалённо (Россия),Удалённо,Малая (50-250),"Airflow, ClickHouse, Git, Kafka, Python, Spark",60000,76000,RUB
104445,2025-04-30,Backend Developer,Senior,Казань,Офис,Малая (50-250),"Git, Kubernetes, REST API, SQL",80000,92000,RUB
104194,2025-04-30,Backend Developer,Junior,Санкт-Петербург,Гибрид,Крупная (1000+),"Docker, Git, Kubernetes, Python",51000,64000,RUB
101809,2025-05-01,Full-stack Developer,Junior,Удалённо (Россия),Гибрид,Средняя (250-1000),"Git, JavaScript, React, SQL",54000,65000,RUB
103315,2025-05-01,Full-stack Developer,Senior,Санкт-Петербург,Офис,Стартап (<50),"Git, Node.js, React, SQL",123000,143000,RUB
100066,2025-05-02,DevOps Engineer,Middle,Екатеринбург,Гибрид,Крупная (1000+),"AWS, CI/CD, Docker, Git, Linux",86000,115000,RUB
105724,2025-05-02,DevOps Engineer,Senior,Удалённо (Россия),Офис,Крупная (1000+),"AWS, CI/CD, Docker, Git, Kubernetes, Terraform",207000,276000,RUB
101950,2025-05-02,Backend Developer,Junior,Казань,Удалённо,Средняя (250-1000),"Git, PostgreSQL, REST API, SQL",37000,47000,RUB
105462,2025-05-02,Full-stack Developer,Senior,Екатеринбург,Удалённо,Стартап (<50),"Git, JavaScript, React, SQL",93000,121000,RUB
103228,2025-05-02,ML Engineer,Middle,Екатеринбург,Удалённо,Малая (50-250),"Docker, Git, Kubernetes, MLflow, PyTorch, Python",79000,105000,RUB
105435,2025-05-02,Mobile Developer,Junior,Удалённо (Россия),Удалённо,Средняя (250-1000),"Git, REST API, SQL, Swift",46000,57000,RUB
103354,2025-05-02,Data Engineer,Middle,Удалённо (Россия),Гибрид,Средняя (250-1000),"Airflow, Docker, Kafka, Python, SQL, Spark",123000,148000,RUB
104203,2025-05-02,QA Engineer,Junior,Нижний Новгород,Офис,Средняя (250-1000),"Git, Manual Testing, Postman, Python, SQL, Selenium",30000,40000,RUB
105722,2025-05-03,Full-stack Developer,Middle,Москва,Офис,Стартап (<50),"Docker, Git, Node.js",98000,124000,RUB
100881,2025-05-03,Frontend Developer,Middle,Казань,Удалённо,Стартап (<50),"Git, JavaScript, React",42000,52000,RUB
104157,2025-05-03,QA Engineer,Junior,Санкт-Петербург,Гибрид,Крупная (1000+),"Git, Manual Testing, Postman, Python, SQL, Selenium",48000,63000,RUB
101835,2025-05-03,Full-stack Developer,Middle,Удалённо (Россия),Удалённо,Стартап (<50),"Docker, Git, JavaScript, Node.js, React, SQL",80000,105000,RUB
101712,2025-05-04,Frontend Developer,Middle,Москва,Удалённо,Крупная (1000+),"Git, HTML, JavaScript, React, TypeScript",129000,165000,RUB
100416,2025-05-04,Data Analyst,Senior,Санкт-Петербург,Гибрид,Стартап (<50),"Excel, Git, Python, SQL, Tableau",108000,127000,RUB
100882,2025-05-04,Mobile Developer,Senior,Удалённо (Россия),Удалённо,Стартап (<50),"Git, Kotlin, REST API, SQL",171000,206000,RUB
105726,2025-05-04,QA Engineer,Middle,Удалённо (Россия),Гибрид,Стартап (<50),"Git, Manual Testing, Postman, Python, SQL, Selenium",64000,77000,RUB
103840,2025-05-04,Backend Developer,Junior,Удалённо (Россия),Гибрид,Средняя (250-1000),"Docker, Git, Java, PostgreSQL, Python, SQL",66000,76000,RUB
100513,2025-05-05,Backend Developer,Middle,Нижний Новгород,Гибрид,Средняя (250-1000),"Docker, Git, Java, Kubernetes, Python, REST API, SQL",65000,81000,RUB
103310,2025-05-05,Data Analyst,Middle,Удалённо (Россия),Офис,Малая (50-250),"Git, Power BI, Python, SQL",76000,89000,RUB
101250,2025-05-05,Full-stack Developer,Junior,Москва,Удалённо,Малая (50-250),"Docker, Git, Node.js, SQL",62000,72000,RUB
100387,2025-05-05,Full-stack Developer,Middle,Москва,Офис,Крупная (1000+),"Docker, Git, JavaScript, Node.js, React, SQL",105000,121000,RUB
101213,2025-05-05,Backend Developer,Junior,Удалённо (Россия),Удалённо,Малая (50-250),"Docker, Git, PostgreSQL, Python, REST API",49000,57000,RUB
105639,2025-05-05,DevOps Engineer,Middle,Краснодар,Удалённо,Средняя (250-1000),"CI/CD, Git, Kubernetes, Linux, Terraform",65000,80000,RUB
100312,2025-05-06,QA Engineer,Middle,Удалённо (Россия),Гибрид,Стартап (<50),"Git, Manual Testing, SQL, Selenium",58000,72000,RUB
101174,2025-05-06,Data Analyst,Middle,Екатеринбург,Удалённо,Средняя (250-1000),"Excel, Git, Power BI, Python, SQL, Tableau",40000,47000,RUB
100720,2025-05-06,DevOps Engineer,Middle,Удалённо (Россия),Удалённо,Малая (50-250),"AWS, Git, Kubernetes, Terraform",150000,185000,RUB
105938,2025-05-06,Data Analyst,Middle,Санкт-Петербург,Офис,Средняя (250-1000),"Excel, Git, Power BI",67000,87000,RUB
105093,2025-05-06,DevOps Engineer,Junior,Москва,Удалённо,Средняя (250-1000),"AWS, CI/CD, Docker, Git, Terraform",63000,81000,RUB
104725,2025-05-06,Data Engineer,Junior,Казань,Офис,Малая (50-250),"Airflow, ClickHouse, Docker, Git, Python, Spark",37000,48000,RUB
104731,2025-05-07,DevOps Engineer,Middle,Санкт-Петербург,Гибрид,Стартап (<50),"AWS, CI/CD, Git, Kubernetes",89000,110000,RUB
103545,2025-05-07,Mobile Developer,Middle,Москва,Удалённо,Малая (50-250),"Git, Kotlin, REST API, SQL",113000,137000,RUB
102041,2025-05-07,System Analyst,Middle,Удалённо (Россия),Офис,Малая (50-250),"BPMN, Confluence, Git, Jira, SQL, UML",80000,97000,RUB
103204,2025-05-07,DevOps Engineer,Junior,Новосибирск,Гибрид,Средняя (250-1000),"CI/CD, Docker, Git, Terraform",54000,72000,RUB
102285,2025-05-07,QA Engineer,Senior,Новосибирск,Офис,Стартап (<50),"Git, Python, SQL, Selenium",69000,89000,RUB
103316,2025-05-07,Data Engineer,Senior,Нижний Новгород,Гибрид,Малая (50-250),"ClickHouse, Git, Kafka, Python, SQL, Spark",97000,113000,RUB
105428,2025-05-07,ML Engineer,Middle,Санкт-Петербург,Офис,Малая (50-250),"Git, Kubernetes, MLflow, TensorFlow",117000,136000,RUB
102515,2025-05-07,Mobile Developer,Lead,Москва,Удалённо,Малая (50-250),"Git, REST API, SQL",210000,274000,RUB
100282,2025-05-08,Mobile Developer,Junior,Москва,Офис,Малая (50-250),"Git, Kotlin, REST API, SQL, Swift",60000,70000,RUB
105738,2025-05-08,System Analyst,Middle,Санкт-Петербург,Гибрид,Малая (50-250),"BPMN, Git, Jira, SQL, UML",75000,88000,RUB
101394,2025-05-08,Full-stack Developer,Junior,Нижний Новгород,Гибрид,Малая (50-250),"Docker, Git, JavaScript, Node.js, React",30000,35000,RUB
101841,2025-05-08,System Analyst,Lead,Удалённо (Россия),Гибрид,Средняя (250-1000),"Confluence, Git, Jira, SQL",180000,225000,RUB
104444,2025-05-08,DevOps Engineer,Middle,Казань,Удалённо,Средняя (250-1000),"CI/CD, Docker, Git",85000,102000,RUB
101060,2025-05-09,ML Engineer,Senior,Москва,Офис,Средняя (250-1000),"Docker, Git, Kubernetes, MLflow, PyTorch, TensorFlow",191000,231000,RUB
101230,2025-05-09,Backend Developer,Middle,Москва,Гибрид,Малая (50-250),"Docker, Git, Java, Kubernetes, PostgreSQL, Python, REST API",119000,154000,RUB
101109,2025-05-09,Mobile Developer,Middle,Санкт-Петербург,Удалённо,Средняя (250-1000),"Git, Kotlin, REST API, SQL, Swift",109000,141000,RUB
100349,2025-05-09,ML Engineer,Middle,Москва,Удалённо,Малая (50-250),"Git, Kubernetes, PyTorch, Python, TensorFlow",131000,152000,RUB
105811,2025-05-10,Backend Developer,Senior,Нижний Новгород,Гибрид,Малая (50-250),"Git, Java, REST API, SQL",110000,140000,RUB
100842,2025-05-10,Data Engineer,Junior,Нижний Новгород,Офис,Стартап (<50),"Airflow, ClickHouse, Git, Python, SQL",32000,42000,RUB
101936,2025-05-11,Mobile Developer,Junior,Новосибирск,Удалённо,Стартап (<50),"Git, Kotlin, REST API, SQL, Swift",40000,49000,RUB
104840,2025-05-11,QA Engineer,Junior,Удалённо (Россия),Удалённо,Малая (50-250),"Git, Postman, Python, SQL, Selenium",39000,49000,RUB
101298,2025-05-11,Mobile Developer,Junior,Екатеринбург,Гибрид,Крупная (1000+),"Git, Kotlin, Swift",39000,51000,RUB
101586,2025-05-11,Full-stack Developer,Senior,Москва,Гибрид,Стартап (<50),"Git, JavaScript, React, SQL",148000,185000,RUB
104505,2025-05-11,Data Analyst,Lead,Краснодар,Офис,Малая (50-250),"Excel, Git, Power BI, Tableau",94000,109000,RUB
100976,2025-05-11,Data Engineer,Junior,Казань,Офис,Средняя (250-1000),"Airflow, ClickHouse, Git, SQL, Spark",36000,46000,RUB
104205,2025-05-11,DevOps Engineer,Junior,Москва,Офис,Малая (50-250),"AWS, CI/CD, Docker, Git",50000,62000,RUB
105317,2025-05-12,Data Engineer,Senior,Санкт-Петербург,Офис,Малая (50-250),"Airflow, Docker, Python, SQL",147000,185000,RUB
101649,2025-05-12,Data Analyst,Senior,Удалённо (Россия),Офис,Средняя (250-1000),"Excel, Git, Power BI, Python, SQL",111000,141000,RUB
103932,2025-05-12,Mobile Developer,Middle,Санкт-Петербург,Гибрид,Стартап (<50),"Git, Kotlin, REST API, SQL, Swift",80000,101000,RUB
100932,2025-05-12,Data Engineer,Senior,Удалённо (Россия),Гибрид,Стартап (<50),"Docker, Git, Python, Spark",158000,201000,RUB
104772,2025-05-12,DevOps Engineer,Senior,Москва,Гибрид,Средняя (250-1000),"AWS, CI/CD, Git, Terraform",202000,237000,RUB
102591,2025-05-12,ML Engineer,Senior,Удалённо (Россия),Гибрид,Малая (50-250),"Docker, Git, MLflow, PyTorch, Python, TensorFlow",172000,201000,RUB
104785,2025-05-13,Frontend Developer,Lead,Удалённо (Россия),Офис,Стартап (<50),"CSS, Git, HTML, JavaScript, React, TypeScript",148000,179000,RUB
104793,2025-05-13,Full-stack Developer,Middle,Удалённо (Россия),Удалённо,Крупная (1000+),"Docker, Git, JavaScript, Node.js, React, SQL",126000,158000,RUB
104973,2025-05-13,Frontend Developer,Lead,Москва,Удалённо,Стартап (<50),"Git, React, TypeScript",183000,215000,RUB
102473,2025-05-13,Data Scientist,Senior,Краснодар,Гибрид,Средняя (250-1000),"Docker, Git, Pandas, PyTorch, SQL, Scikit-learn, Statistics",120000,138000,RUB
100857,2025-05-14,Data Scientist,Junior,Санкт-Петербург,Офис,Малая (50-250),"Docker, Git, PyTorch, Python, Scikit-learn",64000,84000,RUB
102580,2025-05-14,Full-stack Developer,Middle,Казань,Офис,Средняя (250-1000),"Git, Node.js, React, SQL",53000,71000,RUB
101267,2025-05-14,Data Scientist,Middle,Москва,Гибрид,Малая (50-250),"Git, PyTorch, Python, Statistics",127000,161000,RUB
104624,2025-05-15,System Analyst,Senior,Казань,Удалённо,Средняя (250-1000),"Git, Jira, UML",121000,152000,RUB
105866,2025-05-15,ML Engineer,Middle,Удалённо (Россия),Гибрид,Стартап (<50),"Git, Kubernetes, MLflow, PyTorch, Python",98000,119000,RUB
101729,2025-05-15,Frontend Developer,Junior,Новосибирск,Удалённо,Средняя (250-1000),"CSS, Git, HTML, React, TypeScript",40000,46000,RUB
102383,2025-05-15,Mobile Developer,Senior,Москва,Гибрид,Крупная (1000+),"Git, Kotlin, REST API, SQL",196000,248000,RUB
103675,2025-05-15,Frontend Developer,Middle,Москва,Гибрид,Средняя (250-1000),"CSS, Git, HTML, JavaScript, React, TypeScript",127000,146000,RUB
104576,2025-05-16,Data Analyst,Junior,Удалённо (Россия),Удалённо,Малая (50-250),"Excel, Git, Python, Tableau",49000,62000,RUB
105416,2025-05-16,Full-stack Developer,Junior,Новосибирск,Гибрид,Стартап (<50),"Docker, Git, JavaScript, Node.js, SQL",31000,37000,RUB
105749,2025-05-16,Backend Developer,Junior,Краснодар,Гибрид,Средняя (250-1000),"Git, Java, PostgreSQL, Python, REST API, SQL",33000,44000,RUB
105354,2025-05-16,System Analyst,Senior,Москва,Гибрид,Малая (50-250),"BPMN, Confluence, Git, Jira",175000,230000,RUB
105566,2025-05-16,ML Engineer,Middle,Москва,Удалённо,Малая (50-250),"Docker, Git, MLflow, Python, TensorFlow",142000,189000,RUB
103395,2025-05-16,Backend Developer,Middle,Санкт-Петербург,Офис,Малая (50-250),"Docker, Git, Java, Kubernetes, PostgreSQL, REST API",88000,105000,RUB
103256,2025-05-16,Mobile Developer,Middle,Краснодар,Гибрид,Малая (50-250),"Git, Kotlin, SQL, Swift",46000,56000,RUB
105020,2025-05-17,Full-stack Developer,Senior,Москва,Удалённо,Крупная (1000+),"Docker, Git, Node.js, React",212000,270000,RUB
103973,2025-05-17,Data Engineer,Junior,Санкт-Петербург,Офис,Малая (50-250),"Airflow, Docker, Git, Kafka, SQL",50000,64000,RUB
103974,2025-05-17,Full-stack Developer,Junior,Санкт-Петербург,Офис,Малая (50-250),"Git, JavaScript, Node.js, SQL",45000,54000,RUB
105781,2025-05-17,System Analyst,Middle,Удалённо (Россия),Офис,Малая (50-250),"BPMN, Confluence, Git, UML",75000,92000,RUB
104126,2025-05-17,Data Engineer,Lead,Санкт-Петербург,Удалённо,Малая (50-250),"Docker, Git, Kafka, Spark",223000,285000,RUB
105567,2025-05-17,Data Engineer,Middle,Казань,Удалённо,Крупная (1000+),"ClickHouse, Git, Kafka, Python, Spark",80000,94000,RUB
102132,2025-05-17,Backend Developer,Senior,Нижний Новгород,Гибрид,Средняя (250-1000),"Docker, Git, Kubernetes, PostgreSQL, Python, REST API",114000,146000,RUB
103761,2025-05-17,Data Engineer,Junior,Удалённо (Россия),Офис,Стартап (<50),"Airflow, ClickHouse, Git, Python, SQL",53000,70000,RUB
104364,2025-05-17,ML Engineer,Senior,Удалённо (Россия),Офис,Крупная (1000+),"Git, Kubernetes, MLflow, TensorFlow",238000,281000,RUB
101816,2025-05-17,Data Scientist,Middle,Санкт-Петербург,Офис,Средняя (250-1000),"Git, Pandas, Python, SQL, Statistics",103000,138000,RUB
101179,2025-05-17,Frontend Developer,Junior,Новосибирск,Гибрид,Средняя (250-1000),"CSS, Git, HTML, JavaScript, React, TypeScript",35000,40000,RUB
100559,2025-05-17,Full-stack Developer,Lead,Москва,Гибрид,Средняя (250-1000),"Git, React, SQL",212000,280000,RUB
102026,2025-05-17,DevOps Engineer,Senior,Санкт-Петербург,Офис,Средняя (250-1000),"AWS, CI/CD, Docker, Git, Linux, Terraform",160000,192000,RUB
100093,2025-05-18,QA Engineer,Junior,Москва,Офис,Малая (50-250),"Git, Postman, Python",34000,42000,RUB
101291,2025-05-18,DevOps Engineer,Lead,Удалённо (Россия),Офис,Малая (50-250),"AWS, Docker, Git, Linux, Terraform",242000,316000,RUB
105886,2025-05-18,Data Scientist,Junior,Краснодар,Удалённо,Малая (50-250),"Docker, Git, PyTorch, Statistics",37000,49000,RUB
104636,2025-05-18,Product Manager,Middle,Екатеринбург,Удалённо,Средняя (250-1000),"Agile, Confluence, Git, Jira, SQL",86000,111000,RUB
102172,2025-05-18,Full-stack Developer,Middle,Москва,Удалённо,Малая (50-250),"JavaScript, Node.js, React",119000,144000,RUB
105298,2025-05-18,QA Engineer,Middle,Удалённо (Россия),Гибрид,Стартап (<50),"Git, Manual Testing, Postman, Python, SQL, Selenium",80000,103000,RUB
101711,2025-05-18,Data Engineer,Senior,Краснодар,Гибрид,Средняя (250-1000),"ClickHouse, Git, Kafka, Python, SQL",126000,153000,RUB
105116,2025-05-18,Full-stack Developer,Middle,Москва,Удалённо,Малая (50-250),"Docker, Git, JavaScript, React, SQL",120000,155000,RUB
101128,2025-05-19,Full-stack Developer,Middle,Удалённо (Россия),Офис,Средняя (250-1000),"Git, JavaScript, React",116000,151000,RUB
101026,2025-05-19,QA Engineer,Junior,Новосибирск,Гибрид,Средняя (250-1000),"Git, Manual Testing, Postman, Python, SQL, Selenium",30000,35000,RUB
101330,2025-05-19,ML Engineer,Senior,Удалённо (Россия),Гибрид,Крупная (1000+),"Git, PyTorch, TensorFlow",229000,308000,RUB
105685,2025-05-19,QA Engineer,Senior,Новосибирск,Гибрид,Стартап (<50),"Git, Postman, SQL, Selenium",69000,92000,RUB
102358,2025-05-19,Frontend Developer,Middle,Москва,Удалённо,Малая (50-250),"CSS, Git, HTML, JavaScript, React, TypeScript",84000,106000,RUB
102249,2025-05-19,Full-stack Developer,Middle,Казань,Офис,Стартап (<50),"Git, JavaScript, Node.js, React",67000,79000,RUB
101659,2025-05-19,Frontend Developer,Middle,Удалённо (Россия),Гибрид,Средняя (250-1000),"CSS, Git, React, TypeScript",91000,105000,RUB
104129,2025-05-20,QA Engineer,Senior,Удалённо (Россия),Офис,Стартап (<50),"Git, Manual Testing, Postman, Python, Selenium",100000,133000,RUB
101450,2025-05-20,Product Manager,Junior,Санкт-Петербург,Офис,Малая (50-250),"Confluence, Git, SQL",46000,60000,RUB
100125,2025-05-20,Data Analyst,Senior,Удалённо (Россия),Удалённо,Стартап (<50),"Git, Python, Tableau",126000,165000,RUB
100215,2025-05-20,QA Engineer,Middle,Санкт-Петербург,Гибрид,Малая (50-250),"Git, Manual Testing, SQL, Selenium",53000,68000,RUB
102624,2025-05-20,Mobile Developer,Middle,Нижний Новгород,Гибрид,Малая (50-250),"Git, Kotlin, REST API, SQL, Swift",52000,67000,RUB
101707,2025-05-20,Data Analyst,Middle,Санкт-Петербург,Гибрид,Крупная (1000+),"Power BI, Python, SQL",88000,115000,RUB
100530,2025-05-20,QA Engineer,Lead,Москва,Гибрид,Стартап (<50),"Git, Postman, Python, SQL",168000,210000,RUB
105138,2025-05-21,Data Scientist,Junior,Екатеринбург,Удалённо,Средняя (250-1000),"Git, Pandas, PyTorch, Python, SQL, Statistics",48000,56000,RUB
100994,2025-05-21,Mobile Developer,Middle,Москва,Гибрид,Стартап (<50),"Git, Kotlin, SQL, Swift",118000,139000,RUB
100603,2025-05-21,Mobile Developer,Lead,Екатеринбург,Офис,Крупная (1000+),"Git, Kotlin, SQL, Swift",165000,219000,RUB
104089,2025-05-21,Backend Developer,Junior,Москва,Гибрид,Средняя (250-1000),"Docker, Git, Java, Kubernetes, Python, SQL",59000,70000,RUB
102134,2025-05-21,DevOps Engineer,Middle,Москва,Офис,Средняя (250-1000),"AWS, CI/CD, Git, Kubernetes, Terraform",105000,137000,RUB
100649,2025-05-21,Data Scientist,Senior,Краснодар,Гибрид,Малая (50-250),"Git, Pandas, PyTorch",120000,154000,RUB
103411,2025-05-21,Data Engineer,Junior,Санкт-Петербург,Офис,Малая (50-250),"ClickHouse, Docker, Git, Spark",40000,51000,RUB
104111,2025-05-22,QA Engineer,Senior,Санкт-Петербург,Офис,Стартап (<50),"Git, Manual Testing, Postman, Python, SQL, Selenium",100000,131000,RUB
103452,2025-05-22,Data Analyst,Junior,Краснодар,Удалённо,Средняя (250-1000),"Excel, Git, Power BI, Python, SQL, Tableau",30000,38000,RUB
103874,2025-05-22,System Analyst,Senior,Москва,Удалённо,Стартап (<50),"Confluence, Git, Jira, SQL, UML",139000,177000,RUB
101416,2025-05-22,Frontend Developer,Junior,Новосибирск,Удалённо,Средняя (250-1000),"CSS, Git, HTML, TypeScript",32000,40000,RUB
100503,2025-05-22,Product Manager,Middle,Удалённо (Россия),Офис,Крупная (1000+),"Agile, Analytics, Git, Jira",119000,141000,RUB
100355,2025-05-22,Backend Developer,Junior,Санкт-Петербург,Офис,Стартап (<50),"Git, Java, PostgreSQL, Python, SQL",52000,66000,RUB
103845,2025-05-22,QA Engineer,Lead,Удалённо (Россия),Гибрид,Малая (50-250),"Manual Testing, Python, SQL",130000,165000,RUB
103266,2025-05-22,Data Analyst,Junior,Москва,Удалённо,Стартап (<50),"Excel, Git, SQL, Tableau",52000,67000,RUB
103980,2025-05-23,Product Manager,Middle,Удалённо (Россия),Гибрид,Малая (50-250),"Agile, Analytics, Confluence, Git, Jira, SQL",106000,140000,RUB
103594,2025-05-23,Backend Developer,Senior,Екатеринбург,Офис,Малая (50-250),"Docker, Git, Java, PostgreSQL, Python",91000,104000,RUB
103209,2025-05-23,Data Scientist,Junior,Москва,Офис,Стартап (<50),"Docker, Git, Pandas, PyTorch, Python, SQL",55000,70000,RUB
105628,2025-05-23,System Analyst,Junior,Нижний Новгород,Гибрид,Средняя (250-1000),"BPMN, Git, Jira, SQL, UML",38000,46000,RUB
100000,2025-05-23,System Analyst,Senior,Санкт-Петербург,Гибрид,Стартап (<50),"BPMN, Confluence, Git, Jira, SQL, UML",136000,179000,RUB
100389,2025-05-23,Frontend Developer,Junior,Москва,Офис,Малая (50-250),"CSS, Git, HTML, JavaScript, React",44000,58000,RUB
101763,2025-05-23,Backend Developer,Lead,Москва,Офис,Средняя (250-1000),"Docker, Git, PostgreSQL, REST API, SQL",222000,280000,RUB
103008,2025-05-23,Backend Developer,Senior,Москва,Офис,Крупная (1000+),"Docker, Git, PostgreSQL, Python, REST API, SQL",190000,252000,RUB
102284,2025-05-23,DevOps Engineer,Senior,Москва,Офис,Малая (50-250),"Git, Kubernetes, Terraform",226000,279000,RUB
101881,2025-05-24,Data Scientist,Middle,Москва,Удалённо,Стартап (<50),"Docker, Git, SQL, Scikit-learn, Statistics",98000,119000,RUB
101564,2025-05-24,DevOps Engineer,Senior,Санкт-Петербург,Гибрид,Стартап (<50),"Docker, Git, Linux, Terraform",141000,191000,RUB
102344,2025-05-24,Frontend Developer,Middle,Москва,Удалённо,Средняя (250-1000),"CSS, Git, HTML, TypeScript",100000,129000,RUB
101427,2025-05-24,System Analyst,Middle,Москва,Гибрид,Стартап (<50),"BPMN, Confluence, Git, Jira, SQL, UML",100000,127000,RUB
101324,2025-05-25,Backend Developer,Junior,Казань,Офис,Средняя (250-1000),"Docker, Git, Kubernetes, Python, REST API, SQL",41000,54000,RUB
100457,2025-05-25,Data Analyst,Middle,Новосибирск,Гибрид,Крупная (1000+),"Excel, Git, Power BI, Python, SQL, Tableau",66000,81000,RUB
101531,2025-05-25,Data Analyst,Junior,Москва,Гибрид,Малая (50-250),"Excel, Git, Power BI, Python, SQL, Tableau",49000,63000,RUB
101433,2025-05-25,Mobile Developer,Middle,Санкт-Петербург,Гибрид,Средняя (250-1000),"Git, Kotlin, SQL",89000,116000,RUB
105852,2025-05-26,Data Analyst,Junior,Москва,Гибрид,Малая (50-250),"Excel, Git, Power BI, Python, SQL, Tableau",44000,51000,RUB
104123,2025-05-26,Mobile Developer,Middle,Краснодар,Удалённо,Малая (50-250),"Git, Kotlin, REST API, SQL, Swift",52000,69000,RUB
105071,2025-05-26,Full-stack Developer,Lead,Москва,Гибрид,Малая (50-250),"JavaScript, Node.js, React, SQL",217000,287000,RUB
103797,2025-05-26,DevOps Engineer,Senior,Удалённо (Россия),Офис,Крупная (1000+),"Docker, Git, Kubernetes",176000,233000,RUB
102955,2025-05-26,Data Analyst,Senior,Казань,Гибрид,Крупная (1000+),"Excel, Git, Power BI",105000,137000,RUB
103479,2025-05-27,Backend Developer,Middle,Краснодар,Офис,Стартап (<50),"Docker, Git, Java, Kubernetes, Python",63000,84000,RUB
104806,2025-05-27,Data Scientist,Middle,Москва,Офис,Малая (50-250),"Docker, Git, Pandas, PyTorch, Python, SQL",113000,131000,RUB
104808,2025-05-27,QA Engineer,Lead,Москва,Гибрид,Средняя (250-1000),"Git, Manual Testing, Postman, Python, SQL",190000,240000,RUB
100648,2025-05-27,Data Engineer,Middle,Екатеринбург,Гибрид,Стартап (<50),"Airflow, Docker, Git, Python, SQL, Spark",71000,88000,RUB
101579,2025-05-27,Backend Developer,Junior,Удалённо (Россия),Гибрид,Малая (50-250),"Git, Java, Kubernetes, PostgreSQL, Python, REST API, SQL",46000,53000,RUB
103002,2025-05-27,Backend Developer,Senior,Москва,Офис,Крупная (1000+),"Docker, Git, Java, REST API",206000,274000,RUB
102546,2025-05-28,System Analyst,Junior,Санкт-Петербург,Офис,Малая (50-250),"BPMN, Confluence, Git, Jira, SQL, UML",30000,35000,RUB
101096,2025-05-28,Backend Developer,Junior,Москва,Удалённо,Крупная (1000+),"Docker, Git, Kubernetes, PostgreSQL, REST API, SQL",69000,92000,RUB
100989,2025-05-28,System Analyst,Middle,Санкт-Петербург,Офис,Стартап (<50),"BPMN, Confluence, Git, Jira, SQL, UML",59000,78000,RUB
104650,2025-05-28,QA Engineer,Middle,Москва,Офис,Средняя (250-1000),"Git, Postman, SQL",84000,111000,RUB
100552,2025-05-28,Data Engineer,Middle,Санкт-Петербург,Офис,Малая (50-250),"Airflow, ClickHouse, Git, Kafka, SQL",75000,87000,RUB
100659,2025-05-28,System Analyst,Lead,Новосибирск,Удалённо,Малая (50-250),"Git, Jira, SQL, UML",133000,174000,RUB
102361,2025-05-28,Backend Developer,Middle,Удалённо (Россия),Гибрид,Стартап (<50),"Git, REST API, SQL",86000,107000,RUB
104926,2025-05-28,Product Manager,Middle,Екатеринбург,Офис,Малая (50-250),"Agile, Confluence, Git, Jira",80000,97000,RUB
101001,2025-05-29,Data Scientist,Middle,Удалённо (Россия),Офис,Стартап (<50),"Git, PyTorch, Python, SQL, Scikit-learn",90000,114000,RUB
102498,2025-05-29,DevOps Engineer,Junior,Санкт-Петербург,Гибрид,Стартап (<50),"Docker, Git, Kubernetes, Terraform",50000,60000,RUB
100447,2025-05-29,DevOps Engineer,Senior,Удалённо (Россия),Удалённо,Малая (50-250),"AWS, Docker, Git, Linux",173000,227000,RUB
101079,2025-05-29,Backend Developer,Middle,Удалённо (Россия),Гибрид,Крупная (1000+),"Docker, Git, Python, REST API, SQL",119000,153000,RUB
101677,2025-05-29,Mobile Developer,Middle,Екатеринбург,Офис,Средняя (250-1000),"Git, Kotlin, REST API",76000,91000,RUB
103903,2025-05-29,Data Scientist,Senior,Москва,Офис,Крупная (1000+),"Docker, Git, Pandas, PyTorch, Python, SQL, Scikit-learn",174000,234000,RUB
100304,2025-05-29,Full-stack Developer,Middle,Москва,Офис,Крупная (1000+),"Git, JavaScript, Node.js, SQL",100000,120000,RUB
101577,2025-05-29,Data Engineer,Senior,Удалённо (Россия),Удалённо,Крупная (1000+),"Docker, Git, SQL, Spark",212000,269000,RUB
104480,2025-05-29,Data Engineer,Junior,Удалённо (Россия),Удалённо,Стартап (<50),"Airflow, Docker, Git, Kafka, Python, SQL, Spark",74000,88000,RUB
104025,2025-05-29,Data Engineer,Senior,Москва,Удалённо,Малая (50-250),"Docker, Git, Python",174000,205000,RUB
103155,2025-05-29,Data Scientist,Middle,Удалённо (Россия),Гибрид,Средняя (250-1000),"Git, PyTorch, SQL, Scikit-learn, Statistics",105000,122000,RUB
102702,2025-05-30,Full-stack Developer,Middle,Москва,Офис,Средняя (250-1000),"Docker, Git, JavaScript, Node.js, React, SQL",108000,145000,RUB
104283,2025-05-30,QA Engineer,Junior,Москва,Удалённо,Малая (50-250),"Git, Manual Testing, Postman, Python, SQL, Selenium",37000,47000,RUB
104017,2025-05-30,Frontend Developer,Senior,Екатеринбург,Гибрид,Стартап (<50),"CSS, Git, HTML, JavaScript, React, TypeScript",90000,113000,RUB
101828,2025-05-30,Full-stack Developer,Middle,Удалённо (Россия),Офис,Малая (50-250),"Docker, Git, JavaScript, Node.js, React",63000,73000,RUB
102391,2025-05-30,ML Engineer,Junior,Новосибирск,Удалённо,Малая (50-250),"Git, Kubernetes, MLflow, PyTorch",52000,61000,RUB
102989,2025-05-30,Data Analyst,Senior,Москва,Гибрид,Крупная (1000+),"Excel, Git, Python, SQL",168000,219000,RUB
104705,2025-05-30,Data Analyst,Middle,Нижний Новгород,Офис,Средняя (250-1000),"Excel, Git, Power BI, Python, SQL, Tableau",47000,61000,RUB
104108,2025-05-31,Data Analyst,Middle,Москва,Офис,Крупная (1000+),"Excel, Git, Power BI, Python, SQL, Tableau",102000,137000,RUB
100050,2025-05-31,QA Engineer,Lead,Удалённо (Россия),Офис,Малая (50-250),"Git, Python, SQL, Selenium",149000,186000,RUB
103448,2025-05-31,Data Engineer,Senior,Санкт-Петербург,Офис,Малая (50-250),"Airflow, ClickHouse, Git, Kafka, Python, SQL, Spark",180000,230000,RUB
105123,2025-05-31,ML Engineer,Middle,Москва,Офис,Стартап (<50),"Docker, Git, Kubernetes, MLflow, PyTorch, Python, TensorFlow",125000,155000,RUB
102981,2025-05-31,System Analyst,Junior,Москва,Офис,Стартап (<50),"BPMN, Git, Jira, SQL, UML",51000,66000,RUB
100379,2025-05-31,Frontend Developer,Middle,Екатеринбург,Удалённо,Крупная (1000+),"CSS, Git, HTML, JavaScript, React, TypeScript",56000,65000,RUB
105299,2025-05-31,QA Engineer,Junior,Новосибирск,Удалённо,Стартап (<50),"Git, Manual Testing, Postman, Python, SQL",30000,40000,RUB
105251,2025-06-01,Mobile Developer,Senior,Удалённо (Россия),Гибрид,Крупная (1000+),"Git, REST API, SQL, Swift",148000,176000,RUB
102255,2025-06-01,QA Engineer,Junior,Москва,Офис,Малая (50-250),"Git, Manual Testing, Postman, Python, SQL, Selenium",46000,60000,RUB
103466,2025-06-02,ML Engineer,Junior,Краснодар,Удалённо,Малая (50-250),"Docker, Git, MLflow",52000,65000,RUB
100296,2025-06-02,Full-stack Developer,Middle,Екатеринбург,Офис,Малая (50-250),"Docker, Git, Node.js, React",64000,76000,RUB
101818,2025-06-02,Data Scientist,Junior,Санкт-Петербург,Удалённо,Стартап (<50),"Git, Python, Statistics",60000,78000,RUB
104961,2025-06-02,QA Engineer,Middle,Удалённо (Россия),Гибрид,Средняя (250-1000),"Git, Manual Testing, Python, Selenium",68000,87000,RUB
100653,2025-06-02,Data Scientist,Middle,Москва,Гибрид,Средняя (250-1000),"Git, Pandas, SQL, Scikit-learn",145000,171000,RUB
102402,2025-06-02,Data Analyst,Senior,Москва,Гибрид,Стартап (<50),"Excel, Git, Power BI, Python, SQL, Tableau",135000,179000,RUB
103865,2025-06-03,Frontend Developer,Senior,Удалённо (Россия),Удалённо,Крупная (1000+),"CSS, Git, HTML, JavaScript, React, TypeScript",172000,203000,RUB
102581,2025-06-03,Data Analyst,Middle,Москва,Офис,Стартап (<50),"Git, Power BI, Python, SQL, Tableau",90000,111000,RUB
100331,2025-06-03,ML Engineer,Junior,Москва,Удалённо,Средняя (250-1000),"Git, Kubernetes, PyTorch, Python",67000,87000,RUB
100823,2025-06-03,Backend Developer,Junior,Краснодар,Офис,Стартап (<50),"Docker, Git, PostgreSQL, REST API, SQL",30000,40000,RUB
105620,2025-06-03,Frontend Developer,Senior,Нижний Новгород,Офис,Стартап (<50),"CSS, Git, HTML, JavaScript, React, TypeScript",87000,109000,RUB
105769,2025-06-03,System Analyst,Middle,Екатеринбург,Удалённо,Малая (50-250),"BPMN, Git, SQL",61000,80000,RUB
103156,2025-06-03,Backend Developer,Senior,Санкт-Петербург,Офис,Крупная (1000+),"Docker, Git, Java, Python, REST API",155000,194000,RUB
100035,2025-06-03,Full-stack Developer,Lead,Москва,Офис,Средняя (250-1000),"Docker, Git, JavaScript, React, SQL",268000,315000,RUB
103644,2025-06-04,Frontend Developer,Middle,Казань,Удалённо,Крупная (1000+),"CSS, JavaScript, React, TypeScript",55000,64000,RUB
104451,2025-06-04,Backend Developer,Middle,Москва,Офис,Крупная (1000+),"Docker, Git, Java, Kubernetes, SQL",120000,156000,RUB
101865,2025-06-04,QA Engineer,Middle,Москва,Офис,Малая (50-250),"Git, SQL, Selenium",64000,81000,RUB
100768,2025-06-04,ML Engineer,Middle,Москва,Офис,Крупная (1000+),"Docker, Git, Kubernetes, MLflow, Python, TensorFlow",144000,183000,RUB
103771,2025-06-04,Mobile Developer,Middle,Москва,Офис,Средняя (250-1000),"Git, REST API, SQL, Swift",110000,136000,RUB
103836,2025-06-04,System Analyst,Middle,Казань,Гибрид,Малая (50-250),"Confluence, Git, Jira, UML",75000,92000,RUB
104899,2025-06-05,QA Engineer,Senior,Москва,Офис,Малая (50-250),"Git, Manual Testing, Postman, Python, SQL, Selenium",166000,224000,RUB
100618,2025-06-05,Full-stack Developer,Middle,Москва,Удалённо,Малая (50-250),"Docker, Git, JavaScript, Node.js, React",92000,122000,RUB
105200,2025-06-05,System Analyst,Junior,Екатеринбург,Удалённо,Стартап (<50),"BPMN, Confluence, Git, Jira, SQL, UML",33000,41000,RUB
100583,2025-06-05,Mobile Developer,Middle,Москва,Удалённо,Малая (50-250),"Git, Kotlin, REST API, SQL, Swift",96000,115000,RUB
101467,2025-06-06,Data Analyst,Lead,Удалённо (Россия),Удалённо,Стартап (<50),"Excel, Git, Power BI, Python, SQL",168000,203000,RUB
103016,2025-06-06,Data Engineer,Senior,Санкт-Петербург,Гибрид,Малая (50-250),"Airflow, Git, Kafka, Python, SQL",153000,205000,RUB
102100,2025-06-06,Mobile Developer,Senior,Москва,Гибрид,Стартап (<50),"Git, Kotlin, REST API, SQL, Swift",173000,207000,RUB
105329,2025-06-06,Full-stack Developer,Middle,Казань,Удалённо,Средняя (250-1000),"Docker, Git, JavaScript, SQL",60000,75000,RUB
105293,2025-06-06,System Analyst,Junior,Москва,Гибрид,Малая (50-250),"Confluence, Git, Jira, UML",72000,89000,RUB
102757,2025-06-06,DevOps Engineer,Senior,Москва,Офис,Малая (50-250),"AWS, CI/CD, Docker, Git, Kubernetes, Linux",218000,271000,RUB
103119,2025-06-06,Data Scientist,Senior,Москва,Офис,Крупная (1000+),"Docker, Git, Pandas, SQL, Statistics",273000,322000,RUB
103047,2025-06-07,DevOps Engineer,Senior,Екатеринбург,Удалённо,Стартап (<50),"AWS, CI/CD, Docker, Git, Kubernetes, Terraform",128000,162000,RUB
104583,2025-06-07,Data Engineer,Senior,Санкт-Петербург,Удалённо,Средняя (250-1000),"ClickHouse, Docker, Git, Kafka, SQL, Spark",151000,198000,RUB
103938,2025-06-07,Data Scientist,Junior,Москва,Удалённо,Средняя (250-1000),"Git, Pandas, PyTorch, SQL, Scikit-learn, Statistics",73000,94000,RUB
101305,2025-06-07,QA Engineer,Middle,Санкт-Петербург,Гибрид,Стартап (<50),"Git, Manual Testing, Postman, Python, SQL, Selenium",59000,71000,RUB
105337,2025-06-07,DevOps Engineer,Senior,Москва,Офис,Малая (50-250),"AWS, CI/CD, Docker, Git, Kubernetes, Terraform",147000,187000,RUB
101070,2025-06-07,Full-stack Developer,Senior,Краснодар,Офис,Средняя (250-1000),"Docker, Git, JavaScript, Node.js, React, SQL",71000,90000,RUB
103812,2025-06-07,Data Analyst,Senior,Москва,Удалённо,Малая (50-250),"Excel, Git, Power BI, Python, SQL, Tableau",166000,194000,RUB
105951,2025-06-07,DevOps Engineer,Middle,Москва,Гибрид,Малая (50-250),"AWS, CI/CD, Git, Kubernetes, Linux",146000,194000,RUB
105657,2025-06-08,Data Scientist,Lead,Казань,Гибрид,Малая (50-250),"Docker, Git, Pandas, Python, SQL, Statistics",150000,201000,RUB
103507,2025-06-08,Backend Developer,Middle,Казань,Гибрид,Малая (50-250),"Git, Java, Kubernetes, PostgreSQL, Python, REST API",57000,72000,RUB
105022,2025-06-08,Data Scientist,Junior,Удалённо (Россия),Офис,Средняя (250-1000),"Docker, Git, SQL",75000,88000,RUB
103293,2025-06-08,Data Scientist,Lead,Удалённо (Россия),Гибрид,Крупная (1000+),"Docker, Git, Pandas, PyTorch, Scikit-learn, Statistics",229000,264000,RUB
105347,2025-06-08,Backend Developer,Junior,Санкт-Петербург,Офис,Стартап (<50),"Git, Kubernetes, REST API, SQL",38000,46000,RUB
104191,2025-06-08,ML Engineer,Senior,Санкт-Петербург,Офис,Малая (50-250),"Git, MLflow, PyTorch",144000,193000,RUB
104213,2025-06-09,Mobile Developer,Junior,Москва,Гибрид,Малая (50-250),"Git, Kotlin, REST API, SQL, Swift",56000,73000,RUB
104332,2025-06-09,Backend Developer,Senior,Удалённо (Россия),Офис,Стартап (<50),"Docker, Git, Java, Kubernetes, SQL",125000,145000,RUB
102929,2025-06-09,Full-stack Developer,Senior,Москва,Удалённо,Крупная (1000+),"Git, JavaScript, Node.js, React, SQL",183000,225000,RUB
105370,2025-06-09,Data Scientist,Junior,Екатеринбург,Офис,Малая (50-250),"Docker, Git, Pandas, PyTorch, Python, SQL",44000,59000,RUB
102811,2025-06-10,Frontend Developer,Middle,Москва,Офис,Стартап (<50),"CSS, Git, HTML, JavaScript, React",77000,92000,RUB
103977,2025-06-10,ML Engineer,Middle,Удалённо (Россия),Удалённо,Малая (50-250),"Git, Kubernetes, MLflow",106000,122000,RUB
104472,2025-06-10,Data Engineer,Junior,Удалённо (Россия),Удалённо,Малая (50-250),"Airflow, ClickHouse, Docker, Python, SQL",53000,62000,RUB
104800,2025-06-10,ML Engineer,Senior,Нижний Новгород,Офис,Малая (50-250),"Docker, Git, Kubernetes, MLflow, Python, TensorFlow",114000,154000,RUB
103004,2025-06-10,Data Scientist,Junior,Удалённо (Россия),Гибрид,Крупная (1000+),"Git, Python, Scikit-learn, Statistics",76000,103000,RUB
100081,2025-06-10,Data Analyst,Lead,Удалённо (Россия),Удалённо,Крупная (1000+),"Git, Power BI, Tableau",265000,317000,RUB
103141,2025-06-10,Data Scientist,Junior,Удалённо (Россия),Удалённо,Малая (50-250),"Git, Pandas, PyTorch, Python, SQL, Scikit-learn",70000,92000,RUB
101193,2025-06-10,Data Scientist,Senior,Удалённо (Россия),Гибрид,Малая (50-250),"Docker, Git, Pandas, PyTorch, Scikit-learn, Statistics",184000,223000,RUB
101098,2025-06-10,Data Scientist,Junior,Москва,Гибрид,Крупная (1000+),"Docker, Git, Pandas, PyTorch, Python, Scikit-learn",67000,87000,RUB
100789,2025-06-10,Data Scientist,Middle,Москва,Удалённо,Средняя (250-1000),"Git, Pandas, PyTorch, Python, Statistics",125000,169000,RUB
101602,2025-06-11,Full-stack Developer,Junior,Санкт-Петербург,Офис,Малая (50-250),"Git, Node.js, React, SQL",43000,57000,RUB
103955,2025-06-11,System Analyst,Junior,Удалённо (Россия),Гибрид,Малая (50-250),"BPMN, Confluence, Git, Jira, SQL, UML",52000,62000,RUB
103112,2025-06-11,Full-stack Developer,Lead,Москва,Удалённо,Стартап (<50),"Docker, Git, JavaScript, Node.js, React",183000,221000,RUB
105972,2025-06-11,Data Engineer,Senior,Москва,Гибрид,Малая (50-250),"Airflow, ClickHouse, Docker, Kafka, SQL, Spark",164000,210000,RUB
100634,2025-06-12,Data Analyst,Senior,Екатеринбург,Удалённо,Крупная (1000+),"Excel, Git, Python, SQL",124000,159000,RUB
102884,2025-06-12,Data Scientist,Junior,Екатеринбург,Офис,Малая (50-250),"Docker, Git, Pandas, Statistics",39000,49000,RUB
103182,2025-06-12,System Analyst,Middle,Москва,Офис,Крупная (1000+),"BPMN, Confluence, Git, UML",122000,156000,RUB
103876,2025-06-12,Frontend Developer,Middle,Москва,Офис,Стартап (<50),"CSS, Git, HTML, React",86000,102000,RUB
103699,2025-06-13,DevOps Engineer,Senior,Москва,Удалённо,Малая (50-250),"AWS, CI/CD, Git, Kubernetes, Linux, Terraform",175000,205000,RUB
103909,2025-06-13,Backend Developer,Junior,Удалённо (Россия),Гибрид,Малая (50-250),"Git, PostgreSQL, Python, SQL",41000,51000,RUB
100424,2025-06-13,Frontend Developer,Junior,Нижний Новгород,Удалённо,Малая (50-250),"CSS, Git, HTML, JavaScript, React, TypeScript",30000,36000,RUB
100557,2025-06-13,Frontend Developer,Middle,Санкт-Петербург,Гибрид,Крупная (1000+),"Git, HTML, JavaScript, TypeScript",85000,101000,RUB
102637,2025-06-13,System Analyst,Junior,Удалённо (Россия),Гибрид,Малая (50-250),"BPMN, Confluence, Git, SQL, UML",53000,62000,RUB
100033,2025-06-13,Data Scientist,Junior,Москва,Гибрид,Средняя (250-1000),"Git, Pandas, PyTorch, Python, SQL",80000,102000,RUB
103769,2025-06-14,Backend Developer,Middle,Удалённо (Россия),Офис,Малая (50-250),"Docker, Git, Kubernetes, PostgreSQL, Python, SQL",84000,98000,RUB
105654,2025-06-14,Data Analyst,Middle,Москва,Удалённо,Стартап (<50),"Excel, Git, Power BI, Python, SQL, Tableau",92000,120000,RUB
101310,2025-06-14,Product Manager,Middle,Екатеринбург,Гибрид,Крупная (1000+),"Analytics, Confluence, Git, Jira, SQL",81000,93000,RUB
101686,2025-06-14,Backend Developer,Middle,Казань,Гибрид,Средняя (250-1000),"Git, Java, PostgreSQL, Python, SQL",71000,83000,RUB
100666,2025-06-14,DevOps Engineer,Lead,Удалённо (Россия),Офис,Крупная (1000+),"AWS, CI/CD, Docker, Git, Linux, Terraform",264000,342000,RUB
105520,2025-06-15,Full-stack Developer,Senior,Удалённо (Россия),Гибрид,Крупная (1000+),"Docker, Git, JavaScript, Node.js, React, SQL",191000,220000,RUB
104946,2025-06-15,QA Engineer,Junior,Удалённо (Россия),Гибрид,Малая (50-250),"Git, Manual Testing, Python, SQL, Selenium",36000,48000,RUB
100348,2025-06-16,Mobile Developer,Senior,Москва,Гибрид,Малая (50-250),"Git, Kotlin, REST API, Swift",196000,251000,RUB
101219,2025-06-16,Data Analyst,Junior,Москва,Офис,Стартап (<50),"Excel, Git, Power BI, Python, SQL, Tableau",47000,62000,RUB
100946,2025-06-16,QA Engineer,Middle,Москва,Офис,Стартап (<50),"Git, Postman, Python, SQL, Selenium",65000,86000,RUB
105929,2025-06-16,Full-stack Developer,Middle,Удалённо (Россия),Офис,Крупная (1000+),"Docker, Git, JavaScript, Node.js, React, SQL",102000,137000,RUB
103649,2025-06-16,Mobile Developer,Junior,Удалённо (Россия),Удалённо,Крупная (1000+),"Git, SQL, Swift",53000,63000,RUB
102153,2025-06-16,Full-stack Developer,Lead,Казань,Офис,Стартап (<50),"Docker, Git, JavaScript, Node.js, React, SQL",130000,162000,RUB
100749,2025-06-16,Frontend Developer,Senior,Москва,Офис,Малая (50-250),"CSS, Git, HTML, JavaScript, React",166000,193000,RUB
101571,2025-06-16,Data Engineer,Middle,Москва,Удалённо,Средняя (250-1000),"Docker, Git, Kafka, Python, Spark",99000,129000,RUB
105564,2025-06-16,Data Engineer,Middle,Москва,Гибрид,Средняя (250-1000),"Airflow, Docker, Git, Kafka, Python, SQL, Spark",103000,123000,RUB
102418,2025-06-17,Frontend Developer,Junior,Удалённо (Россия),Гибрид,Крупная (1000+),"CSS, Git, HTML, JavaScript, React, TypeScript",56000,72000,RUB
105366,2025-06-17,ML Engineer,Middle,Удалённо (Россия),Офис,Средняя (250-1000),"Git, Kubernetes, PyTorch, TensorFlow",99000,126000,RUB
103056,2025-06-17,ML Engineer,Middle,Санкт-Петербург,Удалённо,Средняя (250-1000),"Docker, Git, Kubernetes, MLflow, Python",121000,155000,RUB
104628,2025-06-17,Frontend Developer,Middle,Краснодар,Гибрид,Средняя (250-1000),"CSS, Git, HTML, JavaScript, React, TypeScript",53000,63000,RUB
103221,2025-06-18,Full-stack Developer,Middle,Москва,Удалённо,Малая (50-250),"Docker, Git, JavaScript, Node.js",95000,128000,RUB
105830,2025-06-18,Data Analyst,Middle,Удалённо (Россия),Офис,Малая (50-250),"Excel, Git, Python, SQL, Tableau",71000,84000,RUB
104991,2025-06-18,Backend Developer,Junior,Удалённо (Россия),Офис,Стартап (<50),"Docker, Git, Kubernetes, PostgreSQL, REST API",51000,65000,RUB
104376,2025-06-19,Frontend Developer,Senior,Новосибирск,Удалённо,Средняя (250-1000),"Git, HTML, JavaScript, React, TypeScript",127000,155000,RUB
104047,2025-06-19,Mobile Developer,Senior,Новосибирск,Офис,Средняя (250-1000),"Git, Kotlin, REST API, SQL, Swift",103000,134000,RUB
103318,2025-06-19,Product Manager,Middle,Москва,Удалённо,Средняя (250-1000),"Analytics, Confluence, Git, Jira, SQL",103000,121000,RUB
105742,2025-06-19,ML Engineer,Junior,Удалённо (Россия),Офис,Крупная (1000+),"Docker, Git, Kubernetes, MLflow, PyTorch, TensorFlow",74000,86000,RUB
104146,2025-06-20,Data Analyst,Junior,Казань,Гибрид,Малая (50-250),"Excel, Git, Power BI, Python, SQL, Tableau",32000,41000,RUB
101832,2025-06-20,QA Engineer,Middle,Москва,Офис,Стартап (<50),"Git, Python, SQL, Selenium",63000,85000,RUB
100713,2025-06-20,Data Analyst,Lead,Екатеринбург,Удалённо,Малая (50-250),"Excel, Git, Power BI, SQL, Tableau",92000,110000,RUB
100176,2025-06-20,Data Engineer,Senior,Санкт-Петербург,Удалённо,Малая (50-250),"Airflow, ClickHouse, Docker, Git, Python, SQL",196000,258000,RUB
104262,2025-06-21,QA Engineer,Middle,Удалённо (Россия),Офис,Крупная (1000+),"Git, Postman, Python, Selenium",68000,87000,RUB
102411,2025-06-21,Data Scientist,Lead,Москва,Офис,Стартап (<50),"Git, PyTorch, Python, SQL, Scikit-learn",233000,278000,RUB
102938,2025-06-21,Data Analyst,Middle,Москва,Гибрид,Стартап (<50),"Excel, Git, Power BI, SQL",96000,112000,RUB
102144,2025-06-22,Full-stack Developer,Junior,Удалённо (Россия),Удалённо,Малая (50-250),"Docker, JavaScript, Node.js",51000,58000,RUB
100006,2025-06-22,System Analyst,Junior,Москва,Офис,Средняя (250-1000),"Confluence, Git, Jira, SQL, UML",56000,68000,RUB
102378,2025-06-22,Product Manager,Junior,Екатеринбург,Гибрид,Средняя (250-1000),"Confluence, Git, Jira",50000,58000,RUB
100766,2025-06-22,Data Scientist,Senior,Москва,Офис,Стартап (<50),"Git, Pandas, Python, SQL, Statistics",157000,208000,RUB
100612,2025-06-22,Data Scientist,Senior,Москва,Гибрид,Средняя (250-1000),"Docker, Git, SQL, Scikit-learn",240000,292000,RUB
103084,2025-06-23,ML Engineer,Junior,Удалённо (Россия),Офис,Малая (50-250),"Docker, Git, MLflow, PyTorch, Python, TensorFlow",55000,73000,RUB
105572,2025-06-23,Data Engineer,Lead,Краснодар,Офис,Малая (50-250),"Airflow, Docker, Git, Kafka, SQL, Spark",105000,140000,RUB
100701,2025-06-23,Data Scientist,Junior,Удалённо (Россия),Офис,Крупная (1000+),"Git, Pandas, Python, SQL, Scikit-learn, Statistics",59000,69000,RUB
101957,2025-06-23,Full-stack Developer,Junior,Москва,Гибрид,Крупная (1000+),"Docker, Git, JavaScript, Node.js, React, SQL",55000,67000,RUB
105190,2025-06-23,Data Analyst,Senior,Москва,Гибрид,Средняя (250-1000),"Excel, Git, SQL, Tableau",136000,163000,RUB
101206,2025-06-23,Backend Developer,Senior,Нижний Новгород,Гибрид,Малая (50-250),"Docker, Git, PostgreSQL, SQL",81000,96000,RUB
102815,2025-06-24,DevOps Engineer,Senior,Екатеринбург,Офис,Средняя (250-1000),"AWS, CI/CD, Docker, Git, Kubernetes, Terraform",155000,189000,RUB
101823,2025-06-24,DevOps Engineer,Middle,Удалённо (Россия),Удалённо,Средняя (250-1000),"CI/CD, Docker, Git, Kubernetes, Linux, Terraform",102000,133000,RUB
101226,2025-06-24,Full-stack Developer,Lead,Москва,Гибрид,Крупная (1000+),"Docker, Git, JavaScript, Node.js, React, SQL",251000,297000,RUB
101600,2025-06-24,Frontend Developer,Middle,Санкт-Петербург,Гибрид,Малая (50-250),"CSS, Git, HTML, JavaScript, TypeScript",87000,117000,RUB
102672,2025-06-24,System Analyst,Middle,Удалённо (Россия),Удалённо,Малая (50-250),"BPMN, Confluence, Git, Jira, SQL, UML",86000,111000,RUB
105005,2025-06-24,Data Scientist,Junior,Удалённо (Россия),Гибрид,Крупная (1000+),"Docker, Git, PyTorch, SQL, Scikit-learn, Statistics",64000,75000,RUB
105872,2025-06-24,System Analyst,Junior,Москва,Гибрид,Малая (50-250),"Git, SQL, UML",59000,78000,RUB
100703,2025-06-24,Full-stack Developer,Middle,Москва,Удалённо,Крупная (1000+),"Git, Node.js, React, SQL",138000,184000,RUB
102410,2025-06-25,Backend Developer,Junior,Нижний Новгород,Офис,Малая (50-250),"Docker, Git, REST API, SQL",30000,37000,RUB
105817,2025-06-25,Frontend Developer,Middle,Москва,Удалённо,Крупная (1000+),"CSS, Git, HTML, JavaScript, React",113000,133000,RUB
104046,2025-06-25,Frontend Developer,Junior,Екатеринбург,Удалённо,Крупная (1000+),"CSS, Git, HTML, JavaScript, React, TypeScript",43000,54000,RUB
102282,2025-06-25,Frontend Developer,Lead,Удалённо (Россия),Офис,Малая (50-250),"CSS, Git, HTML, React, TypeScript",174000,202000,RUB
105975,2025-06-25,ML Engineer,Junior,Москва,Офис,Средняя (250-1000),"Docker, Git, Kubernetes, PyTorch",76000,101000,RUB
104981,2025-06-25,Backend Developer,Senior,Москва,Офис,Средняя (250-1000),"Docker, Git, Kubernetes, REST API",133000,159000,RUB
100311,2025-06-25,Backend Developer,Junior,Удалённо (Россия),Гибрид,Малая (50-250),"Docker, Git, Java, Kubernetes, PostgreSQL, REST API",51000,68000,RUB
104993,2025-06-25,Backend Developer,Middle,Краснодар,Офис,Стартап (<50),"Git, PostgreSQL, REST API, SQL",45000,59000,RUB
101124,2025-06-26,Backend Developer,Senior,Москва,Гибрид,Крупная (1000+),"Git, PostgreSQL, Python, REST API",208000,243000,RUB
105721,2025-06-26,QA Engineer,Middle,Москва,Офис,Крупная (1000+),"Git, Manual Testing, Postman, Python, SQL, Selenium",86000,105000,RUB
103739,2025-06-26,Frontend Developer,Lead,Удалённо (Россия),Удалённо,Средняя (250-1000),"Git, JavaScript, React, TypeScript",224000,278000,RUB
100448,2025-06-26,Mobile Developer,Lead,Москва,Офис,Малая (50-250),"Git, Kotlin, REST API, SQL, Swift",205000,265000,RUB
100925,2025-06-26,Frontend Developer,Junior,Москва,Удалённо,Стартап (<50),"Git, HTML, JavaScript, TypeScript",47000,57000,RUB
104532,2025-06-27,Data Scientist,Junior,Екатеринбург,Офис,Стартап (<50),"Pandas, PyTorch, Python, SQL, Scikit-learn",38000,44000,RUB
103210,2025-06-27,ML Engineer,Lead,Екатеринбург,Офис,Малая (50-250),"Git, MLflow, Python, TensorFlow",184000,243000,RUB
105662,2025-06-27,Frontend Developer,Middle,Удалённо (Россия),Удалённо,Малая (50-250),"Git, HTML, JavaScript, React",106000,138000,RUB
101613,2025-06-27,Full-stack Developer,Middle,Удалённо (Россия),Гибрид,Крупная (1000+),"Docker, Git, SQL",101000,130000,RUB
105598,2025-06-27,Full-stack Developer,Senior,Казань,Гибрид,Средняя (250-1000),"JavaScript, Node.js, SQL",97000,114000,RUB
105840,2025-06-27,Data Scientist,Senior,Санкт-Петербург,Гибрид,Стартап (<50),"Docker, Git, Pandas, PyTorch, SQL, Scikit-learn",163000,195000,RUB
102017,2025-06-28,Data Analyst,Senior,Санкт-Петербург,Офис,Стартап (<50),"Excel, Git, Power BI, Python, SQL, Tableau",137000,179000,RUB
104663,2025-06-28,Backend Developer,Junior,Екатеринбург,Удалённо,Стартап (<50),"Git, Java, Kubernetes, PostgreSQL, Python, REST API",36000,47000,RUB
104753,2025-06-28,ML Engineer,Middle,Удалённо (Россия),Удалённо,Средняя (250-1000),"Git, MLflow, PyTorch, TensorFlow",129000,170000,RUB
100092,2025-06-28,Data Analyst,Middle,Удалённо (Россия),Офис,Крупная (1000+),"Excel, Git, Power BI, Tableau",110000,131000,RUB
101879,2025-06-28,Data Engineer,Junior,Москва,Гибрид,Стартап (<50),"Airflow, ClickHouse, Docker, Git",58000,79000,RUB
101327,2025-06-29,Product Manager,Junior,Удалённо (Россия),Гибрид,Стартап (<50),"Agile, Analytics, Confluence, Git, Jira",61000,71000,RUB
100964,2025-06-29,Data Engineer,Middle,Москва,Гибрид,Стартап (<50),"Airflow, ClickHouse, Docker, Git, Python, SQL",113000,141000,RUB
105671,2025-06-29,Mobile Developer,Senior,Москва,Удалённо,Малая (50-250),"Git, Kotlin, REST API, SQL, Swift",161000,208000,RUB
101052,2025-06-29,DevOps Engineer,Middle,Удалённо (Россия),Гибрид,Малая (50-250),"AWS, CI/CD, Docker, Git, Kubernetes, Linux, Terraform",82000,95000,RUB
105507,2025-06-29,Frontend Developer,Senior,Екатеринбург,Офис,Крупная (1000+),"CSS, Git, HTML, JavaScript",107000,144000,RUB
101112,2025-06-29,QA Engineer,Senior,Москва,Гибрид,Малая (50-250),"Git, Manual Testing, Postman, Python, SQL, Selenium",130000,161000,RUB
104581,2025-06-30,ML Engineer,Junior,Удалённо (Россия),Гибрид,Стартап (<50),"Docker, Git, Kubernetes, PyTorch",65000,87000,RUB
105792,2025-06-30,Mobile Developer,Middle,Москва,Удалённо,Малая (50-250),"Git, Kotlin, REST API, SQL",95000,111000,RUB
105493,2025-06-30,Data Analyst,Middle,Екатеринбург,Удалённо,Стартап (<50),"Excel, Git, Power BI, Python",51000,61000,RUB
104658,2025-06-30,Data Analyst,Junior,Удалённо (Россия),Гибрид,Средняя (250-1000),"Excel, Git, Power BI, Tableau",47000,60000,RUB
100362,2025-07-01,Data Analyst,Middle,Москва,Удалённо,Средняя (250-1000),"Git, Power BI, Python, SQL",78000,99000,RUB
100264,2025-07-01,Backend Developer,Senior,Удалённо (Россия),Удалённо,Крупная (1000+),"Git, Kubernetes, PostgreSQL, REST API",176000,221000,RUB
103670,2025-07-01,Full-stack Developer,Junior,Москва,Удалённо,Крупная (1000+),"Docker, Node.js, React, SQL",65000,87000,RUB
102327,2025-07-01,Data Scientist,Junior,Москва,Удалённо,Средняя (250-1000),"Docker, Git, Python, SQL, Statistics",79000,96000,RUB
105461,2025-07-01,QA Engineer,Middle,Новосибирск,Гибрид,Средняя (250-1000),"Git, Manual Testing, Postman, Python, SQL, Selenium",45000,61000,RUB
102167,2025-07-01,System Analyst,Middle,Москва,Гибрид,Крупная (1000+),"Confluence, Git, SQL",87000,112000,RUB
104154,2025-07-02,DevOps Engineer,Junior,Москва,Гибрид,Средняя (250-1000),"AWS, Docker, Git, Kubernetes, Linux, Terraform",70000,90000,RUB
104998,2025-07-02,Data Scientist,Middle,Москва,Офис,Малая (50-250),"Docker, Git, Pandas, Python",125000,163000,RUB
104612,2025-07-02,DevOps Engineer,Senior,Новосибирск,Офис,Стартап (<50),"CI/CD, Docker, Git, Kubernetes, Linux, Terraform",109000,145000,RUB
104469,2025-07-02,System Analyst,Senior,Москва,Удалённо,Средняя (250-1000),"BPMN, Git, Jira",158000,193000,RUB
103967,2025-07-02,Mobile Developer,Senior,Удалённо (Россия),Гибрид,Стартап (<50),"Git, SQL, Swift",130000,162000,RUB
100109,2025-07-03,System Analyst,Senior,Екатеринбург,Удалённо,Малая (50-250),"BPMN, SQL, UML",103000,129000,RUB
103986,2025-07-03,ML Engineer,Middle,Москва,Офис,Средняя (250-1000),"Docker, Git, Kubernetes, MLflow, PyTorch, TensorFlow",134000,165000,RUB
101742,2025-07-03,Data Engineer,Senior,Казань,Удалённо,Стартап (<50),"Airflow, ClickHouse, Docker, Git, Python",95000,116000,RUB
102623,2025-07-03,ML Engineer,Middle,Москва,Офис,Стартап (<50),"Docker, Git, Kubernetes, PyTorch, Python",119000,161000,RUB
102671,2025-07-03,Data Engineer,Middle,Москва,Офис,Крупная (1000+),"Airflow, ClickHouse, Docker, Git, Python, Spark",113000,149000,RUB
102496,2025-07-04,Data Engineer,Lead,Удалённо (Россия),Гибрид,Средняя (250-1000),"ClickHouse, Git, Spark",220000,283000,RUB
101697,2025-07-04,Full-stack Developer,Junior,Москва,Удалённо,Малая (50-250),"Docker, Git, JavaScript, Node.js, React, SQL",65000,86000,RUB
100566,2025-07-04,Backend Developer,Senior,Новосибирск,Офис,Малая (50-250),"Docker, Git, PostgreSQL, Python, SQL",133000,168000,RUB
100955,2025-07-04,Frontend Developer,Junior,Удалённо (Россия),Офис,Стартап (<50),"CSS, Git, HTML, JavaScript, React, TypeScript",44000,57000,RUB
105059,2025-07-05,Data Scientist,Senior,Краснодар,Гибрид,Стартап (<50),"Docker, Git, Pandas, PyTorch, SQL, Scikit-learn, Statistics",108000,132000,RUB
104627,2025-07-05,System Analyst,Senior,Санкт-Петербург,Гибрид,Малая (50-250),"BPMN, Confluence, Git, Jira, UML",151000,176000,RUB
104591,2025-07-05,QA Engineer,Junior,Удалённо (Россия),Гибрид,Стартап (<50),"Git, Manual Testing, Postman, Selenium",34000,46000,RUB
100572,2025-07-05,Data Scientist,Middle,Москва,Офис,Крупная (1000+),"Git, Scikit-learn, Statistics",141000,180000,RUB
102054,2025-07-05,QA Engineer,Middle,Москва,Офис,Средняя (250-1000),"Git, Manual Testing, Postman, Python, SQL, Selenium",85000,111000,RUB
102700,2025-07-05,Data Engineer,Middle,Москва,Гибрид,Средняя (250-1000),"Airflow, Docker, Kafka",124000,149000,RUB
103954,2025-07-06,QA Engineer,Middle,Новосибирск,Гибрид,Средняя (250-1000),"Git, Manual Testing, Postman, SQL, Selenium",56000,68000,RUB
105937,2025-07-06,Backend Developer,Middle,Казань,Удалённо,Малая (50-250),"Docker, Git, Python, SQL",78000,94000,RUB
100537,2025-07-06,DevOps Engineer,Middle,Екатеринбург,Офис,Крупная (1000+),"AWS, Docker, Git, Kubernetes, Linux, Terraform",70000,90000,RUB
105325,2025-07-06,Frontend Developer,Middle,Удалённо (Россия),Удалённо,Крупная (1000+),"Git, JavaScript, React, TypeScript",74000,87000,RUB
101022,2025-07-06,Data Analyst,Junior,Удалённо (Россия),Удалённо,Стартап (<50),"Excel, Python, SQL",48000,58000,RUB
102229,2025-07-07,System Analyst,Senior,Удалённо (Россия),Гибрид,Средняя (250-1000),"BPMN, Git, SQL, UML",132000,160000,RUB
100061,2025-07-07,Data Scientist,Lead,Москва,Гибрид,Стартап (<50),"Git, Pandas, PyTorch, Python, SQL, Scikit-learn, Statistics",264000,305000,RUB
104617,2025-07-07,Frontend Developer,Junior,Нижний Новгород,Офис,Малая (50-250),"CSS, Git, HTML, JavaScript",30000,36000,RUB
101159,2025-07-07,Data Analyst,Lead,Новосибирск,Гибрид,Малая (50-250),"Excel, Power BI, SQL, Tableau",94000,116000,RUB
104606,2025-07-07,Full-stack Developer,Junior,Екатеринбург,Офис,Малая (50-250),"Docker, Git, JavaScript, Node.js, React, SQL",30000,37000,RUB
100577,2025-07-07,Backend Developer,Senior,Нижний Новгород,Офис,Стартап (<50),"Git, Java, PostgreSQL, SQL",74000,86000,RUB
102258,2025-07-08,QA Engineer,Lead,Екатеринбург,Удалённо,Средняя (250-1000),"Git, Python, SQL",86000,99000,RUB
103284,2025-07-08,Data Engineer,Middle,Удалённо (Россия),Удалённо,Малая (50-250),"Airflow, Docker, Git, Kafka, SQL, Spark",76000,101000,RUB
105831,2025-07-08,DevOps Engineer,Junior,Санкт-Петербург,Офис,Средняя (250-1000),"AWS, CI/CD, Git, Terraform",63000,76000,RUB
102826,2025-07-08,DevOps Engineer,Middle,Краснодар,Гибрид,Крупная (1000+),"AWS, Git, Kubernetes, Linux, Terraform",82000,108000,RUB
100954,2025-07-08,Backend Developer,Lead,Нижний Новгород,Гибрид,Стартап (<50),"Git, Kubernetes, PostgreSQL, Python, SQL",118000,143000,RUB
105471,2025-07-08,Data Analyst,Lead,Санкт-Петербург,Гибрид,Малая (50-250),"Excel, Git, Power BI, Python, SQL, Tableau",164000,205000,RUB
100616,2025-07-08,Data Analyst,Middle,Москва,Гибрид,Средняя (250-1000),"Excel, Git, SQL",101000,136000,RUB
100412,2025-07-08,Full-stack Developer,Middle,Москва,Офис,Стартап (<50),"Docker, Git, JavaScript, Node.js, React",110000,130000,RUB
100179,2025-07-08,Data Analyst,Junior,Санкт-Петербург,Удалённо,Средняя (250-1000),"Excel, Git, Python",45000,52000,RUB
101175,2025-07-09,Product Manager,Senior,Москва,Гибрид,Крупная (1000+),"Agile, Analytics, Confluence, Git, SQL",207000,278000,RUB
104253,2025-07-09,Full-stack Developer,Senior,Санкт-Петербург,Гибрид,Стартап (<50),"Docker, Git, JavaScript, Node.js, SQL",109000,130000,RUB
102522,2025-07-09,Backend Developer,Lead,Санкт-Петербург,Офис,Крупная (1000+),"Docker, Git, PostgreSQL",237000,304000,RUB
101744,2025-07-09,Backend Developer,Senior,Удалённо (Россия),Гибрид,Средняя (250-1000),"Git, Java, Kubernetes, PostgreSQL, Python",182000,239000,RUB
102349,2025-07-09,Data Engineer,Middle,Новосибирск,Удалённо,Стартап (<50),"Airflow, Docker, Git, Python, SQL",76000,88000,RUB
101681,2025-07-10,Backend Developer,Senior,Санкт-Петербург,Офис,Стартап (<50),"Docker, Git, Java, Kubernetes, Python, REST API",173000,206000,RUB
104623,2025-07-10,ML Engineer,Senior,Санкт-Петербург,Гибрид,Стартап (<50),"Git, Kubernetes, MLflow, Python, TensorFlow",153000,187000,RUB
102066,2025-07-10,QA Engineer,Junior,Нижний Новгород,Гибрид,Малая (50-250),"Git, Manual Testing, Postman, Python, Selenium",30000,40000,RUB
102693,2025-07-10,Data Engineer,Middle,Удалённо (Россия),Гибрид,Средняя (250-1000),"Airflow, Git, Kafka, Spark",97000,123000,RUB
101032,2025-07-10,ML Engineer,Senior,Казань,Удалённо,Крупная (1000+),"Git, PyTorch, Python, TensorFlow",123000,143000,RUB
102680,2025-07-11,Data Analyst,Middle,Удалённо (Россия),Офис,Малая (50-250),"Excel, Git, Power BI, Python, Tableau",79000,104000,RUB
101615,2025-07-11,QA Engineer,Junior,Удалённо (Россия),Офис,Малая (50-250),"Git, Python, SQL, Selenium",30000,38000,RUB
102189,2025-07-11,Backend Developer,Senior,Казань,Гибрид,Средняя (250-1000),"Docker, Git, PostgreSQL, Python, REST API",133000,164000,RUB
102018,2025-07-11,Data Scientist,Lead,Казань,Удалённо,Средняя (250-1000),"Docker, Git, PyTorch, Scikit-learn",181000,219000,RUB
104543,2025-07-11,ML Engineer,Middle,Санкт-Петербург,Гибрид,Стартап (<50),"Git, PyTorch, Python",118000,156000,RUB
104293,2025-07-11,Full-stack Developer,Middle,Санкт-Петербург,Удалённо,Крупная (1000+),"Git, JavaScript, Node.js, React",98000,121000,RUB
104634,2025-07-11,Mobile Developer,Junior,Удалённо (Россия),Гибрид,Крупная (1000+),"Git, Kotlin, REST API, SQL, Swift",58000,77000,RUB
103205,2025-07-11,Product Manager,Senior,Москва,Офис,Стартап (<50),"Analytics, Confluence, Git, Jira, SQL",161000,203000,RUB
100605,2025-07-11,Data Scientist,Senior,Москва,Удалённо,Малая (50-250),"Docker, Git, Pandas, Python, SQL, Scikit-learn",219000,294000,RUB
102900,2025-07-11,ML Engineer,Senior,Удалённо (Россия),Гибрид,Стартап (<50),"Docker, Git, Kubernetes, MLflow, PyTorch, Python",193000,222000,RUB
103009,2025-07-11,Frontend Developer,Middle,Санкт-Петербург,Офис,Малая (50-250),"CSS, Git, JavaScript, React",82000,110000,RUB
105997,2025-07-11,QA Engineer,Junior,Санкт-Петербург,Офис,Стартап (<50),"Git, Postman, Python, Selenium",30000,36000,RUB
103935,2025-07-12,Full-stack Developer,Middle,Санкт-Петербург,Офис,Малая (50-250),"Docker, Git, JavaScript, Node.js, React",79000,105000,RUB
102828,2025-07-12,Data Analyst,Middle,Удалённо (Россия),Гибрид,Малая (50-250),"Excel, Git, Power BI, Python, SQL, Tableau",90000,110000,RUB
103907,2025-07-12,Backend Developer,Middle,Краснодар,Гибрид,Малая (50-250),"Docker, Git, Java, PostgreSQL, Python, REST API",69000,89000,RUB
104349,2025-07-12,Data Scientist,Middle,Удалённо (Россия),Гибрид,Крупная (1000+),"Docker, Git, Scikit-learn, Statistics",108000,129000,RUB
102872,2025-07-12,Frontend Developer,Junior,Новосибирск,Гибрид,Малая (50-250),"CSS, Git, JavaScript, React, TypeScript",30000,39000,RUB
103464,2025-07-12,QA Engineer,Middle,Удалённо (Россия),Удалённо,Крупная (1000+),"Git, Manual Testing, Python, SQL, Selenium",82000,102000,RUB
100706,2025-07-12,Data Analyst,Middle,Казань,Гибрид,Крупная (1000+),"Excel, Git, Power BI, Python, SQL, Tableau",63000,84000,RUB
102452,2025-07-13,Data Analyst,Senior,Москва,Удалённо,Стартап (<50),"Excel, Git, Power BI, Python",132000,177000,RUB
105574,2025-07-13,Backend Developer,Junior,Удалённо (Россия),Офис,Малая (50-250),"Git, Java, Python, REST API, SQL",53000,70000,RUB
102375,2025-07-13,Mobile Developer,Middle,Удалённо (Россия),Гибрид,Средняя (250-1000),"Git, Kotlin, REST API",97000,122000,RUB
105952,2025-07-13,Frontend Developer,Middle,Удалённо (Россия),Гибрид,Малая (50-250),"CSS, Git, HTML, JavaScript, TypeScript",65000,80000,RUB
103334,2025-07-13,ML Engineer,Middle,Краснодар,Офис,Крупная (1000+),"Git, MLflow, Python",64000,76000,RUB
104070,2025-07-13,System Analyst,Middle,Москва,Удалённо,Крупная (1000+),"BPMN, Confluence, Git, UML",120000,156000,RUB
104698,2025-07-13,Data Analyst,Middle,Санкт-Петербург,Офис,Стартап (<50),"Excel, Git, Power BI, Python, SQL, Tableau",63000,81000,RUB
101687,2025-07-13,DevOps Engineer,Junior,Удалённо (Россия),Офис,Малая (50-250),"CI/CD, Git, Kubernetes, Terraform",65000,80000,RUB
103736,2025-07-14,Full-stack Developer,Senior,Удалённо (Россия),Офис,Крупная (1000+),"Docker, React, SQL",139000,165000,RUB
105717,2025-07-14,Data Engineer,Middle,Нижний Новгород,Гибрид,Стартап (<50),"Airflow, Git, Kafka, Python, SQL, Spark",60000,75000,RUB
103297,2025-07-14,Data Scientist,Middle,Москва,Офис,Стартап (<50),"Docker, Git, Python, SQL",135000,175000,RUB
103144,2025-07-14,Backend Developer,Junior,Санкт-Петербург,Удалённо,Малая (50-250),"Docker, Git, Java, Python, REST API",44000,52000,RUB
104503,2025-07-14,System Analyst,Junior,Москва,Удалённо,Малая (50-250),"BPMN, Git, Jira, SQL, UML",68000,81000,RUB
101578,2025-07-14,Product Manager,Senior,Краснодар,Гибрид,Малая (50-250),"Analytics, Confluence, Jira",103000,120000,RUB
100025,2025-07-15,Mobile Developer,Middle,Москва,Офис,Средняя (250-1000),"Git, REST API, SQL, Swift",129000,169000,RUB
105326,2025-07-15,Data Analyst,Middle,Нижний Новгород,Удалённо,Крупная (1000+),"Excel, Power BI, Python, SQL, Tableau",68000,90000,RUB
105700,2025-07-15,Product Manager,Middle,Москва,Офис,Средняя (250-1000),"Analytics, Git, Jira, SQL",122000,141000,RUB
101954,2025-07-15,Product Manager,Middle,Краснодар,Гибрид,Средняя (250-1000),"Analytics, Confluence, Git, Jira, SQL",74000,91000,RUB
102434,2025-07-16,QA Engineer,Junior,Казань,Офис,Средняя (250-1000),"Git, Manual Testing, Postman, Python, SQL, Selenium",30000,38000,RUB
102968,2025-07-16,Frontend Developer,Lead,Москва,Гибрид,Стартап (<50),"CSS, Git, HTML, JavaScript, TypeScript",209000,279000,RUB
104853,2025-07-16,Full-stack Developer,Lead,Москва,Гибрид,Средняя (250-1000),"Docker, Git, JavaScript, Node.js, React, SQL",185000,214000,RUB
104174,2025-07-16,ML Engineer,Middle,Удалённо (Россия),Удалённо,Средняя (250-1000),"Docker, Git, Kubernetes, PyTorch, TensorFlow",156000,182000,RUB
103601,2025-07-17,Data Scientist,Senior,Санкт-Петербург,Гибрид,Средняя (250-1000),"Docker, Git, Scikit-learn, Statistics",138000,173000,RUB
103562,2025-07-17,Frontend Developer,Middle,Удалённо (Россия),Гибрид,Малая (50-250),"CSS, Git, HTML, JavaScript, React, TypeScript",87000,106000,RUB
100501,2025-07-17,Data Scientist,Middle,Удалённо (Россия),Удалённо,Малая (50-250),"Git, Pandas, PyTorch, Python, Statistics",95000,115000,RUB
101532,2025-07-17,Frontend Developer,Senior,Удалённо (Россия),Офис,Средняя (250-1000),"CSS, Git, HTML, JavaScript, React, TypeScript",170000,213000,RUB
103145,2025-07-17,Frontend Developer,Senior,Москва,Гибрид,Малая (50-250),"CSS, Git, JavaScript, TypeScript",114000,140000,RUB
105248,2025-07-17,QA Engineer,Senior,Москва,Удалённо,Стартап (<50),"Git, Postman, SQL, Selenium",109000,136000,RUB
105868,2025-07-17,QA Engineer,Middle,Москва,Офис,Малая (50-250),"Git, Manual Testing, Python, SQL",75000,93000,RUB
104912,2025-07-18,Mobile Developer,Middle,Санкт-Петербург,Удалённо,Крупная (1000+),"Git, Kotlin, REST API, SQL, Swift",95000,123000,RUB
104603,2025-07-18,Full-stack Developer,Senior,Москва,Офис,Малая (50-250),"Docker, Git, Node.js, React",223000,257000,RUB
100908,2025-07-18,Data Scientist,Middle,Казань,Удалённо,Малая (50-250),"Docker, Git, PyTorch, SQL, Scikit-learn",75000,100000,RUB
104651,2025-07-19,ML Engineer,Middle,Удалённо (Россия),Офис,Малая (50-250),"Docker, Git, MLflow, Python",118000,149000,RUB
102040,2025-07-19,Backend Developer,Junior,Москва,Офис,Средняя (250-1000),"Docker, Git, PostgreSQL, SQL",70000,86000,RUB
103409,2025-07-19,System Analyst,Middle,Москва,Гибрид,Малая (50-250),"BPMN, Confluence, Git, SQL, UML",94000,111000,RUB
101216,2025-07-19,Backend Developer,Junior,Екатеринбург,Офис,Средняя (250-1000),"Docker, Git, Java, Kubernetes, PostgreSQL, SQL",34000,45000,RUB
101889,2025-07-19,Data Scientist,Middle,Удалённо (Россия),Удалённо,Стартап (<50),"Git, Python, Scikit-learn, Statistics",135000,166000,RUB
104454,2025-07-19,Data Analyst,Junior,Нижний Новгород,Гибрид,Крупная (1000+),"Excel, Git, SQL",30000,36000,RUB
104870,2025-07-19,System Analyst,Senior,Санкт-Петербург,Гибрид,Крупная (1000+),"Confluence, Git, UML",163000,195000,RUB
103742,2025-07-20,Frontend Developer,Senior,Екатеринбург,Гибрид,Стартап (<50),"Git, HTML, React, TypeScript",103000,119000,RUB
104907,2025-07-20,Data Analyst,Senior,Удалённо (Россия),Офис,Средняя (250-1000),"Excel, Git, Power BI, Python",133000,166000,RUB
103682,2025-07-20,Backend Developer,Junior,Удалённо (Россия),Офис,Крупная (1000+),"Git, Kubernetes, Python, REST API, SQL",63000,79000,RUB
101170,2025-07-20,Data Engineer,Middle,Екатеринбург,Удалённо,Средняя (250-1000),"ClickHouse, Docker, Git, Python, SQL, Spark",77000,90000,RUB
105271,2025-07-20,Frontend Developer,Middle,Новосибирск,Офис,Стартап (<50),"CSS, Git, HTML, JavaScript, React, TypeScript",56000,71000,RUB
104022,2025-07-20,Mobile Developer,Lead,Новосибирск,Офис,Средняя (250-1000),"Git, Kotlin, REST API, SQL, Swift",153000,198000,RUB
104521,2025-07-21,Data Scientist,Middle,Удалённо (Россия),Гибрид,Малая (50-250),"Git, Pandas, PyTorch, Python, SQL, Scikit-learn",97000,112000,RUB
100494,2025-07-21,Data Analyst,Middle,Удалённо (Россия),Офис,Крупная (1000+),"Excel, Git, Power BI, Python, SQL, Tableau",67000,79000,RUB
105820,2025-07-21,Full-stack Developer,Middle,Удалённо (Россия),Офис,Малая (50-250),"Docker, Git, JavaScript, React, SQL",80000,101000,RUB
104638,2025-07-22,DevOps Engineer,Lead,Санкт-Петербург,Офис,Крупная (1000+),"AWS, CI/CD, Kubernetes",211000,263000,RUB
105413,2025-07-22,Data Analyst,Lead,Москва,Удалённо,Стартап (<50),"Excel, Git, Power BI, Python, SQL",141000,185000,RUB
104947,2025-07-22,Product Manager,Middle,Москва,Офис,Средняя (250-1000),"Agile, Confluence, Git",97000,120000,RUB
104425,2025-07-22,Mobile Developer,Junior,Новосибирск,Гибрид,Средняя (250-1000),"Git, Kotlin, SQL, Swift",36000,45000,RUB
102019,2025-07-22,Data Analyst,Middle,Москва,Офис,Малая (50-250),"Excel, Git, SQL, Tableau",86000,111000,RUB
104453,2025-07-22,QA Engineer,Junior,Казань,Офис,Стартап (<50),"Git, Manual Testing, Postman, Python, SQL",30000,36000,RUB
103255,2025-07-22,Data Scientist,Middle,Москва,Удалённо,Стартап (<50),"Git, Python, SQL, Statistics",86000,99000,RUB
101569,2025-07-22,Full-stack Developer,Senior,Москва,Гибрид,Малая (50-250),"Docker, Git, JavaScript, Node.js, React, SQL",200000,249000,RUB
104850,2025-07-22,DevOps Engineer,Senior,Москва,Удалённо,Малая (50-250),"AWS, Docker, Git, Kubernetes, Linux, Terraform",185000,230000,RUB
103568,2025-07-23,Data Scientist,Lead,Екатеринбург,Гибрид,Малая (50-250),"Docker, Git, Pandas, Python, Scikit-learn",142000,170000,RUB
101609,2025-07-23,Data Scientist,Senior,Удалённо (Россия),Офис,Стартап (<50),"Docker, Git, Python",161000,212000,RUB
104695,2025-07-23,ML Engineer,Senior,Екатеринбург,Офис,Малая (50-250),"Docker, Git, MLflow, Python, TensorFlow",147000,194000,RUB
104983,2025-07-23,QA Engineer,Middle,Санкт-Петербург,Офис,Малая (50-250),"Git, Manual Testing, Python, Selenium",73000,92000,RUB
103920,2025-07-23,Backend Developer,Junior,Удалённо (Россия),Гибрид,Малая (50-250),"Docker, Git, REST API",41000,48000,RUB
102464,2025-07-24,Data Analyst,Middle,Удалённо (Россия),Удалённо,Крупная (1000+),"Excel, Git, Power BI, Python, SQL, Tableau",92000,112000,RUB
105006,2025-07-24,Frontend Developer,Senior,Удалённо (Россия),Офис,Крупная (1000+),"CSS, Git, HTML, React",125000,163000,RUB
101749,2025-07-24,Mobile Developer,Middle,Москва,Гибрид,Стартап (<50),"Git, Kotlin, REST API, SQL, Swift",106000,131000,RUB
101003,2025-07-24,ML Engineer,Middle,Удалённо (Россия),Удалённо,Средняя (250-1000),"Git, Kubernetes, MLflow, PyTorch, TensorFlow",123000,157000,RUB
105857,2025-07-24,Frontend Developer,Middle,Москва,Гибрид,Средняя (250-1000),"CSS, Git, JavaScript, React, TypeScript",83000,106000,RUB
104759,2025-07-24,DevOps Engineer,Middle,Москва,Гибрид,Крупная (1000+),"AWS, CI/CD, Docker, Git, Kubernetes, Linux",143000,165000,RUB
104897,2025-07-24,Data Analyst,Senior,Москва,Офис,Стартап (<50),"Excel, Git, Power BI, Python, SQL, Tableau",118000,158000,RUB
102061,2025-07-25,Full-stack Developer,Junior,Новосибирск,Удалённо,Средняя (250-1000),"Docker, Git, React, SQL",39000,52000,RUB
105359,2025-07-25,Backend Developer,Junior,Москва,Удалённо,Крупная (1000+),"Git, Java, Kubernetes, PostgreSQL",82000,106000,RUB
104514,2025-07-25,Backend Developer,Senior,Нижний Новгород,Гибрид,Средняя (250-1000),"Git, Kubernetes, PostgreSQL, Python, REST API",103000,131000,RUB
103067,2025-07-25,Product Manager,Senior,Удалённо (Россия),Гибрид,Малая (50-250),"Agile, Git, SQL",177000,235000,RUB
101173,2025-07-25,ML Engineer,Lead,Москва,Удалённо,Стартап (<50),"Docker, Git, Kubernetes, Python, TensorFlow",258000,338000,RUB
104960,2025-07-25,Frontend Developer,Senior,Москва,Офис,Средняя (250-1000),"CSS, Git, HTML, JavaScript, React, TypeScript",137000,176000,RUB
104199,2025-07-26,Frontend Developer,Middle,Удалённо (Россия),Гибрид,Крупная (1000+),"Git, HTML, JavaScript, React, TypeScript",118000,150000,RUB
102683,2025-07-26,DevOps Engineer,Middle,Краснодар,Гибрид,Малая (50-250),"AWS, CI/CD, Docker, Git, Kubernetes",92000,123000,RUB
100620,2025-07-26,Backend Developer,Lead,Казань,Гибрид,Крупная (1000+),"Docker, Git, Java, Kubernetes, Python, REST API, SQL",142000,186000,RUB
101120,2025-07-26,Data Scientist,Middle,Санкт-Петербург,Гибрид,Стартап (<50),"Docker, Git, SQL, Statistics",101000,132000,RUB
105591,2025-07-26,Frontend Developer,Senior,Москва,Удалённо,Стартап (<50),"Git, HTML, JavaScript, React, TypeScript",157000,202000,RUB
103267,2025-07-26,System Analyst,Middle,Санкт-Петербург,Офис,Стартап (<50),"BPMN, Confluence, Git, Jira, SQL, UML",68000,87000,RUB
104837,2025-07-26,Data Analyst,Middle,Казань,Гибрид,Крупная (1000+),"Excel, Git, Power BI, Python, SQL, Tableau",57000,68000,RUB
101939,2025-07-26,Product Manager,Middle,Москва,Удалённо,Средняя (250-1000),"Agile, Confluence, Git",124000,163000,RUB
103559,2025-07-26,System Analyst,Middle,Екатеринбург,Удалённо,Средняя (250-1000),"Confluence, Git, SQL",64000,79000,RUB
103648,2025-07-27,Full-stack Developer,Junior,Москва,Удалённо,Стартап (<50),"Docker, Git, JavaScript, Node.js, SQL",54000,66000,RUB
100337,2025-07-27,Frontend Developer,Lead,Санкт-Петербург,Офис,Стартап (<50),"CSS, HTML, React",155000,179000,RUB
101386,2025-07-27,Full-stack Developer,Middle,Москва,Гибрид,Стартап (<50),"Docker, Git, Node.js, SQL",85000,114000,RUB
104546,2025-07-27,Mobile Developer,Middle,Москва,Офис,Малая (50-250),"Git, Kotlin, REST API, SQL, Swift",103000,133000,RUB
104953,2025-07-27,ML Engineer,Lead,Екатеринбург,Офис,Крупная (1000+),"Git, Kubernetes, PyTorch, Python, TensorFlow",191000,227000,RUB
104460,2025-07-28,Data Engineer,Middle,Екатеринбург,Офис,Малая (50-250),"Airflow, ClickHouse, Git, Kafka, Python, SQL, Spark",78000,100000,RUB
100062,2025-07-28,DevOps Engineer,Senior,Москва,Офис,Средняя (250-1000),"AWS, Git, Linux, Terraform",239000,321000,RUB
105609,2025-07-28,System Analyst,Middle,Санкт-Петербург,Удалённо,Крупная (1000+),"BPMN, Confluence, Git, UML",101000,122000,RUB
105233,2025-07-28,Data Scientist,Middle,Москва,Офис,Малая (50-250),"Git, Pandas, PyTorch, Scikit-learn, Statistics",132000,161000,RUB
102598,2025-07-28,Backend Developer,Senior,Екатеринбург,Офис,Средняя (250-1000),"Git, Java, Kubernetes, PostgreSQL, REST API",99000,119000,RUB
104399,2025-07-28,Data Scientist,Middle,Москва,Удалённо,Малая (50-250),"Docker, Git, PyTorch, Statistics",126000,159000,RUB
101774,2025-07-29,Product Manager,Senior,Санкт-Петербург,Гибрид,Средняя (250-1000),"Analytics, Confluence, Git, Jira, SQL",175000,202000,RUB
105163,2025-07-29,Data Engineer,Middle,Москва,Удалённо,Крупная (1000+),"Airflow, Git, Kafka, SQL, Spark",161000,211000,RUB
104616,2025-07-29,Frontend Developer,Senior,Москва,Гибрид,Крупная (1000+),"CSS, Git, HTML, JavaScript, React",187000,230000,RUB
102611,2025-07-29,Data Engineer,Junior,Москва,Офис,Крупная (1000+),"Airflow, ClickHouse, Docker, Git, Kafka, Python",72000,94000,RUB
100901,2025-07-29,DevOps Engineer,Lead,Удалённо (Россия),Гибрид,Средняя (250-1000),"AWS, Git, Linux, Terraform",235000,277000,RUB
101279,2025-07-29,Data Engineer,Middle,Удалённо (Россия),Офис,Крупная (1000+),"Airflow, ClickHouse, Git, Kafka, Spark",128000,169000,RUB
103121,2025-07-29,Frontend Developer,Junior,Казань,Удалённо,Малая (50-250),"CSS, Git, HTML, JavaScript, React, TypeScript",38000,48000,RUB
103564,2025-07-30,Data Scientist,Middle,Казань,Гибрид,Малая (50-250),"Docker, Git, Pandas, Python, SQL, Statistics",69000,92000,RUB
103873,2025-07-30,Product Manager,Middle,Новосибирск,Гибрид,Малая (50-250),"Agile, Analytics, Confluence, Git, Jira, SQL",65000,81000,RUB
105244,2025-07-30,DevOps Engineer,Senior,Удалённо (Россия),Гибрид,Стартап (<50),"AWS, CI/CD, Git, Terraform",164000,206000,RUB
105782,2025-07-31,DevOps Engineer,Junior,Санкт-Петербург,Офис,Малая (50-250),"CI/CD, Docker, Git",45000,58000,RUB
101945,2025-07-31,Mobile Developer,Middle,Краснодар,Офис,Крупная (1000+),"Git, Kotlin, REST API, SQL, Swift",43000,57000,RUB
105740,2025-07-31,Data Engineer,Senior,Нижний Новгород,Удалённо,Малая (50-250),"ClickHouse, Git, Python, Spark",111000,146000,RUB
101038,2025-07-31,Mobile Developer,Junior,Санкт-Петербург,Гибрид,Средняя (250-1000),"Git, Kotlin, REST API, SQL, Swift",53000,63000,RUB
102042,2025-07-31,Backend Developer,Middle,Санкт-Петербург,Офис,Малая (50-250),"Git, Kubernetes, PostgreSQL, Python, SQL",71000,85000,RUB
103916,2025-08-01,Backend Developer,Senior,Санкт-Петербург,Гибрид,Малая (50-250),"Git, Java, PostgreSQL, Python, REST API, SQL",166000,211000,RUB
101861,2025-08-01,Frontend Developer,Senior,Новосибирск,Офис,Крупная (1000+),"Git, HTML, JavaScript, React, TypeScript",102000,138000,RUB
104361,2025-08-01,Backend Developer,Middle,Москва,Удалённо,Малая (50-250),"Git, Kubernetes, PostgreSQL, REST API, SQL",150000,184000,RUB
103444,2025-08-02,QA Engineer,Senior,Удалённо (Россия),Офис,Крупная (1000+),"Git, Postman, Python, Selenium",130000,164000,RUB
104593,2025-08-02,Full-stack Developer,Senior,Новосибирск,Гибрид,Средняя (250-1000),"Docker, Git, JavaScript, SQL",98000,126000,RUB
103995,2025-08-02,DevOps Engineer,Senior,Екатеринбург,Офис,Стартап (<50),"CI/CD, Docker, Git, Kubernetes, Linux, Terraform",109000,127000,RUB
104085,2025-08-02,QA Engineer,Senior,Москва,Офис,Средняя (250-1000),"Git, Manual Testing, Python, Selenium",141000,180000,RUB
100880,2025-08-02,Product Manager,Middle,Краснодар,Офис,Малая (50-250),"Analytics, Git, SQL",63000,80000,RUB
102237,2025-08-02,Data Engineer,Middle,Краснодар,Удалённо,Крупная (1000+),"Docker, Git, Python, SQL",65000,75000,RUB
100160,2025-08-02,Backend Developer,Junior,Москва,Офис,Средняя (250-1000),"Docker, Git, Java, Kubernetes, Python, REST API",68000,84000,RUB
105434,2025-08-02,Data Engineer,Middle,Москва,Гибрид,Стартап (<50),"Airflow, ClickHouse, Git",117000,143000,RUB
101812,2025-08-02,Backend Developer,Middle,Краснодар,Гибрид,Стартап (<50),"Git, PostgreSQL, Python, REST API",69000,88000,RUB
101056,2025-08-02,Product Manager,Junior,Санкт-Петербург,Удалённо,Крупная (1000+),"Analytics, Confluence, Git, Jira, SQL",63000,76000,RUB
105345,2025-08-03,Frontend Developer,Middle,Краснодар,Офис,Крупная (1000+),"CSS, Git, JavaScript",42000,53000,RUB
101292,2025-08-03,Backend Developer,Middle,Удалённо (Россия),Офис,Крупная (1000+),"Git, Java, Kubernetes, PostgreSQL, REST API, SQL",128000,157000,RUB
101811,2025-08-03,Data Analyst,Junior,Москва,Удалённо,Стартап (<50),"Excel, Git, Power BI, SQL, Tableau",52000,65000,RUB
105752,2025-08-03,Data Analyst,Junior,Краснодар,Офис,Крупная (1000+),"Excel, Git, SQL, Tableau",34000,46000,RUB
103414,2025-08-03,Mobile Developer,Middle,Москва,Удалённо,Средняя (250-1000),"Kotlin, REST API, Swift",110000,135000,RUB
103258,2025-08-03,Full-stack Developer,Senior,Краснодар,Удалённо,Стартап (<50),"Git, JavaScript, React, SQL",106000,139000,RUB
101172,2025-08-04,Full-stack Developer,Senior,Москва,Офис,Средняя (250-1000),"Docker, Git, JavaScript, Node.js, React, SQL",172000,231000,RUB
102487,2025-08-04,Frontend Developer,Junior,Казань,Удалённо,Крупная (1000+),"CSS, Git, HTML, JavaScript, TypeScript",37000,43000,RUB
102819,2025-08-04,Full-stack Developer,Senior,Нижний Новгород,Гибрид,Малая (50-250),"Docker, JavaScript, React, SQL",63000,82000,RUB
100228,2025-08-04,Data Analyst,Lead,Москва,Удалённо,Средняя (250-1000),"Excel, Git, Power BI, Python, SQL, Tableau",227000,306000,RUB
105333,2025-08-04,DevOps Engineer,Junior,Москва,Удалённо,Стартап (<50),"AWS, CI/CD, Git, Linux, Terraform",50000,64000,RUB
101737,2025-08-04,Data Analyst,Junior,Новосибирск,Удалённо,Средняя (250-1000),"Git, Power BI, SQL, Tableau",32000,42000,RUB
100070,2025-08-05,Backend Developer,Senior,Санкт-Петербург,Удалённо,Стартап (<50),"Git, Java, Kubernetes, PostgreSQL, Python, REST API",155000,186000,RUB
103624,2025-08-05,Backend Developer,Junior,Санкт-Петербург,Гибрид,Стартап (<50),"Docker, Git, Java, PostgreSQL, Python",49000,60000,RUB
103265,2025-08-05,Backend Developer,Middle,Удалённо (Россия),Гибрид,Крупная (1000+),"Git, Kubernetes, PostgreSQL, SQL",98000,120000,RUB
100723,2025-08-05,DevOps Engineer,Senior,Санкт-Петербург,Офис,Средняя (250-1000),"CI/CD, Docker, Git, Terraform",133000,174000,RUB
100829,2025-08-05,Frontend Developer,Junior,Екатеринбург,Гибрид,Стартап (<50),"CSS, Git, JavaScript, React, TypeScript",30000,36000,RUB
105903,2025-08-05,Data Analyst,Middle,Екатеринбург,Гибрид,Малая (50-250),"Excel, Git, SQL, Tableau",58000,73000,RUB
105420,2025-08-05,Data Analyst,Middle,Новосибирск,Гибрид,Стартап (<50),"Excel, Git, Power BI, Tableau",66000,83000,RUB
105241,2025-08-05,Data Scientist,Senior,Екатеринбург,Гибрид,Малая (50-250),"Git, PyTorch, Python, SQL, Scikit-learn, Statistics",123000,151000,RUB
101318,2025-08-05,Product Manager,Middle,Москва,Гибрид,Стартап (<50),"Analytics, Confluence, Git, Jira",110000,137000,RUB
101776,2025-08-06,Frontend Developer,Lead,Казань,Гибрид,Малая (50-250),"Git, JavaScript, React, TypeScript",115000,152000,RUB
101054,2025-08-06,Frontend Developer,Junior,Краснодар,Удалённо,Стартап (<50),"CSS, Git, HTML, JavaScript, React, TypeScript",30000,39000,RUB
102081,2025-08-06,Data Analyst,Senior,Санкт-Петербург,Гибрид,Крупная (1000+),"Excel, Git, Python, SQL",140000,169000,RUB
105590,2025-08-06,Mobile Developer,Junior,Екатеринбург,Удалённо,Стартап (<50),"Git, SQL, Swift",30000,35000,RUB
103010,2025-08-06,System Analyst,Junior,Екатеринбург,Гибрид,Средняя (250-1000),"BPMN, Confluence, Git, Jira, SQL, UML",34000,45000,RUB
100781,2025-08-06,System Analyst,Junior,Удалённо (Россия),Удалённо,Малая (50-250),"BPMN, Confluence, Git, Jira, SQL, UML",44000,57000,RUB
102814,2025-08-06,Frontend Developer,Senior,Удалённо (Россия),Удалённо,Стартап (<50),"CSS, Git, HTML, JavaScript, React, TypeScript",145000,188000,RUB
104542,2025-08-07,Mobile Developer,Middle,Удалённо (Россия),Гибрид,Стартап (<50),"Git, REST API, SQL",66000,82000,RUB
102099,2025-08-07,Data Engineer,Senior,Удалённо (Россия),Гибрид,Стартап (<50),"Airflow, ClickHouse, Git, Kafka, Python, Spark",168000,224000,RUB
103923,2025-08-07,Mobile Developer,Middle,Санкт-Петербург,Гибрид,Средняя (250-1000),"Git, Kotlin, REST API, SQL, Swift",81000,96000,RUB
104110,2025-08-07,Data Analyst,Junior,Москва,Гибрид,Крупная (1000+),"Excel, Git, Power BI, Python, SQL, Tableau",47000,58000,RUB
100439,2025-08-07,QA Engineer,Senior,Нижний Новгород,Офис,Средняя (250-1000),"Git, Manual Testing, Postman, Python, SQL, Selenium",80000,97000,RUB
100780,2025-08-07,Backend Developer,Middle,Удалённо (Россия),Удалённо,Средняя (250-1000),"Git, Java, SQL",97000,125000,RUB
103343,2025-08-08,DevOps Engineer,Middle,Казань,Удалённо,Малая (50-250),"AWS, Git, Linux, Terraform",75000,95000,RUB
103520,2025-08-08,Backend Developer,Middle,Москва,Офис,Стартап (<50),"Git, PostgreSQL, REST API",91000,121000,RUB
103068,2025-08-08,Mobile Developer,Junior,Нижний Новгород,Удалённо,Малая (50-250),"Git, Kotlin, SQL, Swift",32000,39000,RUB
103806,2025-08-08,QA Engineer,Senior,Краснодар,Офис,Стартап (<50),"Git, Manual Testing, Postman, Python, SQL, Selenium",68000,82000,RUB
101617,2025-08-08,QA Engineer,Senior,Удалённо (Россия),Офис,Стартап (<50),"Git, Manual Testing, Postman, Python, SQL, Selenium",72000,84000,RUB
100425,2025-08-08,DevOps Engineer,Junior,Екатеринбург,Гибрид,Средняя (250-1000),"AWS, CI/CD, Docker, Git, Linux, Terraform",30000,39000,RUB
103821,2025-08-08,Full-stack Developer,Senior,Краснодар,Офис,Средняя (250-1000),"Docker, Git, JavaScript, Node.js, React, SQL",108000,127000,RUB
103194,2025-08-09,Frontend Developer,Senior,Санкт-Петербург,Офис,Стартап (<50),"CSS, React, TypeScript",109000,134000,RUB
101155,2025-08-09,Full-stack Developer,Junior,Удалённо (Россия),Офис,Стартап (<50),"Git, JavaScript, Node.js",42000,50000,RUB
103856,2025-08-09,QA Engineer,Lead,Москва,Гибрид,Средняя (250-1000),"Git, Manual Testing, Postman, SQL",190000,243000,RUB
103275,2025-08-09,Data Analyst,Middle,Санкт-Петербург,Офис,Малая (50-250),"Excel, Git, Python, SQL, Tableau",69000,89000,RUB
102107,2025-08-09,Data Analyst,Senior,Москва,Гибрид,Малая (50-250),"Excel, Git, Power BI, SQL, Tableau",164000,192000,RUB
102526,2025-08-09,Data Engineer,Junior,Москва,Офис,Малая (50-250),"Docker, Git, Kafka, Python, SQL",56000,67000,RUB
102978,2025-08-10,ML Engineer,Middle,Казань,Гибрид,Малая (50-250),"Docker, Kubernetes, MLflow, PyTorch, Python, TensorFlow",97000,122000,RUB
105556,2025-08-10,Data Analyst,Senior,Москва,Удалённо,Крупная (1000+),"Excel, Git, Power BI, Python, SQL, Tableau",173000,216000,RUB
104433,2025-08-10,Full-stack Developer,Middle,Москва,Гибрид,Стартап (<50),"Git, React, SQL",110000,133000,RUB
100614,2025-08-11,System Analyst,Junior,Удалённо (Россия),Гибрид,Средняя (250-1000),"Git, Jira, SQL, UML",48000,58000,RUB
104825,2025-08-11,Mobile Developer,Senior,Удалённо (Россия),Удалённо,Стартап (<50),"Git, Kotlin, REST API, SQL, Swift",134000,155000,RUB
102864,2025-08-11,Data Analyst,Senior,Удалённо (Россия),Гибрид,Крупная (1000+),"Excel, Git, Power BI, Python, Tableau",133000,160000,RUB
104367,2025-08-11,Full-stack Developer,Lead,Казань,Удалённо,Стартап (<50),"Git, JavaScript, Node.js",198000,243000,RUB
101563,2025-08-11,Data Analyst,Junior,Москва,Удалённо,Стартап (<50),"Git, Python, SQL",37000,48000,RUB
101807,2025-08-11,ML Engineer,Middle,Санкт-Петербург,Гибрид,Крупная (1000+),"Git, MLflow, TensorFlow",108000,137000,RUB
101669,2025-08-12,Frontend Developer,Junior,Москва,Офис,Крупная (1000+),"CSS, Git, HTML, JavaScript",70000,84000,RUB
103292,2025-08-12,Data Engineer,Middle,Екатеринбург,Удалённо,Крупная (1000+),"ClickHouse, Git, Python, SQL, Spark",95000,116000,RUB
103783,2025-08-12,Backend Developer,Lead,Москва,Гибрид,Малая (50-250),"Git, Kubernetes, Python, REST API",226000,277000,RUB
102883,2025-08-12,DevOps Engineer,Junior,Удалённо (Россия),Гибрид,Средняя (250-1000),"AWS, CI/CD, Docker, Git",68000,86000,RUB
104553,2025-08-12,Data Engineer,Senior,Москва,Удалённо,Малая (50-250),"Airflow, Git, SQL",185000,246000,RUB
100342,2025-08-13,QA Engineer,Middle,Москва,Удалённо,Малая (50-250),"Git, Postman, Python, SQL, Selenium",80000,93000,RUB
105439,2025-08-13,Frontend Developer,Senior,Москва,Офис,Малая (50-250),"CSS, Git, HTML, JavaScript, React, TypeScript",171000,206000,RUB
103525,2025-08-13,Full-stack Developer,Junior,Москва,Удалённо,Крупная (1000+),"Docker, Git, JavaScript, Node.js, React",83000,97000,RUB
105891,2025-08-13,Data Analyst,Junior,Новосибирск,Гибрид,Малая (50-250),"Excel, Git, Power BI, Python, SQL",32000,40000,RUB
102492,2025-08-13,Data Scientist,Senior,Екатеринбург,Офис,Малая (50-250),"Docker, Git, Pandas, PyTorch, Scikit-learn",101000,132000,RUB
100510,2025-08-13,Backend Developer,Senior,Краснодар,Гибрид,Стартап (<50),"Docker, Git, Java, REST API, SQL",111000,143000,RUB
101864,2025-08-13,Data Analyst,Middle,Санкт-Петербург,Офис,Стартап (<50),"Excel, Git, Power BI, Python, SQL, Tableau",60000,76000,RUB
105449,2025-08-13,Frontend Developer,Junior,Новосибирск,Офис,Стартап (<50),"Git, HTML, React, TypeScript",30000,36000,RUB
101106,2025-08-13,Backend Developer,Junior,Санкт-Петербург,Гибрид,Малая (50-250),"Docker, Git, Java, PostgreSQL, Python",56000,67000,RUB
105311,2025-08-13,ML Engineer,Middle,Удалённо (Россия),Офис,Крупная (1000+),"Docker, Git, Kubernetes, MLflow, PyTorch, Python, TensorFlow",151000,194000,RUB
103116,2025-08-13,Product Manager,Junior,Удалённо (Россия),Удалённо,Крупная (1000+),"Agile, Analytics, Git, SQL",83000,96000,RUB
105764,2025-08-13,DevOps Engineer,Middle,Удалённо (Россия),Гибрид,Малая (50-250),"AWS, CI/CD, Git, Kubernetes, Terraform",113000,139000,RUB
103187,2025-08-14,Backend Developer,Junior,Москва,Удалённо,Малая (50-250),"Git, Kubernetes, SQL",69000,85000,RUB
102771,2025-08-14,Backend Developer,Middle,Москва,Удалённо,Средняя (250-1000),"Docker, Git, Java, Kubernetes, REST API, SQL",118000,141000,RUB
105140,2025-08-14,ML Engineer,Middle,Москва,Офис,Малая (50-250),"Docker, Git, MLflow, PyTorch, Python",120000,155000,RUB
105278,2025-08-14,Mobile Developer,Middle,Москва,Гибрид,Средняя (250-1000),"Git, SQL, Swift",122000,159000,RUB
100982,2025-08-14,Frontend Developer,Middle,Екатеринбург,Гибрид,Средняя (250-1000),"CSS, Git, React, TypeScript",79000,102000,RUB
101771,2025-08-15,Data Analyst,Middle,Краснодар,Офис,Крупная (1000+),"Excel, Git, Power BI, SQL",56000,69000,RUB
101126,2025-08-15,Data Analyst,Middle,Удалённо (Россия),Гибрид,Средняя (250-1000),"Excel, Git, SQL",91000,119000,RUB
105532,2025-08-15,Mobile Developer,Junior,Казань,Офис,Малая (50-250),"Git, Kotlin, REST API, SQL, Swift",40000,54000,RUB
103153,2025-08-15,ML Engineer,Middle,Санкт-Петербург,Офис,Малая (50-250),"Docker, Git, MLflow, Python, TensorFlow",114000,146000,RUB
105120,2025-08-15,Backend Developer,Senior,Москва,Гибрид,Стартап (<50),"Git, PostgreSQL, REST API, SQL",163000,219000,RUB
100979,2025-08-15,QA Engineer,Junior,Екатеринбург,Офис,Малая (50-250),"Git, Manual Testing, Python, SQL, Selenium",30000,37000,RUB
103782,2025-08-15,Data Scientist,Junior,Москва,Гибрид,Стартап (<50),"Git, PyTorch, Scikit-learn, Statistics",64000,81000,RUB
104921,2025-08-15,Mobile Developer,Junior,Москва,Гибрид,Малая (50-250),"Git, Kotlin, REST API, SQL, Swift",59000,74000,RUB
102980,2025-08-16,Product Manager,Senior,Удалённо (Россия),Гибрид,Малая (50-250),"Agile, Git, Jira, SQL",161000,205000,RUB
105495,2025-08-16,System Analyst,Junior,Москва,Удалённо,Стартап (<50),"Confluence, Git, Jira, SQL, UML",58000,73000,RUB
101029,2025-08-16,Frontend Developer,Senior,Москва,Удалённо,Стартап (<50),"Git, JavaScript, React, TypeScript",111000,131000,RUB
105875,2025-08-16,Data Engineer,Junior,Москва,Удалённо,Малая (50-250),"Airflow, Docker, Git, Kafka, Spark",72000,93000,RUB
105268,2025-08-17,QA Engineer,Junior,Краснодар,Удалённо,Стартап (<50),"Git, Manual Testing, Python, SQL",30000,38000,RUB
104077,2025-08-17,Frontend Developer,Lead,Москва,Удалённо,Малая (50-250),"CSS, Git, JavaScript, TypeScript",205000,275000,RUB
104214,2025-08-17,Backend Developer,Middle,Москва,Удалённо,Крупная (1000+),"Git, Java, PostgreSQL, Python, REST API",133000,159000,RUB
105231,2025-08-17,Data Analyst,Lead,Краснодар,Офис,Средняя (250-1000),"Git, Power BI, Python, SQL, Tableau",79000,91000,RUB
101718,2025-08-17,Data Scientist,Junior,Удалённо (Россия),Офис,Средняя (250-1000),"Docker, Git, Pandas, SQL, Scikit-learn",59000,74000,RUB
105895,2025-08-18,Data Analyst,Middle,Санкт-Петербург,Офис,Крупная (1000+),"Excel, Git, Power BI, SQL, Tableau",91000,119000,RUB
103825,2025-08-18,Frontend Developer,Senior,Москва,Удалённо,Малая (50-250),"CSS, Git, HTML, JavaScript, React, TypeScript",195000,258000,RUB
100037,2025-08-18,Full-stack Developer,Senior,Екатеринбург,Гибрид,Средняя (250-1000),"Docker, Git, JavaScript, React, SQL",117000,156000,RUB
102067,2025-08-18,Mobile Developer,Middle,Санкт-Петербург,Офис,Стартап (<50),"Git, Kotlin, REST API, Swift",80000,96000,RUB
104350,2025-08-18,DevOps Engineer,Junior,Новосибирск,Удалённо,Малая (50-250),"AWS, CI/CD, Kubernetes, Linux, Terraform",47000,61000,RUB
104221,2025-08-18,Mobile Developer,Junior,Санкт-Петербург,Удалённо,Малая (50-250),"Git, REST API, SQL",61000,78000,RUB
102790,2025-08-18,Frontend Developer,Middle,Екатеринбург,Гибрид,Средняя (250-1000),"CSS, Git, HTML, JavaScript, TypeScript",46000,55000,RUB
101934,2025-08-18,Frontend Developer,Senior,Екатеринбург,Гибрид,Малая (50-250),"CSS, Git, React, TypeScript",85000,98000,RUB
102956,2025-08-19,System Analyst,Lead,Удалённо (Россия),Гибрид,Средняя (250-1000),"BPMN, Confluence, SQL, UML",168000,211000,RUB
101435,2025-08-19,Frontend Developer,Middle,Казань,Удалённо,Малая (50-250),"CSS, Git, HTML, JavaScript, React, TypeScript",56000,75000,RUB
105833,2025-08-19,Frontend Developer,Middle,Екатеринбург,Офис,Малая (50-250),"CSS, Git, React, TypeScript",63000,76000,RUB
104864,2025-08-19,Frontend Developer,Senior,Удалённо (Россия),Удалённо,Малая (50-250),"Git, HTML, JavaScript, React, TypeScript",123000,165000,RUB
102091,2025-08-20,Full-stack Developer,Middle,Удалённо (Россия),Удалённо,Стартап (<50),"Docker, Git, JavaScript, Node.js, React, SQL",104000,138000,RUB
101625,2025-08-20,Backend Developer,Middle,Краснодар,Гибрид,Средняя (250-1000),"Docker, Git, Java, PostgreSQL, REST API",65000,78000,RUB
103469,2025-08-20,Mobile Developer,Senior,Санкт-Петербург,Гибрид,Средняя (250-1000),"Git, Kotlin, REST API, SQL",132000,168000,RUB
100551,2025-08-20,Data Engineer,Lead,Казань,Гибрид,Стартап (<50),"Airflow, ClickHouse, Docker, Git, Kafka, SQL",121000,158000,RUB
102280,2025-08-20,Full-stack Developer,Junior,Москва,Офис,Средняя (250-1000),"Docker, Git, JavaScript, Node.js",48000,60000,RUB
104148,2025-08-20,System Analyst,Junior,Санкт-Петербург,Удалённо,Малая (50-250),"BPMN, Confluence, Git, Jira, SQL, UML",47000,62000,RUB
101272,2025-08-20,Data Analyst,Junior,Москва,Гибрид,Средняя (250-1000),"Git, Power BI, Python, SQL, Tableau",48000,63000,RUB
100126,2025-08-20,ML Engineer,Middle,Нижний Новгород,Удалённо,Малая (50-250),"Docker, Git, Kubernetes, MLflow, PyTorch, Python",79000,100000,RUB
104719,2025-08-20,Full-stack Developer,Senior,Удалённо (Россия),Удалённо,Стартап (<50),"Docker, Git, JavaScript, Node.js, React, SQL",142000,189000,RUB
103919,2025-08-20,Data Engineer,Junior,Новосибирск,Гибрид,Крупная (1000+),"Python, SQL, Spark",49000,57000,RUB
101580,2025-08-20,ML Engineer,Middle,Санкт-Петербург,Гибрид,Крупная (1000+),"Docker, Git, Kubernetes, Python, TensorFlow",138000,183000,RUB
103990,2025-08-20,Frontend Developer,Junior,Удалённо (Россия),Гибрид,Крупная (1000+),"CSS, Git, HTML, JavaScript, React, TypeScript",42000,53000,RUB
105399,2025-08-20,Data Engineer,Junior,Санкт-Петербург,Удалённо,Средняя (250-1000),"ClickHouse, Docker, Git, Kafka, Python",68000,78000,RUB
105131,2025-08-21,Data Analyst,Senior,Москва,Гибрид,Крупная (1000+),"Excel, Git, Python, SQL, Tableau",169000,210000,RUB
105205,2025-08-21,System Analyst,Senior,Москва,Гибрид,Средняя (250-1000),"BPMN, Confluence, Git, Jira, SQL, UML",164000,200000,RUB
102761,2025-08-21,DevOps Engineer,Junior,Удалённо (Россия),Гибрид,Малая (50-250),"AWS, CI/CD, Git",74000,100000,RUB
100845,2025-08-21,ML Engineer,Junior,Новосибирск,Гибрид,Малая (50-250),"Docker, Git, Kubernetes, MLflow, PyTorch, Python",41000,48000,RUB
102888,2025-08-21,Data Analyst,Middle,Санкт-Петербург,Гибрид,Средняя (250-1000),"Excel, Git, Python, Tableau",88000,113000,RUB
103024,2025-08-22,System Analyst,Middle,Санкт-Петербург,Офис,Стартап (<50),"Confluence, Git, Jira",66000,85000,RUB
102666,2025-08-22,Backend Developer,Junior,Новосибирск,Гибрид,Малая (50-250),"Docker, Git, PostgreSQL, Python, REST API, SQL",37000,44000,RUB
101343,2025-08-22,Backend Developer,Senior,Москва,Гибрид,Крупная (1000+),"Git, Java, Kubernetes, REST API, SQL",172000,227000,RUB
103308,2025-08-22,Data Analyst,Junior,Екатеринбург,Гибрид,Стартап (<50),"Excel, Git, Power BI, SQL, Tableau",30000,35000,RUB
103833,2025-08-23,QA Engineer,Senior,Удалённо (Россия),Удалённо,Малая (50-250),"Git, Manual Testing, Postman, SQL",80000,98000,RUB
102517,2025-08-23,Full-stack Developer,Junior,Москва,Гибрид,Стартап (<50),"Git, JavaScript, Node.js, React",47000,55000,RUB
103949,2025-08-23,DevOps Engineer,Middle,Удалённо (Россия),Удалённо,Малая (50-250),"Docker, Git, Kubernetes, Linux",98000,126000,RUB
105409,2025-08-23,System Analyst,Middle,Москва,Удалённо,Крупная (1000+),"BPMN, Confluence, Git, Jira, SQL, UML",112000,147000,RUB
101959,2025-08-23,Data Engineer,Lead,Екатеринбург,Гибрид,Крупная (1000+),"Airflow, ClickHouse, Docker, Git, Kafka, Spark",181000,223000,RUB
105984,2025-08-23,Frontend Developer,Senior,Москва,Офис,Стартап (<50),"CSS, Git, HTML, React, TypeScript",140000,176000,RUB
105774,2025-08-23,Data Analyst,Senior,Казань,Офис,Малая (50-250),"Excel, Git, Power BI, Python, SQL, Tableau",91000,106000,RUB
104185,2025-08-23,System Analyst,Middle,Удалённо (Россия),Гибрид,Стартап (<50),"BPMN, Confluence, Git, Jira, SQL, UML",52000,65000,RUB
104681,2025-08-23,Backend Developer,Middle,Москва,Офис,Средняя (250-1000),"Docker, Git, Kubernetes, PostgreSQL, Python, REST API, SQL",104000,133000,RUB
101255,2025-08-24,QA Engineer,Junior,Казань,Гибрид,Малая (50-250),"Git, Manual Testing, Postman, Python, Selenium",30000,38000,RUB
105457,2025-08-24,ML Engineer,Middle,Удалённо (Россия),Офис,Малая (50-250),"Docker, Git, Kubernetes, MLflow, Python",125000,168000,RUB
101260,2025-08-24,Backend Developer,Senior,Новосибирск,Офис,Средняя (250-1000),"Git, Java, Kubernetes, PostgreSQL, Python, REST API",117000,143000,RUB
104351,2025-08-24,Full-stack Developer,Middle,Москва,Удалённо,Средняя (250-1000),"Docker, Git, Node.js, React",98000,130000,RUB
103167,2025-08-25,Data Scientist,Senior,Москва,Офис,Средняя (250-1000),"Git, PyTorch, SQL, Scikit-learn",196000,245000,RUB
100383,2025-08-25,Backend Developer,Middle,Санкт-Петербург,Гибрид,Крупная (1000+),"Docker, Git, Java, PostgreSQL, Python, SQL",93000,108000,RUB
105100,2025-08-25,ML Engineer,Senior,Нижний Новгород,Удалённо,Средняя (250-1000),"Docker, Git, MLflow, PyTorch, Python, TensorFlow",125000,158000,RUB
101710,2025-08-25,Backend Developer,Middle,Москва,Гибрид,Средняя (250-1000),"Docker, Git, Kubernetes, PostgreSQL, SQL",113000,150000,RUB
100545,2025-08-25,DevOps Engineer,Junior,Удалённо (Россия),Гибрид,Средняя (250-1000),"AWS, Docker, Git, Kubernetes, Linux, Terraform",65000,75000,RUB
101927,2025-08-25,Backend Developer,Senior,Екатеринбург,Удалённо,Стартап (<50),"Git, Kubernetes, SQL",92000,115000,RUB
102422,2025-08-26,Full-stack Developer,Senior,Нижний Новгород,Гибрид,Стартап (<50),"Docker, Git, JavaScript, React, SQL",94000,125000,RUB
102400,2025-08-26,Data Analyst,Senior,Краснодар,Удалённо,Средняя (250-1000),"Excel, Git, Power BI, SQL",87000,109000,RUB
104474,2025-08-26,ML Engineer,Senior,Новосибирск,Удалённо,Стартап (<50),"Git, MLflow, TensorFlow",150000,187000,RUB
103213,2025-08-26,Frontend Developer,Lead,Казань,Удалённо,Крупная (1000+),"CSS, Git, HTML, JavaScript, React, TypeScript",156000,199000,RUB
100576,2025-08-26,Data Scientist,Middle,Удалённо (Россия),Удалённо,Крупная (1000+),"Git, PyTorch, Python, SQL, Statistics",97000,130000,RUB
100943,2025-08-26,Frontend Developer,Junior,Удалённо (Россия),Офис,Малая (50-250),"CSS, Git, HTML, TypeScript",43000,51000,RUB
105994,2025-08-26,System Analyst,Senior,Казань,Офис,Средняя (250-1000),"BPMN, Git, Jira, SQL, UML",129000,167000,RUB
101143,2025-08-26,Full-stack Developer,Junior,Москва,Удалённо,Малая (50-250),"Docker, JavaScript, Node.js, React, SQL",53000,71000,RUB
101479,2025-08-26,Mobile Developer,Middle,Новосибирск,Офис,Малая (50-250),"Git, Kotlin, REST API, SQL, Swift",51000,59000,RUB
103103,2025-08-26,Data Analyst,Junior,Казань,Гибрид,Стартап (<50),"Excel, Git, Power BI, SQL, Tableau",30000,38000,RUB
104387,2025-08-27,Frontend Developer,Middle,Удалённо (Россия),Гибрид,Малая (50-250),"CSS, Git, HTML, JavaScript, React, TypeScript",73000,94000,RUB
100038,2025-08-27,ML Engineer,Middle,Новосибирск,Удалённо,Малая (50-250),"Git, Kubernetes, MLflow, PyTorch, Python, TensorFlow",83000,99000,RUB
104861,2025-08-27,Data Engineer,Senior,Удалённо (Россия),Гибрид,Крупная (1000+),"ClickHouse, Docker, Git, SQL",126000,147000,RUB
102427,2025-08-27,Backend Developer,Junior,Москва,Удалённо,Крупная (1000+),"Docker, Git, Kubernetes, Python, REST API, SQL",62000,83000,RUB
100696,2025-08-27,ML Engineer,Junior,Санкт-Петербург,Офис,Стартап (<50),"Docker, Git, Kubernetes, PyTorch, Python, TensorFlow",43000,55000,RUB
100188,2025-08-28,Full-stack Developer,Senior,Москва,Гибрид,Стартап (<50),"Docker, Git, Node.js, React, SQL",143000,183000,RUB
102576,2025-08-28,Full-stack Developer,Middle,Новосибирск,Удалённо,Стартап (<50),"Git, JavaScript, React, SQL",57000,75000,RUB
103933,2025-08-28,Mobile Developer,Middle,Удалённо (Россия),Гибрид,Крупная (1000+),"Git, Kotlin, REST API, SQL, Swift",117000,149000,RUB
104133,2025-08-28,Frontend Developer,Senior,Новосибирск,Офис,Малая (50-250),"Git, HTML, JavaScript",80000,106000,RUB
104363,2025-08-28,QA Engineer,Middle,Москва,Офис,Крупная (1000+),"Git, Manual Testing, Postman, Python, SQL, Selenium",98000,121000,RUB
103965,2025-08-28,Frontend Developer,Junior,Москва,Офис,Крупная (1000+),"CSS, Git, JavaScript, React",61000,71000,RUB
105084,2025-08-28,Data Analyst,Senior,Казань,Офис,Малая (50-250),"Git, SQL, Tableau",83000,111000,RUB
102618,2025-08-28,Data Analyst,Senior,Казань,Удалённо,Малая (50-250),"Git, Power BI, SQL, Tableau",71000,95000,RUB
102711,2025-08-29,Frontend Developer,Junior,Удалённо (Россия),Гибрид,Крупная (1000+),"Git, JavaScript, React",57000,73000,RUB
100981,2025-08-29,Frontend Developer,Senior,Москва,Гибрид,Крупная (1000+),"Git, HTML, React, TypeScript",163000,203000,RUB
103528,2025-08-29,QA Engineer,Senior,Санкт-Петербург,Удалённо,Средняя (250-1000),"Git, Manual Testing, Postman, Python, SQL, Selenium",91000,121000,RUB
104487,2025-08-29,Full-stack Developer,Junior,Москва,Гибрид,Крупная (1000+),"Docker, Git, JavaScript, Node.js, React, SQL",63000,77000,RUB
105064,2025-08-29,Data Analyst,Junior,Москва,Гибрид,Стартап (<50),"Git, Power BI, Python, SQL, Tableau",50000,63000,RUB
101401,2025-08-29,DevOps Engineer,Senior,Санкт-Петербург,Гибрид,Малая (50-250),"AWS, CI/CD, Docker, Git, Linux",157000,212000,RUB
101833,2025-08-29,Frontend Developer,Middle,Новосибирск,Удалённо,Средняя (250-1000),"CSS, Git, JavaScript",65000,77000,RUB
102889,2025-08-29,Data Analyst,Junior,Краснодар,Удалённо,Стартап (<50),"Excel, Git, Power BI, Python, SQL, Tableau",30000,36000,RUB
101705,2025-08-29,ML Engineer,Junior,Новосибирск,Гибрид,Стартап (<50),"Docker, Git, Kubernetes, MLflow, Python, TensorFlow",43000,55000,RUB
104096,2025-08-30,Data Analyst,Middle,Краснодар,Офис,Малая (50-250),"Excel, Git, Python, SQL",40000,50000,RUB
104679,2025-08-30,DevOps Engineer,Junior,Санкт-Петербург,Удалённо,Малая (50-250),"AWS, CI/CD, Docker, Git, Kubernetes, Terraform",37000,44000,RUB
104490,2025-08-30,Data Engineer,Middle,Удалённо (Россия),Удалённо,Малая (50-250),"Airflow, Git, Kafka, Python, SQL, Spark",100000,128000,RUB
101295,2025-08-30,Full-stack Developer,Lead,Удалённо (Россия),Гибрид,Средняя (250-1000),"Docker, Git, JavaScript, Node.js",219000,262000,RUB
103189,2025-08-30,ML Engineer,Junior,Новосибирск,Удалённо,Крупная (1000+),"Git, Kubernetes, PyTorch, Python, TensorFlow",60000,76000,RUB
104016,2025-08-30,Full-stack Developer,Senior,Удалённо (Россия),Удалённо,Средняя (250-1000),"Docker, Git, Node.js, SQL",149000,176000,RUB
104968,2025-08-30,Data Scientist,Senior,Екатеринбург,Офис,Средняя (250-1000),"Docker, Git, PyTorch, SQL",120000,150000,RUB
100299,2025-08-30,Data Engineer,Junior,Новосибирск,Гибрид,Стартап (<50),"ClickHouse, Git, Kafka, Python, SQL, Spark",39000,51000,RUB
100373,2025-08-30,DevOps Engineer,Senior,Москва,Офис,Средняя (250-1000),"AWS, CI/CD, Docker, Git, Kubernetes, Linux, Terraform",164000,221000,RUB
104379,2025-08-31,Backend Developer,Senior,Москва,Гибрид,Малая (50-250),"Docker, Git, Kubernetes, PostgreSQL, Python, SQL",205000,254000,RUB
102670,2025-08-31,Full-stack Developer,Middle,Москва,Удалённо,Малая (50-250),"Docker, Git, JavaScript, Node.js, React, SQL",111000,136000,RUB
105090,2025-08-31,Data Analyst,Middle,Краснодар,Офис,Крупная (1000+),"Git, Power BI, Python, SQL, Tableau",53000,66000,RUB
105365,2025-08-31,QA Engineer,Junior,Казань,Гибрид,Крупная (1000+),"Git, Manual Testing, Postman, SQL",31000,42000,RUB
103691,2025-08-31,Data Analyst,Senior,Нижний Новгород,Гибрид,Стартап (<50),"Excel, Git, Power BI, Python, SQL, Tableau",70000,88000,RUB
101348,2025-09-01,Mobile Developer,Middle,Москва,Удалённо,Средняя (250-1000),"Git, Kotlin, REST API, SQL",108000,137000,RUB
104554,2025-09-01,Data Scientist,Middle,Санкт-Петербург,Удалённо,Средняя (250-1000),"Git, Pandas, PyTorch, Scikit-learn, Statistics",125000,163000,RUB
100113,2025-09-01,Product Manager,Middle,Санкт-Петербург,Удалённо,Малая (50-250),"Agile, Git, SQL",76000,91000,RUB
104824,2025-09-01,System Analyst,Middle,Екатеринбург,Удалённо,Средняя (250-1000),"BPMN, Confluence, Git, Jira, UML",71000,83000,RUB
103970,2025-09-01,Data Analyst,Junior,Удалённо (Россия),Удалённо,Средняя (250-1000),"Excel, Git, Python, Tableau",39000,49000,RUB
100971,2025-09-01,Full-stack Developer,Senior,Екатеринбург,Офис,Стартап (<50),"Docker, Git, Node.js, SQL",96000,127000,RUB
103704,2025-09-01,System Analyst,Middle,Новосибирск,Гибрид,Малая (50-250),"BPMN, Confluence, Git, Jira, UML",61000,75000,RUB
103573,2025-09-01,Product Manager,Junior,Новосибирск,Офис,Малая (50-250),"Agile, Analytics, Confluence, Git, Jira, SQL",41000,49000,RUB
102251,2025-09-02,Mobile Developer,Senior,Нижний Новгород,Офис,Крупная (1000+),"Git, SQL, Swift",112000,148000,RUB
105824,2025-09-02,Backend Developer,Middle,Москва,Офис,Малая (50-250),"Git, PostgreSQL, SQL",110000,142000,RUB
100890,2025-09-02,DevOps Engineer,Junior,Казань,Гибрид,Средняя (250-1000),"CI/CD, Docker, Git, Kubernetes, Linux",45000,59000,RUB
104448,2025-09-02,Data Engineer,Junior,Удалённо (Россия),Удалённо,Крупная (1000+),"Docker, Git, Kafka, Python",76000,97000,RUB
105919,2025-09-02,Data Engineer,Senior,Нижний Новгород,Гибрид,Стартап (<50),"Airflow, Git, Kafka",85000,112000,RUB
102079,2025-09-02,Data Analyst,Junior,Удалённо (Россия),Офис,Малая (50-250),"Excel, Git, Power BI, Python, SQL, Tableau",51000,64000,RUB
103587,2025-09-02,QA Engineer,Junior,Москва,Гибрид,Стартап (<50),"Git, Manual Testing, Postman, Python, SQL, Selenium",42000,56000,RUB
100915,2025-09-02,Data Scientist,Middle,Санкт-Петербург,Удалённо,Стартап (<50),"Git, Pandas, SQL, Scikit-learn, Statistics",91000,114000,RUB
104210,2025-09-03,Mobile Developer,Middle,Москва,Офис,Крупная (1000+),"Git, Kotlin, REST API, Swift",115000,140000,RUB
101891,2025-09-03,Backend Developer,Middle,Москва,Удалённо,Средняя (250-1000),"Docker, Git, Java, Python, REST API, SQL",109000,142000,RUB
104798,2025-09-03,Backend Developer,Senior,Удалённо (Россия),Удалённо,Крупная (1000+),"Git, Kubernetes, PostgreSQL",164000,202000,RUB
103964,2025-09-03,Data Analyst,Senior,Санкт-Петербург,Гибрид,Малая (50-250),"Git, Power BI, Python, Tableau",123000,149000,RUB
102514,2025-09-03,Data Scientist,Middle,Новосибирск,Гибрид,Стартап (<50),"Docker, Git, Scikit-learn, Statistics",77000,99000,RUB
101842,2025-09-03,Data Engineer,Junior,Санкт-Петербург,Офис,Крупная (1000+),"ClickHouse, Docker, Git, Python, SQL",64000,83000,RUB
101212,2025-09-04,QA Engineer,Lead,Санкт-Петербург,Удалённо,Малая (50-250),"Git, Manual Testing, Postman, Python, SQL, Selenium",132000,162000,RUB
103717,2025-09-04,Backend Developer,Junior,Москва,Офис,Стартап (<50),"Git, Kubernetes, REST API",61000,82000,RUB
101690,2025-09-04,Backend Developer,Middle,Санкт-Петербург,Удалённо,Крупная (1000+),"Git, Java, Kubernetes",88000,102000,RUB
103022,2025-09-04,Frontend Developer,Junior,Удалённо (Россия),Офис,Малая (50-250),"Git, HTML, TypeScript",48000,61000,RUB
104519,2025-09-04,System Analyst,Middle,Санкт-Петербург,Удалённо,Крупная (1000+),"BPMN, Git, Jira, UML",86000,103000,RUB
101417,2025-09-04,Data Engineer,Junior,Москва,Офис,Средняя (250-1000),"Airflow, ClickHouse, Docker, Python, SQL, Spark",73000,97000,RUB
101220,2025-09-05,Product Manager,Junior,Москва,Гибрид,Стартап (<50),"Confluence, Git, Jira, SQL",57000,67000,RUB
102458,2025-09-05,System Analyst,Junior,Москва,Гибрид,Малая (50-250),"Git, Jira, SQL",53000,69000,RUB
104605,2025-09-05,Backend Developer,Senior,Санкт-Петербург,Гибрид,Стартап (<50),"Git, Kubernetes, PostgreSQL, Python, REST API",141000,174000,RUB
100368,2025-09-05,DevOps Engineer,Middle,Новосибирск,Офис,Средняя (250-1000),"AWS, CI/CD, Git, Kubernetes, Linux",88000,116000,RUB
103547,2025-09-05,Data Analyst,Middle,Удалённо (Россия),Офис,Стартап (<50),"Git, Power BI, SQL",81000,108000,RUB
104643,2025-09-06,Data Scientist,Junior,Новосибирск,Удалённо,Средняя (250-1000),"Docker, Git, Pandas, PyTorch, Python, Statistics",59000,73000,RUB
100710,2025-09-06,Full-stack Developer,Senior,Удалённо (Россия),Гибрид,Средняя (250-1000),"Docker, Git, JavaScript, Node.js, React",165000,212000,RUB
104339,2025-09-06,Frontend Developer,Senior,Екатеринбург,Гибрид,Стартап (<50),"Git, JavaScript, React, TypeScript",95000,118000,RUB
104742,2025-09-06,QA Engineer,Middle,Санкт-Петербург,Гибрид,Стартап (<50),"Git, Manual Testing, Postman, SQL",77000,102000,RUB
102547,2025-09-07,System Analyst,Senior,Удалённо (Россия),Удалённо,Средняя (250-1000),"BPMN, Git, Jira, SQL, UML",178000,234000,RUB
101631,2025-09-07,Backend Developer,Middle,Екатеринбург,Офис,Малая (50-250),"Docker, Git, Java, Kubernetes, Python, REST API, SQL",66000,77000,RUB
100074,2025-09-07,Data Scientist,Senior,Санкт-Петербург,Гибрид,Средняя (250-1000),"Docker, Git, Pandas, Python, SQL, Scikit-learn, Statistics",161000,190000,RUB
100141,2025-09-07,Product Manager,Senior,Удалённо (Россия),Офис,Малая (50-250),"Analytics, Confluence, Git, Jira, SQL",145000,170000,RUB
105560,2025-09-07,Frontend Developer,Middle,Удалённо (Россия),Удалённо,Крупная (1000+),"CSS, Git, HTML, JavaScript",86000,101000,RUB
102111,2025-09-07,Data Analyst,Senior,Казань,Гибрид,Малая (50-250),"Excel, Git, Power BI, Tableau",96000,113000,RUB
100395,2025-09-07,QA Engineer,Junior,Казань,Офис,Малая (50-250),"Git, Manual Testing, Postman, Python, SQL, Selenium",30000,35000,RUB
100999,2025-09-07,Frontend Developer,Senior,Екатеринбург,Гибрид,Средняя (250-1000),"CSS, Git, HTML, JavaScript, React, TypeScript",91000,107000,RUB
101553,2025-09-07,Full-stack Developer,Middle,Екатеринбург,Офис,Стартап (<50),"Docker, Git, JavaScript, Node.js, React, SQL",45000,61000,RUB
100358,2025-09-08,Backend Developer,Junior,Москва,Гибрид,Средняя (250-1000),"Git, Kubernetes, PostgreSQL, Python",53000,70000,RUB
104152,2025-09-08,Frontend Developer,Lead,Москва,Удалённо,Средняя (250-1000),"CSS, Git, HTML, JavaScript, React, TypeScript",171000,212000,RUB
104103,2025-09-08,QA Engineer,Senior,Казань,Удалённо,Крупная (1000+),"Git, Manual Testing, Postman, Python",98000,121000,RUB
102336,2025-09-08,Data Analyst,Middle,Москва,Гибрид,Средняя (250-1000),"Excel, Git, Power BI, Python, SQL, Tableau",98000,121000,RUB
101462,2025-09-08,Frontend Developer,Junior,Краснодар,Удалённо,Средняя (250-1000),"Git, HTML, JavaScript, React, TypeScript",30000,37000,RUB
101442,2025-09-09,QA Engineer,Senior,Москва,Офис,Малая (50-250),"Git, SQL, Selenium",99000,120000,RUB
104648,2025-09-09,Full-stack Developer,Senior,Удалённо (Россия),Офис,Малая (50-250),"Docker, Git, Node.js, React, SQL",123000,146000,RUB
104517,2025-09-09,Data Analyst,Middle,Удалённо (Россия),Удалённо,Стартап (<50),"Excel, Git, Python, SQL, Tableau",75000,96000,RUB
104523,2025-09-10,Frontend Developer,Middle,Новосибирск,Удалённо,Стартап (<50),"CSS, Git, React, TypeScript",63000,78000,RUB
105018,2025-09-10,System Analyst,Middle,Москва,Удалённо,Малая (50-250),"BPMN, Confluence, Git, Jira, SQL, UML",77000,94000,RUB
100629,2025-09-10,QA Engineer,Junior,Удалённо (Россия),Гибрид,Средняя (250-1000),"Git, Manual Testing, Postman, Python, SQL",40000,47000,RUB
100381,2025-09-10,Data Analyst,Junior,Удалённо (Россия),Удалённо,Стартап (<50),"Excel, Git, Power BI, Python, SQL, Tableau",42000,53000,RUB
104239,2025-09-10,System Analyst,Senior,Санкт-Петербург,Гибрид,Стартап (<50),"Git, Jira, SQL",125000,161000,RUB
104880,2025-09-11,Full-stack Developer,Middle,Удалённо (Россия),Офис,Крупная (1000+),"Docker, Git, Node.js, SQL",103000,134000,RUB
103289,2025-09-11,DevOps Engineer,Middle,Екатеринбург,Гибрид,Малая (50-250),"AWS, CI/CD, Docker, Git, Linux, Terraform",69000,87000,RUB
104437,2025-09-11,Data Analyst,Lead,Краснодар,Офис,Малая (50-250),"Git, Power BI, Python, Tableau",76000,93000,RUB
103377,2025-09-11,Data Scientist,Middle,Москва,Гибрид,Малая (50-250),"Git, SQL, Statistics",121000,149000,RUB
103074,2025-09-11,QA Engineer,Middle,Казань,Гибрид,Малая (50-250),"Git, Manual Testing, Postman, Python, Selenium",46000,55000,RUB
100504,2025-09-11,Mobile Developer,Middle,Санкт-Петербург,Гибрид,Малая (50-250),"Git, Kotlin, REST API, SQL, Swift",81000,107000,RUB
101257,2025-09-11,Mobile Developer,Middle,Удалённо (Россия),Удалённо,Крупная (1000+),"Git, Kotlin, REST API, SQL, Swift",109000,127000,RUB
100118,2025-09-12,Frontend Developer,Middle,Новосибирск,Гибрид,Средняя (250-1000),"CSS, Git, HTML, JavaScript, React, TypeScript",81000,98000,RUB
103643,2025-09-12,Data Analyst,Junior,Удалённо (Россия),Гибрид,Малая (50-250),"Excel, Git, Power BI, Python, SQL, Tableau",37000,47000,RUB
102165,2025-09-12,DevOps Engineer,Junior,Москва,Гибрид,Малая (50-250),"CI/CD, Git, Linux, Terraform",47000,58000,RUB
101987,2025-09-12,Data Analyst,Junior,Москва,Офис,Малая (50-250),"Excel, Git, Power BI, Python, SQL, Tableau",58000,70000,RUB
102057,2025-09-12,Data Analyst,Middle,Москва,Гибрид,Малая (50-250),"Excel, Git, Power BI, Python, SQL, Tableau",85000,109000,RUB
100992,2025-09-12,Data Engineer,Junior,Удалённо (Россия),Офис,Малая (50-250),"Airflow, ClickHouse, Docker, Kafka, Python, SQL",59000,71000,RUB
102566,2025-09-13,Backend Developer,Middle,Москва,Офис,Малая (50-250),"Docker, Git, Python, SQL",80000,102000,RUB
102198,2025-09-13,Backend Developer,Senior,Санкт-Петербург,Офис,Малая (50-250),"Docker, Git, Kubernetes, PostgreSQL, REST API, SQL",152000,190000,RUB
103439,2025-09-13,Backend Developer,Senior,Москва,Офис,Малая (50-250),"Docker, Git, Java, Kubernetes, Python",194000,234000,RUB
100728,2025-09-14,DevOps Engineer,Senior,Москва,Офис,Крупная (1000+),"AWS, CI/CD, Docker, Git, Linux, Terraform",189000,248000,RUB
104423,2025-09-14,Data Analyst,Senior,Москва,Офис,Стартап (<50),"Git, Power BI, Python, Tableau",124000,164000,RUB
105189,2025-09-14,Backend Developer,Junior,Санкт-Петербург,Офис,Крупная (1000+),"Git, Java, Python, REST API",64000,86000,RUB
102350,2025-09-14,Frontend Developer,Middle,Санкт-Петербург,Офис,Малая (50-250),"CSS, Git, JavaScript, React",72000,95000,RUB
104464,2025-09-14,ML Engineer,Senior,Удалённо (Россия),Офис,Малая (50-250),"Git, MLflow, PyTorch, Python",183000,225000,RUB
104782,2025-09-14,DevOps Engineer,Junior,Казань,Офис,Крупная (1000+),"CI/CD, Git, Terraform",43000,55000,RUB
101801,2025-09-15,Frontend Developer,Middle,Екатеринбург,Удалённо,Крупная (1000+),"CSS, HTML, JavaScript, React",63000,82000,RUB
100809,2025-09-15,Full-stack Developer,Middle,Москва,Офис,Малая (50-250),"Docker, Git, JavaScript, React, SQL",90000,122000,RUB
105557,2025-09-15,Data Analyst,Senior,Удалённо (Россия),Гибрид,Малая (50-250),"Excel, Git, Tableau",132000,158000,RUB
105282,2025-09-15,Data Engineer,Senior,Удалённо (Россия),Гибрид,Крупная (1000+),"Airflow, Git, Kafka, SQL, Spark",215000,274000,RUB
101135,2025-09-15,Data Analyst,Junior,Удалённо (Россия),Удалённо,Стартап (<50),"Git, Power BI, Python, Tableau",46000,61000,RUB
100410,2025-09-16,DevOps Engineer,Middle,Санкт-Петербург,Гибрид,Малая (50-250),"Docker, Kubernetes, Linux, Terraform",96000,126000,RUB
105745,2025-09-16,QA Engineer,Lead,Москва,Удалённо,Средняя (250-1000),"Git, Manual Testing, Python, Selenium",175000,213000,RUB
103613,2025-09-16,Frontend Developer,Junior,Москва,Удалённо,Малая (50-250),"CSS, Git, HTML, JavaScript, React, TypeScript",56000,68000,RUB
103550,2025-09-16,ML Engineer,Middle,Москва,Офис,Стартап (<50),"Docker, Git, Kubernetes, MLflow, PyTorch, TensorFlow",115000,134000,RUB
103664,2025-09-16,Data Analyst,Middle,Москва,Офис,Средняя (250-1000),"Excel, Git, Power BI, Python, SQL, Tableau",94000,121000,RUB
105463,2025-09-16,Data Scientist,Junior,Новосибирск,Гибрид,Крупная (1000+),"Docker, Git, Pandas, SQL, Statistics",47000,58000,RUB
104659,2025-09-16,Product Manager,Junior,Удалённо (Россия),Удалённо,Стартап (<50),"Agile, Analytics, Confluence, Git, Jira, SQL",47000,59000,RUB
101514,2025-09-16,DevOps Engineer,Junior,Нижний Новгород,Удалённо,Средняя (250-1000),"AWS, CI/CD, Docker, Git, Kubernetes, Linux",37000,44000,RUB
102532,2025-09-17,Full-stack Developer,Senior,Удалённо (Россия),Гибрид,Средняя (250-1000),"Docker, Git, JavaScript, Node.js, SQL",158000,188000,RUB
105641,2025-09-17,Mobile Developer,Lead,Екатеринбург,Гибрид,Стартап (<50),"Git, Kotlin, REST API, SQL, Swift",138000,182000,RUB
104422,2025-09-17,Data Analyst,Junior,Удалённо (Россия),Гибрид,Стартап (<50),"Git, Python, Tableau",49000,60000,RUB
103605,2025-09-17,Data Engineer,Middle,Удалённо (Россия),Удалённо,Стартап (<50),"Airflow, ClickHouse, Docker, Git, Python, Spark",103000,127000,RUB
105204,2025-09-17,Full-stack Developer,Middle,Москва,Гибрид,Малая (50-250),"Git, Node.js, React, SQL",85000,99000,RUB
104994,2025-09-17,Data Engineer,Junior,Нижний Новгород,Офис,Стартап (<50),"Airflow, Git, Kafka, Python, Spark",35000,42000,RUB
102886,2025-09-17,System Analyst,Senior,Санкт-Петербург,Офис,Стартап (<50),"BPMN, Git, Jira, SQL",134000,164000,RUB
102413,2025-09-17,System Analyst,Middle,Краснодар,Удалённо,Малая (50-250),"BPMN, Confluence, Git, Jira, SQL, UML",56000,70000,RUB
102050,2025-09-17,Data Analyst,Senior,Нижний Новгород,Офис,Малая (50-250),"Excel, Git, Power BI, Python, SQL, Tableau",78000,94000,RUB
102622,2025-09-17,Frontend Developer,Middle,Екатеринбург,Удалённо,Малая (50-250),"Git, HTML, JavaScript, React, TypeScript",76000,93000,RUB
100344,2025-09-17,QA Engineer,Senior,Краснодар,Офис,Средняя (250-1000),"Git, Manual Testing, Postman, Python, SQL, Selenium",67000,84000,RUB
105442,2025-09-17,Frontend Developer,Middle,Санкт-Петербург,Удалённо,Средняя (250-1000),"CSS, Git, HTML, JavaScript, React, TypeScript",80000,106000,RUB
104340,2025-09-18,Backend Developer,Junior,Екатеринбург,Удалённо,Стартап (<50),"Git, Kubernetes, PostgreSQL, Python, REST API, SQL",31000,39000,RUB
101724,2025-09-18,Mobile Developer,Middle,Краснодар,Удалённо,Крупная (1000+),"Git, Kotlin, REST API, SQL, Swift",70000,91000,RUB
104048,2025-09-18,QA Engineer,Middle,Удалённо (Россия),Гибрид,Стартап (<50),"Git, Manual Testing, Postman, Python, SQL, Selenium",77000,97000,RUB
100595,2025-09-18,Data Scientist,Senior,Санкт-Петербург,Офис,Малая (50-250),"Git, PyTorch, Python, SQL, Scikit-learn, Statistics",108000,133000,RUB
103595,2025-09-19,Data Analyst,Senior,Удалённо (Россия),Гибрид,Малая (50-250),"Excel, Git, Power BI, SQL, Tableau",170000,227000,RUB
104522,2025-09-19,ML Engineer,Middle,Москва,Офис,Стартап (<50),"Docker, Git, Kubernetes, PyTorch, TensorFlow",81000,94000,RUB
104599,2025-09-19,Full-stack Developer,Middle,Санкт-Петербург,Офис,Малая (50-250),"Docker, Git, JavaScript, Node.js, SQL",100000,123000,RUB
102629,2025-09-19,Data Engineer,Senior,Москва,Гибрид,Средняя (250-1000),"Docker, Git, Python, Spark",190000,247000,RUB
104180,2025-09-19,Frontend Developer,Senior,Нижний Новгород,Удалённо,Малая (50-250),"CSS, Git, HTML, React, TypeScript",77000,94000,RUB
102893,2025-09-19,DevOps Engineer,Middle,Удалённо (Россия),Удалённо,Средняя (250-1000),"AWS, CI/CD, Docker, Git, Kubernetes, Linux",133000,167000,RUB
104177,2025-09-20,Data Analyst,Lead,Москва,Удалённо,Малая (50-250),"Git, SQL, Tableau",247000,328000,RUB
100473,2025-09-20,Mobile Developer,Junior,Москва,Удалённо,Малая (50-250),"Git, Kotlin, REST API, SQL, Swift",72000,92000,RUB
102459,2025-09-20,Product Manager,Middle,Удалённо (Россия),Гибрид,Стартап (<50),"Agile, Analytics, Confluence, Git, Jira, SQL",84000,112000,RUB
105814,2025-09-20,Data Analyst,Middle,Удалённо (Россия),Гибрид,Средняя (250-1000),"Excel, Git, Power BI, Tableau",81000,98000,RUB
100224,2025-09-20,DevOps Engineer,Senior,Нижний Новгород,Удалённо,Средняя (250-1000),"CI/CD, Docker, Git, Kubernetes, Linux, Terraform",112000,143000,RUB
102772,2025-09-21,Backend Developer,Middle,Казань,Офис,Стартап (<50),"Docker, Git, Kubernetes, PostgreSQL, REST API",58000,69000,RUB
105137,2025-09-21,QA Engineer,Middle,Екатеринбург,Гибрид,Средняя (250-1000),"Git, Manual Testing, Postman, Python, SQL, Selenium",55000,68000,RUB
102677,2025-09-21,Data Analyst,Senior,Москва,Офис,Стартап (<50),"Git, Power BI, Python, SQL, Tableau",126000,152000,RUB
100466,2025-09-22,Frontend Developer,Middle,Санкт-Петербург,Гибрид,Крупная (1000+),"CSS, Git, HTML, React, TypeScript",86000,110000,RUB
100872,2025-09-22,Data Engineer,Middle,Нижний Новгород,Офис,Крупная (1000+),"Airflow, ClickHouse, Git, Kafka, Spark",73000,91000,RUB
100286,2025-09-22,Backend Developer,Junior,Москва,Офис,Стартап (<50),"Docker, Git, Java, Python",61000,77000,RUB
104484,2025-09-22,QA Engineer,Senior,Удалённо (Россия),Удалённо,Крупная (1000+),"Git, Manual Testing, Postman, Python, Selenium",142000,186000,RUB
105827,2025-09-22,Backend Developer,Junior,Москва,Удалённо,Крупная (1000+),"Git, Java, PostgreSQL, REST API",77000,103000,RUB
103474,2025-09-22,Product Manager,Middle,Нижний Новгород,Удалённо,Малая (50-250),"Agile, Analytics, Git, Jira, SQL",80000,98000,RUB
100168,2025-09-23,System Analyst,Junior,Удалённо (Россия),Офис,Малая (50-250),"BPMN, Confluence, Git, Jira, SQL, UML",33000,42000,RUB
100332,2025-09-23,Data Engineer,Senior,Краснодар,Удалённо,Стартап (<50),"Airflow, Docker, Kafka, SQL, Spark",107000,124000,RUB
104155,2025-09-23,Data Analyst,Junior,Москва,Гибрид,Стартап (<50),"Excel, Git, SQL, Tableau",48000,65000,RUB
102364,2025-09-23,Data Analyst,Junior,Москва,Гибрид,Средняя (250-1000),"Excel, Git, Power BI, Python, SQL, Tableau",43000,55000,RUB
105112,2025-09-23,Backend Developer,Lead,Москва,Гибрид,Стартап (<50),"Git, Kubernetes, Python",236000,290000,RUB
103713,2025-09-23,Backend Developer,Middle,Краснодар,Удалённо,Стартап (<50),"Git, Kubernetes, PostgreSQL, Python, REST API, SQL",49000,56000,RUB
100584,2025-09-24,Mobile Developer,Senior,Санкт-Петербург,Гибрид,Стартап (<50),"Git, SQL, Swift",157000,205000,RUB
105066,2025-09-24,Product Manager,Middle,Москва,Офис,Средняя (250-1000),"Agile, Analytics, Confluence, Git, Jira, SQL",128000,171000,RUB
101113,2025-09-24,Product Manager,Junior,Удалённо (Россия),Офис,Малая (50-250),"Agile, Analytics, Confluence, Git, Jira, SQL",60000,75000,RUB
105397,2025-09-24,Frontend Developer,Senior,Москва,Гибрид,Малая (50-250),"CSS, Git, HTML, JavaScript, React, TypeScript",138000,166000,RUB
101997,2025-09-24,Frontend Developer,Senior,Новосибирск,Офис,Стартап (<50),"CSS, Git, JavaScript",82000,95000,RUB
102503,2025-09-24,QA Engineer,Junior,Новосибирск,Офис,Стартап (<50),"Git, Manual Testing, Python",30000,40000,RUB
104697,2025-09-24,Data Scientist,Junior,Екатеринбург,Офис,Малая (50-250),"Docker, Git, Pandas, PyTorch",37000,45000,RUB
100636,2025-09-25,System Analyst,Lead,Москва,Гибрид,Стартап (<50),"Git, SQL, UML",200000,246000,RUB
100762,2025-09-25,Full-stack Developer,Junior,Казань,Офис,Средняя (250-1000),"Docker, React, SQL",34000,46000,RUB
100361,2025-09-25,DevOps Engineer,Senior,Удалённо (Россия),Офис,Средняя (250-1000),"CI/CD, Docker, Git, Terraform",201000,244000,RUB
101590,2025-09-25,Data Analyst,Junior,Нижний Новгород,Удалённо,Малая (50-250),"Excel, Git, Python",30000,38000,RUB
100556,2025-09-25,Data Analyst,Junior,Москва,Удалённо,Крупная (1000+),"Excel, Git, Power BI, Python, SQL, Tableau",54000,73000,RUB
101385,2025-09-25,Frontend Developer,Junior,Москва,Офис,Стартап (<50),"CSS, Git, HTML, JavaScript, React, TypeScript",45000,61000,RUB
104244,2025-09-26,DevOps Engineer,Junior,Новосибирск,Гибрид,Стартап (<50),"AWS, CI/CD, Git",36000,42000,RUB
104858,2025-09-26,Data Analyst,Junior,Санкт-Петербург,Офис,Крупная (1000+),"Excel, Git, Power BI, Python, SQL, Tableau",43000,56000,RUB
104224,2025-09-26,Data Analyst,Junior,Санкт-Петербург,Офис,Малая (50-250),"Excel, Git, Python",37000,46000,RUB
105148,2025-09-26,Data Scientist,Senior,Удалённо (Россия),Удалённо,Стартап (<50),"Docker, Git, Pandas, Python, SQL, Scikit-learn, Statistics",200000,266000,RUB
100185,2025-09-26,DevOps Engineer,Middle,Новосибирск,Офис,Малая (50-250),"AWS, CI/CD, Git, Kubernetes, Linux, Terraform",64000,81000,RUB
105800,2025-09-26,Data Scientist,Senior,Нижний Новгород,Удалённо,Стартап (<50),"Git, Pandas, SQL, Scikit-learn, Statistics",105000,123000,RUB
105594,2025-09-26,Mobile Developer,Middle,Санкт-Петербург,Офис,Малая (50-250),"Git, Kotlin, REST API",91000,113000,RUB
102445,2025-09-26,Product Manager,Senior,Москва,Гибрид,Крупная (1000+),"Agile, Analytics, Confluence, Git, Jira, SQL",221000,255000,RUB
102226,2025-09-27,DevOps Engineer,Middle,Санкт-Петербург,Гибрид,Малая (50-250),"CI/CD, Docker, Git, Linux, Terraform",114000,132000,RUB
103272,2025-09-27,Backend Developer,Senior,Москва,Офис,Крупная (1000+),"Docker, Git, Java, PostgreSQL, REST API, SQL",208000,254000,RUB
102692,2025-09-27,ML Engineer,Middle,Новосибирск,Удалённо,Средняя (250-1000),"Docker, Git, Kubernetes, MLflow, Python, TensorFlow",107000,133000,RUB
103224,2025-09-27,Backend Developer,Senior,Удалённо (Россия),Удалённо,Малая (50-250),"Docker, Git, Java, PostgreSQL, Python, SQL",148000,185000,RUB
104919,2025-09-27,Backend Developer,Junior,Удалённо (Россия),Офис,Крупная (1000+),"Docker, Git, Kubernetes, Python, REST API",48000,63000,RUB
103422,2025-09-27,Data Analyst,Lead,Екатеринбург,Удалённо,Средняя (250-1000),"Excel, Git, Power BI, Python, SQL, Tableau",118000,156000,RUB
104207,2025-09-27,Data Analyst,Junior,Нижний Новгород,Гибрид,Стартап (<50),"Excel, Git, Power BI, Python, SQL, Tableau",30000,36000,RUB
102816,2025-09-28,DevOps Engineer,Senior,Удалённо (Россия),Офис,Малая (50-250),"AWS, CI/CD, Docker, Git, Linux, Terraform",180000,238000,RUB
101607,2025-09-28,System Analyst,Middle,Новосибирск,Удалённо,Стартап (<50),"BPMN, Confluence, Git, Jira, SQL, UML",53000,70000,RUB
103326,2025-09-28,Full-stack Developer,Middle,Москва,Удалённо,Крупная (1000+),"Docker, JavaScript, Node.js, SQL",116000,146000,RUB
101524,2025-09-28,System Analyst,Lead,Санкт-Петербург,Удалённо,Крупная (1000+),"BPMN, Confluence, Git, Jira, SQL, UML",201000,263000,RUB
105694,2025-09-28,Data Engineer,Senior,Москва,Гибрид,Стартап (<50),"Airflow, Git, Python",161000,214000,RUB
105802,2025-09-28,Full-stack Developer,Middle,Нижний Новгород,Офис,Малая (50-250),"Docker, Git, JavaScript, Node.js, React, SQL",61000,75000,RUB
100438,2025-09-29,QA Engineer,Junior,Москва,Удалённо,Средняя (250-1000),"Git, Manual Testing, Postman, SQL, Selenium",46000,58000,RUB
103040,2025-09-29,Product Manager,Middle,Казань,Гибрид,Стартап (<50),"Agile, Confluence, Git, Jira, SQL",86000,99000,RUB
101234,2025-09-29,Mobile Developer,Middle,Удалённо (Россия),Офис,Малая (50-250),"Git, Kotlin, REST API, SQL",77000,103000,RUB
104466,2025-09-29,Mobile Developer,Senior,Краснодар,Удалённо,Крупная (1000+),"Git, Kotlin, REST API, SQL, Swift",100000,132000,RUB
101839,2025-09-29,Data Engineer,Lead,Москва,Гибрид,Малая (50-250),"Docker, Git, Kafka, Python, SQL, Spark",247000,300000,RUB
105783,2025-09-29,Frontend Developer,Junior,Екатеринбург,Гибрид,Средняя (250-1000),"CSS, Git, JavaScript, React, TypeScript",41000,55000,RUB
102797,2025-09-29,Mobile Developer,Senior,Удалённо (Россия),Офис,Средняя (250-1000),"Git, Kotlin, REST API, SQL, Swift",185000,226000,RUB
100903,2025-09-29,Data Analyst,Junior,Новосибирск,Удалённо,Стартап (<50),"Excel, Git, SQL, Tableau",32000,42000,RUB
104193,2025-09-29,Data Engineer,Junior,Екатеринбург,Гибрид,Средняя (250-1000),"Airflow, Docker, Git, Python, Spark",48000,63000,RUB
103468,2025-09-29,Product Manager,Senior,Москва,Гибрид,Крупная (1000+),"Agile, Git, Jira, SQL",228000,276000,RUB
102813,2025-09-30,Data Analyst,Junior,Новосибирск,Удалённо,Стартап (<50),"Git, Power BI, SQL, Tableau",30000,40000,RUB
103000,2025-09-30,QA Engineer,Lead,Удалённо (Россия),Удалённо,Крупная (1000+),"Postman, Python, Selenium",183000,230000,RUB
102236,2025-09-30,Frontend Developer,Middle,Новосибирск,Офис,Малая (50-250),"CSS, Git, HTML, React",51000,66000,RUB
105165,2025-09-30,Data Scientist,Senior,Санкт-Петербург,Офис,Крупная (1000+),"Docker, Git, Pandas, PyTorch, Statistics",227000,285000,RUB
102701,2025-09-30,Mobile Developer,Senior,Екатеринбург,Гибрид,Крупная (1000+),"Git, REST API, SQL, Swift",108000,138000,RUB
102125,2025-09-30,Data Engineer,Lead,Москва,Гибрид,Стартап (<50),"Airflow, ClickHouse, Docker, Git, SQL",200000,242000,RUB
100793,2025-09-30,Data Analyst,Senior,Екатеринбург,Удалённо,Средняя (250-1000),"Excel, Git, Power BI, Python, SQL, Tableau",100000,118000,RUB
103151,2025-10-01,Product Manager,Middle,Удалённо (Россия),Гибрид,Стартап (<50),"Agile, Analytics, Git, SQL",102000,137000,RUB
103358,2025-10-01,Frontend Developer,Middle,Нижний Новгород,Гибрид,Стартап (<50),"CSS, Git, TypeScript",62000,72000,RUB
104188,2025-10-01,Data Scientist,Junior,Удалённо (Россия),Гибрид,Стартап (<50),"Git, Pandas, PyTorch, Python, SQL, Statistics",64000,80000,RUB
101574,2025-10-01,Backend Developer,Middle,Казань,Офис,Стартап (<50),"Git, Java, Kubernetes, PostgreSQL, Python, REST API, SQL",59000,68000,RUB
100378,2025-10-02,Frontend Developer,Middle,Краснодар,Удалённо,Малая (50-250),"CSS, Git, HTML, JavaScript",47000,59000,RUB
101995,2025-10-02,Data Analyst,Middle,Москва,Офис,Крупная (1000+),"Git, Power BI, Python, SQL, Tableau",89000,117000,RUB
105786,2025-10-02,DevOps Engineer,Senior,Санкт-Петербург,Удалённо,Средняя (250-1000),"CI/CD, Docker, Git, Kubernetes, Terraform",217000,260000,RUB
104529,2025-10-02,Frontend Developer,Lead,Москва,Офис,Малая (50-250),"CSS, Git, React, TypeScript",189000,237000,RUB
105443,2025-10-03,DevOps Engineer,Lead,Екатеринбург,Офис,Малая (50-250),"AWS, Git, Kubernetes",159000,199000,RUB
103245,2025-10-03,System Analyst,Middle,Москва,Удалённо,Стартап (<50),"BPMN, Confluence, Git, Jira, UML",103000,126000,RUB
101092,2025-10-03,ML Engineer,Junior,Санкт-Петербург,Офис,Стартап (<50),"Git, Python, TensorFlow",57000,71000,RUB
104117,2025-10-03,Product Manager,Lead,Удалённо (Россия),Гибрид,Стартап (<50),"Agile, Analytics, Confluence, Git, Jira, SQL",202000,264000,RUB
102500,2025-10-03,Full-stack Developer,Middle,Санкт-Петербург,Удалённо,Малая (50-250),"Docker, Git, JavaScript, Node.js",105000,126000,RUB
103350,2025-10-03,DevOps Engineer,Middle,Удалённо (Россия),Гибрид,Крупная (1000+),"AWS, Docker, Git, Kubernetes, Linux, Terraform",133000,161000,RUB
102664,2025-10-03,ML Engineer,Middle,Москва,Гибрид,Средняя (250-1000),"Git, Kubernetes, MLflow, PyTorch, Python, TensorFlow",168000,214000,RUB
101541,2025-10-03,Data Analyst,Senior,Москва,Гибрид,Крупная (1000+),"Git, Power BI, Python, SQL",180000,235000,RUB
105693,2025-10-03,Data Engineer,Junior,Санкт-Петербург,Гибрид,Малая (50-250),"ClickHouse, Docker, Git, Kafka, Python, SQL, Spark",50000,66000,RUB
105494,2025-10-03,Data Analyst,Junior,Екатеринбург,Офис,Крупная (1000+),"Excel, Git, Power BI, Python, SQL, Tableau",32000,40000,RUB
105139,2025-10-03,Data Analyst,Senior,Москва,Гибрид,Крупная (1000+),"Excel, Git, Python, SQL, Tableau",130000,171000,RUB
105308,2025-10-04,Mobile Developer,Middle,Казань,Гибрид,Стартап (<50),"Git, Kotlin, SQL, Swift",67000,82000,RUB
101331,2025-10-04,Mobile Developer,Lead,Краснодар,Гибрид,Крупная (1000+),"Git, Kotlin, REST API, SQL, Swift",137000,177000,RUB
103795,2025-10-05,Data Analyst,Senior,Удалённо (Россия),Офис,Малая (50-250),"Git, Power BI, Python, SQL, Tableau",128000,151000,RUB
102787,2025-10-05,Full-stack Developer,Senior,Удалённо (Россия),Гибрид,Крупная (1000+),"Docker, Git, JavaScript, Node.js, React, SQL",207000,241000,RUB
102425,2025-10-05,Frontend Developer,Junior,Новосибирск,Гибрид,Средняя (250-1000),"Git, HTML, React, TypeScript",30000,38000,RUB
103981,2025-10-05,ML Engineer,Junior,Санкт-Петербург,Офис,Средняя (250-1000),"Docker, Git, Python",46000,59000,RUB
103373,2025-10-06,Backend Developer,Senior,Краснодар,Удалённо,Стартап (<50),"Docker, Git, Java, PostgreSQL, Python, REST API",107000,125000,RUB
100900,2025-10-06,QA Engineer,Senior,Краснодар,Офис,Малая (50-250),"Git, Manual Testing, Postman, Python, SQL, Selenium",70000,93000,RUB
103925,2025-10-06,Frontend Developer,Senior,Новосибирск,Офис,Стартап (<50),"CSS, Git, HTML, JavaScript, React",84000,107000,RUB
103944,2025-10-06,DevOps Engineer,Middle,Удалённо (Россия),Удалённо,Крупная (1000+),"AWS, CI/CD, Docker, Git, Kubernetes, Linux",107000,127000,RUB
100253,2025-10-06,DevOps Engineer,Middle,Москва,Гибрид,Средняя (250-1000),"AWS, Docker, Kubernetes, Linux",136000,168000,RUB
100434,2025-10-07,System Analyst,Senior,Удалённо (Россия),Офис,Стартап (<50),"BPMN, Confluence, Git, Jira, SQL, UML",123000,157000,RUB
103943,2025-10-07,Data Analyst,Middle,Санкт-Петербург,Удалённо,Средняя (250-1000),"Excel, Git, Power BI, SQL, Tableau",94000,113000,RUB
102541,2025-10-07,ML Engineer,Middle,Москва,Удалённо,Малая (50-250),"Git, Kubernetes, MLflow, PyTorch, TensorFlow",113000,146000,RUB
104527,2025-10-07,Backend Developer,Junior,Санкт-Петербург,Удалённо,Средняя (250-1000),"Docker, Git, REST API, SQL",68000,80000,RUB
105522,2025-10-07,Frontend Developer,Middle,Краснодар,Гибрид,Малая (50-250),"Git, HTML, JavaScript",40000,51000,RUB
105128,2025-10-07,Data Analyst,Lead,Москва,Удалённо,Стартап (<50),"Excel, Git, Python, SQL, Tableau",223000,260000,RUB
105944,2025-10-07,System Analyst,Senior,Удалённо (Россия),Офис,Стартап (<50),"Confluence, Git, Jira, UML",107000,131000,RUB
103584,2025-10-08,Backend Developer,Junior,Санкт-Петербург,Офис,Малая (50-250),"Docker, Git, Java, PostgreSQL, Python, REST API, SQL",52000,64000,RUB
103579,2025-10-08,Frontend Developer,Senior,Удалённо (Россия),Офис,Стартап (<50),"Git, HTML, TypeScript",122000,151000,RUB
103134,2025-10-08,DevOps Engineer,Senior,Новосибирск,Удалённо,Малая (50-250),"CI/CD, Docker, Git, Kubernetes, Linux",133000,166000,RUB
105652,2025-10-09,ML Engineer,Middle,Москва,Гибрид,Крупная (1000+),"Docker, Git, MLflow, TensorFlow",157000,190000,RUB
104374,2025-10-09,Backend Developer,Middle,Удалённо (Россия),Удалённо,Стартап (<50),"Git, Java, PostgreSQL, Python, SQL",110000,148000,RUB
105223,2025-10-09,Product Manager,Senior,Москва,Офис,Стартап (<50),"Agile, Analytics, Git, Jira, SQL",176000,218000,RUB
103852,2025-10-09,Product Manager,Junior,Удалённо (Россия),Офис,Стартап (<50),"Analytics, Confluence, Git, Jira",54000,67000,RUB
103846,2025-10-09,Backend Developer,Middle,Москва,Офис,Малая (50-250),"Docker, Git, PostgreSQL",83000,100000,RUB
104821,2025-10-09,Data Scientist,Junior,Нижний Новгород,Офис,Стартап (<50),"Docker, Git, Pandas, Scikit-learn",36000,44000,RUB
104631,2025-10-09,System Analyst,Middle,Санкт-Петербург,Гибрид,Крупная (1000+),"BPMN, Git, SQL, UML",82000,102000,RUB
102847,2025-10-10,Full-stack Developer,Middle,Москва,Удалённо,Стартап (<50),"Git, JavaScript, Node.js, React, SQL",77000,96000,RUB
103288,2025-10-10,QA Engineer,Junior,Удалённо (Россия),Офис,Средняя (250-1000),"Git, Manual Testing, Postman, SQL, Selenium",39000,50000,RUB
105989,2025-10-10,Full-stack Developer,Lead,Москва,Удалённо,Крупная (1000+),"Docker, Git, JavaScript, Node.js, React, SQL",268000,344000,RUB
100308,2025-10-10,Full-stack Developer,Middle,Удалённо (Россия),Гибрид,Стартап (<50),"Git, JavaScript, React",71000,87000,RUB
104427,2025-10-10,System Analyst,Middle,Санкт-Петербург,Гибрид,Средняя (250-1000),"Confluence, Git, Jira, SQL, UML",113000,138000,RUB
105404,2025-10-10,Backend Developer,Junior,Новосибирск,Офис,Крупная (1000+),"Docker, Git, Java, PostgreSQL, Python, SQL",45000,54000,RUB
102372,2025-10-11,Product Manager,Senior,Нижний Новгород,Удалённо,Крупная (1000+),"Analytics, Git, SQL",142000,179000,RUB
104934,2025-10-11,Data Analyst,Middle,Москва,Удалённо,Крупная (1000+),"Excel, Git, Power BI, Python, SQL, Tableau",124000,167000,RUB
102309,2025-10-11,Data Analyst,Middle,Удалённо (Россия),Гибрид,Средняя (250-1000),"Excel, Git, Power BI, SQL",94000,114000,RUB
105688,2025-10-11,Data Scientist,Middle,Санкт-Петербург,Удалённо,Крупная (1000+),"Git, Pandas, PyTorch, Python, Statistics",156000,209000,RUB
101788,2025-10-11,Full-stack Developer,Lead,Новосибирск,Офис,Малая (50-250),"Docker, Git, JavaScript, Node.js, React, SQL",117000,153000,RUB
105968,2025-10-11,Mobile Developer,Middle,Санкт-Петербург,Гибрид,Средняя (250-1000),"Git, Kotlin, REST API, SQL, Swift",91000,111000,RUB
104134,2025-10-12,Full-stack Developer,Middle,Удалённо (Россия),Гибрид,Малая (50-250),"Docker, Git, JavaScript, Node.js, SQL",107000,123000,RUB
101521,2025-10-12,QA Engineer,Middle,Санкт-Петербург,Удалённо,Средняя (250-1000),"Git, Manual Testing, Postman, Python, SQL, Selenium",67000,89000,RUB
103410,2025-10-13,Frontend Developer,Junior,Новосибирск,Гибрид,Средняя (250-1000),"CSS, Git, HTML, JavaScript, React, TypeScript",31000,40000,RUB
103140,2025-10-13,Backend Developer,Junior,Казань,Гибрид,Малая (50-250),"Docker, Git, Java, Kubernetes, Python, SQL",39000,50000,RUB
105899,2025-10-13,Data Scientist,Middle,Удалённо (Россия),Гибрид,Малая (50-250),"Git, PyTorch, Python",113000,138000,RUB
104868,2025-10-13,Product Manager,Junior,Казань,Удалённо,Средняя (250-1000),"Analytics, Confluence, Git, Jira, SQL",47000,55000,RUB
101337,2025-10-13,Backend Developer,Junior,Нижний Новгород,Удалённо,Малая (50-250),"Docker, Git, Java",34000,42000,RUB
100631,2025-10-13,Data Analyst,Middle,Удалённо (Россия),Гибрид,Средняя (250-1000),"Excel, Git, Power BI, Python, SQL, Tableau",76000,93000,RUB
104540,2025-10-13,Backend Developer,Middle,Санкт-Петербург,Офис,Стартап (<50),"Docker, Git, Kubernetes, PostgreSQL, REST API, SQL",76000,92000,RUB
103447,2025-10-13,QA Engineer,Senior,Екатеринбург,Удалённо,Крупная (1000+),"Git, Python, SQL, Selenium",75000,101000,RUB
101535,2025-10-14,Mobile Developer,Junior,Москва,Удалённо,Малая (50-250),"Git, Kotlin, REST API, SQL, Swift",66000,86000,RUB
104699,2025-10-14,DevOps Engineer,Middle,Нижний Новгород,Удалённо,Стартап (<50),"AWS, CI/CD, Git, Terraform",60000,80000,RUB
102012,2025-10-14,System Analyst,Middle,Санкт-Петербург,Гибрид,Средняя (250-1000),"BPMN, Confluence, Git, Jira, SQL, UML",85000,114000,RUB
103518,2025-10-14,Data Analyst,Middle,Екатеринбург,Гибрид,Стартап (<50),"Git, Power BI, Python, SQL, Tableau",53000,64000,RUB
102491,2025-10-14,Data Scientist,Middle,Санкт-Петербург,Удалённо,Малая (50-250),"Git, Pandas, PyTorch, SQL, Statistics",96000,127000,RUB
103043,2025-10-14,DevOps Engineer,Middle,Москва,Удалённо,Стартап (<50),"CI/CD, Git, Kubernetes, Linux",118000,154000,RUB
103976,2025-10-14,Data Analyst,Middle,Москва,Гибрид,Средняя (250-1000),"Git, Power BI, Python",103000,123000,RUB
103567,2025-10-14,Data Analyst,Middle,Санкт-Петербург,Гибрид,Крупная (1000+),"Excel, Git, Power BI, SQL, Tableau",96000,115000,RUB
105060,2025-10-15,System Analyst,Senior,Удалённо (Россия),Гибрид,Малая (50-250),"BPMN, Confluence, Git, Jira, SQL, UML",132000,154000,RUB
103397,2025-10-15,Data Analyst,Senior,Санкт-Петербург,Гибрид,Малая (50-250),"Excel, Git, Power BI, Python",133000,164000,RUB
105869,2025-10-15,Frontend Developer,Junior,Санкт-Петербург,Гибрид,Стартап (<50),"CSS, Git, HTML, JavaScript, React",46000,62000,RUB
104930,2025-10-15,Frontend Developer,Junior,Новосибирск,Удалённо,Малая (50-250),"CSS, Git, HTML, React",30000,36000,RUB
103001,2025-10-16,Data Analyst,Middle,Удалённо (Россия),Гибрид,Крупная (1000+),"Git, Power BI, SQL",67000,84000,RUB
105849,2025-10-16,Data Scientist,Junior,Удалённо (Россия),Офис,Средняя (250-1000),"Git, Pandas, Python, SQL, Scikit-learn, Statistics",68000,86000,RUB
100009,2025-10-16,Frontend Developer,Middle,Москва,Офис,Стартап (<50),"Git, JavaScript, TypeScript",81000,103000,RUB
103087,2025-10-16,DevOps Engineer,Junior,Москва,Офис,Крупная (1000+),"CI/CD, Docker, Git, Linux, Terraform",66000,83000,RUB
100016,2025-10-16,Data Analyst,Senior,Удалённо (Россия),Удалённо,Стартап (<50),"Git, Power BI, SQL, Tableau",153000,205000,RUB
100601,2025-10-16,Data Analyst,Senior,Нижний Новгород,Офис,Крупная (1000+),"Excel, Git, Power BI, Python, SQL",93000,121000,RUB
103711,2025-10-17,ML Engineer,Senior,Казань,Удалённо,Стартап (<50),"Docker, Git, Kubernetes, PyTorch, TensorFlow",160000,205000,RUB
100193,2025-10-17,Frontend Developer,Junior,Москва,Гибрид,Крупная (1000+),"CSS, Git, JavaScript, TypeScript",64000,82000,RUB
101251,2025-10-17,DevOps Engineer,Senior,Нижний Новгород,Офис,Крупная (1000+),"AWS, CI/CD, Docker, Git, Kubernetes",128000,148000,RUB
104306,2025-10-17,System Analyst,Senior,Удалённо (Россия),Офис,Крупная (1000+),"BPMN, Confluence, Git, Jira, UML",149000,189000,RUB
100452,2025-10-17,Full-stack Developer,Senior,Новосибирск,Офис,Средняя (250-1000),"Docker, Git, JavaScript, Node.js, React",97000,130000,RUB
103250,2025-10-18,Mobile Developer,Junior,Новосибирск,Удалённо,Средняя (250-1000),"Git, Kotlin, SQL, Swift",39000,47000,RUB
104645,2025-10-18,Data Scientist,Middle,Новосибирск,Удалённо,Стартап (<50),"Git, Python, SQL, Scikit-learn",76000,94000,RUB
105353,2025-10-18,DevOps Engineer,Middle,Москва,Удалённо,Стартап (<50),"Docker, Git, Linux, Terraform",100000,129000,RUB
105822,2025-10-18,Data Analyst,Junior,Екатеринбург,Офис,Стартап (<50),"Excel, Git, Power BI, Python, SQL, Tableau",33000,40000,RUB
104509,2025-10-18,Backend Developer,Middle,Нижний Новгород,Гибрид,Средняя (250-1000),"Kubernetes, PostgreSQL, Python, REST API",69000,80000,RUB
103191,2025-10-18,Data Analyst,Senior,Краснодар,Удалённо,Средняя (250-1000),"Excel, Git, SQL, Tableau",74000,94000,RUB
104902,2025-10-18,Mobile Developer,Lead,Казань,Гибрид,Малая (50-250),"REST API, SQL, Swift",122000,150000,RUB
100265,2025-10-18,Mobile Developer,Middle,Москва,Гибрид,Малая (50-250),"Git, Kotlin, Swift",91000,113000,RUB
103542,2025-10-19,Frontend Developer,Junior,Удалённо (Россия),Гибрид,Малая (50-250),"CSS, Git, HTML, JavaScript, React, TypeScript",52000,62000,RUB
101719,2025-10-19,Data Analyst,Lead,Москва,Удалённо,Стартап (<50),"Git, Python, SQL, Tableau",228000,304000,RUB
101457,2025-10-19,Frontend Developer,Middle,Москва,Офис,Средняя (250-1000),"CSS, Git, HTML, JavaScript, TypeScript",107000,143000,RUB
102245,2025-10-20,Data Scientist,Senior,Екатеринбург,Офис,Средняя (250-1000),"Docker, Git, Python, Scikit-learn",148000,172000,RUB
103882,2025-10-20,Data Analyst,Lead,Москва,Офис,Средняя (250-1000),"Excel, Git, Power BI, SQL",182000,245000,RUB
100607,2025-10-20,Frontend Developer,Middle,Удалённо (Россия),Удалённо,Стартап (<50),"Git, HTML, JavaScript, React, TypeScript",84000,112000,RUB
102712,2025-10-20,DevOps Engineer,Junior,Удалённо (Россия),Удалённо,Средняя (250-1000),"AWS, Git, Kubernetes, Linux, Terraform",69000,87000,RUB
104291,2025-10-20,Frontend Developer,Junior,Москва,Гибрид,Крупная (1000+),"CSS, Git, React",62000,78000,RUB
102014,2025-10-20,Product Manager,Junior,Краснодар,Удалённо,Малая (50-250),"Analytics, Confluence, Git",38000,51000,RUB
100064,2025-10-21,Mobile Developer,Junior,Удалённо (Россия),Гибрид,Средняя (250-1000),"Git, Kotlin, REST API, SQL, Swift",58000,67000,RUB
102553,2025-10-21,Product Manager,Junior,Санкт-Петербург,Офис,Стартап (<50),"Agile, Confluence, Git, Jira",60000,70000,RUB
103705,2025-10-21,DevOps Engineer,Senior,Краснодар,Офис,Стартап (<50),"AWS, CI/CD, Docker, Git, Kubernetes, Linux",77000,89000,RUB
105292,2025-10-21,QA Engineer,Junior,Новосибирск,Гибрид,Средняя (250-1000),"Git, Manual Testing, Selenium",30000,37000,RUB
100785,2025-10-21,Frontend Developer,Middle,Москва,Удалённо,Крупная (1000+),"CSS, Git, HTML, JavaScript, React, TypeScript",107000,137000,RUB
104430,2025-10-21,Data Scientist,Middle,Краснодар,Удалённо,Крупная (1000+),"Docker, Git, Pandas, PyTorch, SQL, Scikit-learn",82000,107000,RUB
102988,2025-10-22,QA Engineer,Junior,Краснодар,Гибрид,Крупная (1000+),"Git, Manual Testing, Postman, Python, SQL",30000,40000,RUB
103097,2025-10-22,QA Engineer,Junior,Москва,Удалённо,Крупная (1000+),"Git, Postman, SQL, Selenium",49000,57000,RUB
102329,2025-10-22,Backend Developer,Middle,Нижний Новгород,Удалённо,Малая (50-250),"Java, REST API, SQL",53000,68000,RUB
103988,2025-10-22,DevOps Engineer,Senior,Краснодар,Гибрид,Средняя (250-1000),"Docker, Git, Kubernetes",139000,161000,RUB
102708,2025-10-22,Frontend Developer,Senior,Удалённо (Россия),Гибрид,Стартап (<50),"CSS, Git, HTML, JavaScript, TypeScript",160000,213000,RUB
105841,2025-10-22,Data Analyst,Junior,Москва,Гибрид,Малая (50-250),"Git, Power BI, Python, SQL",56000,74000,RUB
103291,2025-10-22,Data Analyst,Junior,Санкт-Петербург,Офис,Малая (50-250),"Excel, Git, Power BI, Python, SQL, Tableau",44000,57000,RUB
102600,2025-10-22,Data Engineer,Middle,Москва,Офис,Стартап (<50),"ClickHouse, Docker, Git, Python, Spark",103000,138000,RUB
101281,2025-10-22,Backend Developer,Junior,Санкт-Петербург,Гибрид,Средняя (250-1000),"Docker, Git, Java, Kubernetes, REST API",59000,79000,RUB
101547,2025-10-23,Data Analyst,Senior,Санкт-Петербург,Удалённо,Стартап (<50),"Git, Power BI, Python, SQL, Tableau",146000,181000,RUB
102984,2025-10-23,Full-stack Developer,Middle,Краснодар,Офис,Средняя (250-1000),"Docker, Git, JavaScript, Node.js, React, SQL",56000,67000,RUB
104086,2025-10-23,Data Scientist,Senior,Екатеринбург,Офис,Крупная (1000+),"Git, PyTorch, Python, Scikit-learn, Statistics",137000,163000,RUB
103113,2025-10-24,Data Analyst,Junior,Санкт-Петербург,Удалённо,Малая (50-250),"Excel, Git, Power BI, Python, SQL, Tableau",44000,58000,RUB
100432,2025-10-24,Product Manager,Junior,Москва,Удалённо,Стартап (<50),"Agile, Git, Jira, SQL",64000,85000,RUB
105111,2025-10-24,Data Engineer,Middle,Санкт-Петербург,Офис,Средняя (250-1000),"Airflow, Docker, Git, Kafka, Python, SQL",96000,118000,RUB
105753,2025-10-24,QA Engineer,Senior,Москва,Гибрид,Стартап (<50),"Git, Manual Testing, Postman, Python, SQL, Selenium",122000,147000,RUB
103733,2025-10-25,Frontend Developer,Middle,Новосибирск,Гибрид,Стартап (<50),"CSS, Git, HTML, JavaScript, TypeScript",74000,95000,RUB
105276,2025-10-25,Data Engineer,Middle,Краснодар,Офис,Стартап (<50),"Airflow, ClickHouse, Git, Kafka, SQL",69000,88000,RUB
103171,2025-10-25,ML Engineer,Middle,Москва,Офис,Крупная (1000+),"Git, Kubernetes, Python, TensorFlow",165000,197000,RUB
102374,2025-10-25,QA Engineer,Senior,Удалённо (Россия),Удалённо,Малая (50-250),"Git, Manual Testing, Postman, Python, SQL, Selenium",116000,148000,RUB
100285,2025-10-25,Product Manager,Middle,Москва,Гибрид,Стартап (<50),"Agile, Analytics, Git, Jira",110000,136000,RUB
101420,2025-10-25,Backend Developer,Senior,Казань,Гибрид,Стартап (<50),"Docker, Git, Java, REST API, SQL",96000,121000,RUB
101227,2025-10-25,QA Engineer,Junior,Санкт-Петербург,Офис,Стартап (<50),"Git, Manual Testing, Postman, Python, SQL",30000,40000,RUB
103147,2025-10-26,Backend Developer,Junior,Москва,Офис,Средняя (250-1000),"Git, Java, Kubernetes, PostgreSQL, REST API, SQL",74000,95000,RUB
104551,2025-10-26,Data Analyst,Senior,Нижний Новгород,Гибрид,Стартап (<50),"Excel, Git, Power BI, Python, Tableau",88000,110000,RUB
104252,2025-10-26,System Analyst,Middle,Удалённо (Россия),Гибрид,Малая (50-250),"Confluence, Git, SQL, UML",92000,113000,RUB
101104,2025-10-26,QA Engineer,Junior,Санкт-Петербург,Офис,Крупная (1000+),"Git, Manual Testing, Postman, Python, SQL, Selenium",40000,51000,RUB
100909,2025-10-26,Full-stack Developer,Senior,Новосибирск,Гибрид,Стартап (<50),"Docker, Git, JavaScript, Node.js, React, SQL",104000,134000,RUB
104976,2025-10-26,System Analyst,Middle,Удалённо (Россия),Офис,Средняя (250-1000),"BPMN, Git, UML",80000,95000,RUB
102720,2025-10-26,QA Engineer,Lead,Москва,Офис,Крупная (1000+),"Git, Manual Testing, Postman, Python, SQL, Selenium",254000,322000,RUB
100639,2025-10-26,Mobile Developer,Middle,Казань,Гибрид,Малая (50-250),"Git, Kotlin, REST API, SQL, Swift",64000,77000,RUB
105617,2025-10-27,Data Engineer,Junior,Казань,Удалённо,Стартап (<50),"Airflow, ClickHouse, Docker, Git, Kafka, Python",36000,44000,RUB
100134,2025-10-27,System Analyst,Junior,Москва,Офис,Крупная (1000+),"Confluence, Git, Jira, UML",52000,67000,RUB
102835,2025-10-27,Full-stack Developer,Senior,Нижний Новгород,Удалённо,Стартап (<50),"Docker, Git, JavaScript, Node.js",129000,170000,RUB
102703,2025-10-27,Data Engineer,Middle,Санкт-Петербург,Офис,Стартап (<50),"Airflow, ClickHouse, Docker, Git, Kafka, Spark",96000,121000,RUB
101419,2025-10-28,System Analyst,Senior,Москва,Гибрид,Средняя (250-1000),"BPMN, Confluence, Git, Jira, SQL, UML",151000,198000,RUB
104712,2025-10-28,Data Scientist,Middle,Краснодар,Гибрид,Малая (50-250),"Docker, PyTorch, SQL",64000,83000,RUB
102296,2025-10-28,DevOps Engineer,Middle,Екатеринбург,Гибрид,Стартап (<50),"CI/CD, Git, Kubernetes, Linux, Terraform",64000,83000,RUB
102899,2025-10-28,Data Engineer,Junior,Новосибирск,Гибрид,Средняя (250-1000),"Airflow, Git, Kafka, Python",41000,47000,RUB
100671,2025-10-28,DevOps Engineer,Middle,Москва,Офис,Стартап (<50),"CI/CD, Git, Linux, Terraform",136000,163000,RUB
104908,2025-10-28,Data Engineer,Middle,Удалённо (Россия),Офис,Малая (50-250),"ClickHouse, Docker, Git, Kafka, Python, SQL, Spark",129000,159000,RUB
100374,2025-10-29,Data Analyst,Senior,Москва,Офис,Малая (50-250),"Excel, Git, Python, SQL, Tableau",116000,142000,RUB
101063,2025-10-29,Backend Developer,Middle,Санкт-Петербург,Гибрид,Стартап (<50),"Docker, Git, PostgreSQL, SQL",103000,122000,RUB
100923,2025-10-29,QA Engineer,Junior,Москва,Офис,Малая (50-250),"Git, Postman, Python, SQL",42000,56000,RUB
103922,2025-10-29,System Analyst,Senior,Удалённо (Россия),Удалённо,Стартап (<50),"BPMN, Confluence, Git, Jira, SQL, UML",138000,165000,RUB
103569,2025-10-29,Data Engineer,Junior,Казань,Гибрид,Малая (50-250),"ClickHouse, Git, Kafka, SQL",40000,51000,RUB
102601,2025-10-29,Product Manager,Middle,Новосибирск,Офис,Стартап (<50),"Agile, Analytics, Confluence, Git, Jira, SQL",54000,69000,RUB
104401,2025-10-29,Data Engineer,Lead,Москва,Офис,Крупная (1000+),"ClickHouse, Docker, Git, SQL, Spark",304000,357000,RUB
104762,2025-10-29,Data Analyst,Middle,Санкт-Петербург,Удалённо,Малая (50-250),"Excel, Git, Power BI, Tableau",75000,92000,RUB
103311,2025-10-29,Data Analyst,Middle,Нижний Новгород,Гибрид,Стартап (<50),"Excel, Power BI, Python, SQL",56000,67000,RUB
104683,2025-10-30,Data Engineer,Senior,Нижний Новгород,Гибрид,Стартап (<50),"ClickHouse, Git, Kafka, Python, SQL",122000,162000,RUB
102948,2025-10-30,Data Scientist,Middle,Краснодар,Гибрид,Стартап (<50),"Docker, Git, Pandas, Python, SQL, Scikit-learn",58000,73000,RUB
104539,2025-10-30,Data Scientist,Junior,Краснодар,Гибрид,Крупная (1000+),"Docker, Git, Pandas, SQL, Scikit-learn, Statistics",38000,44000,RUB
100855,2025-10-30,Mobile Developer,Middle,Москва,Гибрид,Стартап (<50),"Git, REST API, SQL, Swift",92000,108000,RUB
101575,2025-10-30,QA Engineer,Junior,Москва,Удалённо,Крупная (1000+),"Git, Postman, Selenium",39000,48000,RUB
105659,2025-10-30,ML Engineer,Middle,Краснодар,Удалённо,Стартап (<50),"Git, Kubernetes, MLflow, PyTorch, Python, TensorFlow",67000,84000,RUB
105902,2025-10-31,Product Manager,Senior,Санкт-Петербург,Офис,Стартап (<50),"Agile, Analytics, Git, Jira",120000,140000,RUB
101542,2025-10-31,Mobile Developer,Middle,Краснодар,Удалённо,Малая (50-250),"Git, Kotlin, REST API, SQL",62000,80000,RUB
104847,2025-10-31,QA Engineer,Middle,Санкт-Петербург,Удалённо,Малая (50-250),"Git, Manual Testing, Postman, Python, SQL, Selenium",60000,71000,RUB
100863,2025-10-31,Mobile Developer,Junior,Москва,Удалённо,Крупная (1000+),"Git, REST API, SQL, Swift",71000,86000,RUB
105648,2025-10-31,Full-stack Developer,Senior,Новосибирск,Удалённо,Малая (50-250),"Git, Node.js, React, SQL",89000,111000,RUB
103290,2025-10-31,ML Engineer,Senior,Москва,Гибрид,Малая (50-250),"Docker, Git, Kubernetes, MLflow, PyTorch, Python",247000,310000,RUB
102333,2025-10-31,Frontend Developer,Middle,Краснодар,Гибрид,Средняя (250-1000),"Git, HTML, React, TypeScript",54000,64000,RUB
105086,2025-10-31,System Analyst,Middle,Новосибирск,Гибрид,Стартап (<50),"Git, Jira, SQL, UML",57000,68000,RUB
105898,2025-10-31,System Analyst,Senior,Удалённо (Россия),Удалённо,Средняя (250-1000),"BPMN, Git, SQL",167000,219000,RUB
103340,2025-11-01,QA Engineer,Junior,Москва,Гибрид,Крупная (1000+),"Git, Manual Testing, Postman, SQL, Selenium",58000,76000,RUB
103866,2025-11-01,Data Engineer,Middle,Санкт-Петербург,Удалённо,Крупная (1000+),"Airflow, ClickHouse, Docker, Git, Kafka, SQL",115000,150000,RUB
102727,2025-11-01,DevOps Engineer,Middle,Краснодар,Гибрид,Малая (50-250),"AWS, CI/CD, Docker, Git, Kubernetes, Terraform",71000,85000,RUB
105361,2025-11-02,Backend Developer,Junior,Казань,Офис,Средняя (250-1000),"Docker, Git, Java, Kubernetes",33000,42000,RUB
104167,2025-11-02,Data Scientist,Middle,Краснодар,Офис,Средняя (250-1000),"Git, Python, SQL, Scikit-learn",55000,74000,RUB
102943,2025-11-02,Frontend Developer,Senior,Екатеринбург,Гибрид,Крупная (1000+),"CSS, Git, HTML, JavaScript, React, TypeScript",99000,129000,RUB
100243,2025-11-02,DevOps Engineer,Middle,Новосибирск,Офис,Малая (50-250),"AWS, Docker, Git, Linux",81000,98000,RUB
104848,2025-11-02,Product Manager,Middle,Нижний Новгород,Удалённо,Стартап (<50),"Analytics, Confluence, Git, Jira, SQL",74000,97000,RUB
103743,2025-11-02,System Analyst,Junior,Удалённо (Россия),Удалённо,Стартап (<50),"BPMN, Git, Jira, SQL, UML",39000,45000,RUB
104579,2025-11-02,DevOps Engineer,Middle,Москва,Офис,Средняя (250-1000),"AWS, CI/CD, Docker, Git, Linux, Terraform",137000,181000,RUB
101821,2025-11-02,Full-stack Developer,Senior,Москва,Офис,Стартап (<50),"Docker, Git, JavaScript, Node.js, React, SQL",123000,148000,RUB
101893,2025-11-02,Frontend Developer,Senior,Санкт-Петербург,Офис,Малая (50-250),"CSS, Git, HTML, JavaScript, React, TypeScript",142000,188000,RUB
101463,2025-11-03,QA Engineer,Junior,Санкт-Петербург,Удалённо,Малая (50-250),"Git, Postman, Python, SQL, Selenium",30000,38000,RUB
103843,2025-11-03,Backend Developer,Senior,Москва,Удалённо,Крупная (1000+),"Docker, Git, Java, PostgreSQL, Python, SQL",206000,255000,RUB
101716,2025-11-03,Data Analyst,Middle,Екатеринбург,Удалённо,Малая (50-250),"Git, Power BI, SQL, Tableau",43000,57000,RUB
100970,2025-11-03,Full-stack Developer,Senior,Санкт-Петербург,Офис,Средняя (250-1000),"Git, JavaScript, Node.js, React, SQL",151000,197000,RUB
104780,2025-11-03,Data Scientist,Senior,Удалённо (Россия),Гибрид,Крупная (1000+),"Docker, Git, Pandas, SQL",228000,302000,RUB
103956,2025-11-03,Data Engineer,Junior,Санкт-Петербург,Гибрид,Крупная (1000+),"ClickHouse, Docker, Git, Kafka, Python, Spark",74000,86000,RUB
103534,2025-11-03,Mobile Developer,Middle,Новосибирск,Удалённо,Средняя (250-1000),"Git, Kotlin, SQL, Swift",77000,94000,RUB
100828,2025-11-04,Data Analyst,Lead,Москва,Гибрид,Малая (50-250),"Git, Power BI, Python, Tableau",218000,290000,RUB
104498,2025-11-04,Product Manager,Middle,Удалённо (Россия),Офис,Крупная (1000+),"Agile, Analytics, Git, SQL",139000,180000,RUB
102898,2025-11-04,Frontend Developer,Junior,Москва,Гибрид,Средняя (250-1000),"CSS, Git, HTML, JavaScript, React, TypeScript",57000,74000,RUB
103532,2025-11-04,Full-stack Developer,Junior,Москва,Гибрид,Стартап (<50),"Docker, Git, JavaScript, React, SQL",54000,68000,RUB
101642,2025-11-04,Mobile Developer,Middle,Москва,Удалённо,Крупная (1000+),"Git, Kotlin, REST API, SQL, Swift",141000,183000,RUB
105578,2025-11-05,Data Analyst,Middle,Краснодар,Удалённо,Крупная (1000+),"Excel, Git, Python, SQL",58000,72000,RUB
101775,2025-11-05,Data Scientist,Senior,Удалённо (Россия),Удалённо,Малая (50-250),"Docker, Git, Pandas, Python, SQL, Scikit-learn, Statistics",221000,261000,RUB
100772,2025-11-05,QA Engineer,Senior,Нижний Новгород,Офис,Стартап (<50),"Git, Postman, SQL, Selenium",68000,82000,RUB
103160,2025-11-05,Full-stack Developer,Junior,Краснодар,Гибрид,Малая (50-250),"Docker, Git, JavaScript, React, SQL",34000,44000,RUB
105725,2025-11-05,Data Analyst,Middle,Новосибирск,Офис,Стартап (<50),"Git, Power BI, SQL, Tableau",61000,73000,RUB
104833,2025-11-06,Data Engineer,Senior,Удалённо (Россия),Удалённо,Малая (50-250),"Docker, Git, Python, SQL",200000,237000,RUB
103779,2025-11-06,Backend Developer,Middle,Санкт-Петербург,Удалённо,Стартап (<50),"Docker, Git, Java, Kubernetes, Python, SQL",85000,106000,RUB
102043,2025-11-06,Frontend Developer,Middle,Удалённо (Россия),Гибрид,Крупная (1000+),"CSS, Git, HTML, JavaScript, React, TypeScript",85000,100000,RUB
100568,2025-11-06,Data Analyst,Senior,Удалённо (Россия),Гибрид,Стартап (<50),"Excel, Git, Python, SQL",150000,197000,RUB
102310,2025-11-07,Data Engineer,Junior,Удалённо (Россия),Удалённо,Стартап (<50),"ClickHouse, Kafka, SQL",60000,77000,RUB
103336,2025-11-07,Mobile Developer,Senior,Новосибирск,Офис,Средняя (250-1000),"Git, Kotlin, REST API, SQL, Swift",119000,154000,RUB
101620,2025-11-08,Data Analyst,Middle,Москва,Офис,Средняя (250-1000),"Excel, Git, Power BI, Python, SQL, Tableau",123000,160000,RUB
104984,2025-11-08,Data Scientist,Middle,Удалённо (Россия),Офис,Стартап (<50),"Git, Pandas, PyTorch, SQL, Statistics",115000,153000,RUB
100322,2025-11-08,System Analyst,Lead,Краснодар,Гибрид,Крупная (1000+),"BPMN, Confluence, Git, Jira, SQL, UML",139000,170000,RUB
100051,2025-11-08,Data Engineer,Junior,Санкт-Петербург,Офис,Стартап (<50),"Airflow, ClickHouse, Git, Kafka",40000,51000,RUB
102013,2025-11-08,Data Engineer,Middle,Новосибирск,Удалённо,Стартап (<50),"ClickHouse, Git, SQL",91000,115000,RUB
102322,2025-11-09,System Analyst,Junior,Казань,Офис,Малая (50-250),"BPMN, Confluence, Git, SQL, UML",30000,40000,RUB
104511,2025-11-09,Frontend Developer,Junior,Екатеринбург,Гибрид,Стартап (<50),"CSS, Git, JavaScript, React, TypeScript",31000,38000,RUB
104468,2025-11-09,ML Engineer,Middle,Москва,Удалённо,Крупная (1000+),"Docker, Kubernetes, MLflow, Python, TensorFlow",187000,248000,RUB
104647,2025-11-09,Mobile Developer,Senior,Нижний Новгород,Удалённо,Крупная (1000+),"Git, Kotlin, REST API, Swift",141000,175000,RUB
105848,2025-11-09,Frontend Developer,Senior,Санкт-Петербург,Гибрид,Малая (50-250),"Git, HTML, JavaScript, React, TypeScript",158000,207000,RUB
101854,2025-11-09,Backend Developer,Junior,Новосибирск,Гибрид,Крупная (1000+),"Docker, Git, Java, PostgreSQL, REST API, SQL",34000,42000,RUB
100975,2025-11-09,Backend Developer,Junior,Удалённо (Россия),Удалённо,Малая (50-250),"Docker, Git, Java, Kubernetes, REST API",49000,66000,RUB
105870,2025-11-10,ML Engineer,Junior,Москва,Офис,Средняя (250-1000),"Docker, Git, Kubernetes, MLflow, PyTorch, Python",66000,80000,RUB
105341,2025-11-10,Full-stack Developer,Junior,Москва,Офис,Стартап (<50),"Docker, Git, JavaScript, Node.js, React",30000,39000,RUB
102412,2025-11-10,QA Engineer,Senior,Екатеринбург,Офис,Средняя (250-1000),"Git, Manual Testing, Postman, Python, SQL, Selenium",92000,110000,RUB
104574,2025-11-10,Frontend Developer,Middle,Екатеринбург,Офис,Крупная (1000+),"CSS, Git, JavaScript",47000,60000,RUB
102256,2025-11-10,Frontend Developer,Middle,Москва,Удалённо,Средняя (250-1000),"CSS, Git, HTML, JavaScript, React, TypeScript",113000,136000,RUB
102829,2025-11-10,Frontend Developer,Senior,Нижний Новгород,Удалённо,Средняя (250-1000),"Git, HTML, JavaScript, React, TypeScript",103000,125000,RUB
104686,2025-11-10,Product Manager,Junior,Москва,Гибрид,Малая (50-250),"Agile, Analytics, Confluence, Git, Jira, SQL",62000,76000,RUB
104429,2025-11-10,System Analyst,Middle,Москва,Офис,Малая (50-250),"BPMN, Confluence, Git, Jira, UML",116000,141000,RUB
102626,2025-11-10,Frontend Developer,Senior,Екатеринбург,Офис,Малая (50-250),"Git, HTML, JavaScript, TypeScript",90000,118000,RUB
101666,2025-11-10,Backend Developer,Lead,Удалённо (Россия),Офис,Крупная (1000+),"Git, Java, Python, REST API",227000,298000,RUB
102655,2025-11-11,Frontend Developer,Senior,Удалённо (Россия),Удалённо,Малая (50-250),"CSS, Git, React",153000,199000,RUB
104044,2025-11-11,Full-stack Developer,Middle,Удалённо (Россия),Офис,Малая (50-250),"Docker, Git, JavaScript, React",101000,121000,RUB
102758,2025-11-11,System Analyst,Middle,Екатеринбург,Удалённо,Стартап (<50),"BPMN, Confluence, Git, Jira, SQL",60000,73000,RUB
105923,2025-11-11,Full-stack Developer,Middle,Екатеринбург,Удалённо,Крупная (1000+),"Git, JavaScript, Node.js, React, SQL",60000,80000,RUB
104456,2025-11-11,Mobile Developer,Junior,Казань,Удалённо,Крупная (1000+),"Git, Kotlin, REST API, SQL, Swift",38000,44000,RUB
103286,2025-11-12,Product Manager,Junior,Москва,Гибрид,Стартап (<50),"Agile, Analytics, Confluence, Git, Jira, SQL",55000,74000,RUB
102164,2025-11-12,Data Engineer,Lead,Москва,Гибрид,Малая (50-250),"Airflow, ClickHouse, Git, Python, SQL, Spark",232000,276000,RUB
100262,2025-11-12,System Analyst,Senior,Казань,Офис,Малая (50-250),"BPMN, Confluence, Git, SQL",96000,124000,RUB
101307,2025-11-13,Mobile Developer,Junior,Нижний Новгород,Гибрид,Крупная (1000+),"Git, Kotlin, REST API, SQL, Swift",38000,47000,RUB
102376,2025-11-13,DevOps Engineer,Senior,Москва,Гибрид,Средняя (250-1000),"CI/CD, Docker, Git, Terraform",180000,219000,RUB
104497,2025-11-13,Full-stack Developer,Junior,Москва,Гибрид,Средняя (250-1000),"Docker, Git, JavaScript, React, SQL",55000,69000,RUB
104068,2025-11-13,Data Analyst,Senior,Удалённо (Россия),Офис,Стартап (<50),"Excel, Git, Power BI, Python, SQL, Tableau",132000,156000,RUB
104501,2025-11-13,Backend Developer,Senior,Казань,Офис,Средняя (250-1000),"Docker, Git, Java, Kubernetes, Python, REST API",106000,122000,RUB
101086,2025-11-14,Frontend Developer,Junior,Санкт-Петербург,Гибрид,Малая (50-250),"CSS, Git, HTML, JavaScript, React",43000,56000,RUB
101115,2025-11-15,System Analyst,Senior,Москва,Офис,Средняя (250-1000),"BPMN, Confluence, Git, Jira, SQL, UML",159000,200000,RUB
103685,2025-11-15,Data Scientist,Middle,Екатеринбург,Удалённо,Крупная (1000+),"Git, Pandas, PyTorch, Scikit-learn, Statistics",74000,86000,RUB
102786,2025-11-15,Frontend Developer,Senior,Екатеринбург,Удалённо,Стартап (<50),"CSS, Git, HTML, TypeScript",69000,86000,RUB
100850,2025-11-15,Data Analyst,Middle,Санкт-Петербург,Офис,Средняя (250-1000),"Excel, Git, Power BI, Python, SQL, Tableau",71000,84000,RUB
102039,2025-11-16,Product Manager,Middle,Москва,Гибрид,Средняя (250-1000),"Agile, Analytics, Confluence, Git, Jira, SQL",133000,174000,RUB
105889,2025-11-16,Data Scientist,Junior,Казань,Офис,Крупная (1000+),"Git, PyTorch, Python, Scikit-learn, Statistics",39000,49000,RUB
105632,2025-11-16,Data Engineer,Senior,Удалённо (Россия),Гибрид,Малая (50-250),"Airflow, ClickHouse, Docker, Git, Python, SQL, Spark",184000,212000,RUB
101334,2025-11-16,DevOps Engineer,Lead,Новосибирск,Гибрид,Малая (50-250),"AWS, CI/CD, Git, Terraform",170000,196000,RUB
104398,2025-11-16,Full-stack Developer,Senior,Санкт-Петербург,Удалённо,Средняя (250-1000),"Docker, Git, JavaScript, Node.js, React",150000,186000,RUB
101976,2025-11-17,Mobile Developer,Middle,Москва,Офис,Крупная (1000+),"Git, Kotlin, SQL, Swift",97000,127000,RUB
102851,2025-11-17,Data Analyst,Middle,Удалённо (Россия),Офис,Стартап (<50),"Git, Power BI, Python, SQL",82000,108000,RUB
101734,2025-11-17,System Analyst,Senior,Москва,Гибрид,Стартап (<50),"BPMN, Confluence, Git, Jira, SQL, UML",110000,147000,RUB
103645,2025-11-17,DevOps Engineer,Middle,Санкт-Петербург,Офис,Малая (50-250),"AWS, CI/CD, Git, Kubernetes, Linux, Terraform",87000,115000,RUB
101299,2025-11-17,ML Engineer,Senior,Москва,Удалённо,Средняя (250-1000),"Docker, Git, Kubernetes, MLflow, PyTorch, TensorFlow",275000,359000,RUB
103472,2025-11-18,Data Analyst,Middle,Краснодар,Гибрид,Стартап (<50),"Excel, Git, Power BI, Python, SQL, Tableau",45000,59000,RUB
101209,2025-11-18,Frontend Developer,Junior,Нижний Новгород,Гибрид,Стартап (<50),"CSS, Git, HTML",30000,40000,RUB
101404,2025-11-18,Product Manager,Middle,Удалённо (Россия),Гибрид,Малая (50-250),"Agile, Analytics, Confluence, Git, Jira, SQL",105000,138000,RUB
102324,2025-11-18,Frontend Developer,Senior,Новосибирск,Гибрид,Крупная (1000+),"CSS, Git, HTML, JavaScript, React, TypeScript",93000,121000,RUB
101452,2025-11-19,Data Engineer,Middle,Москва,Удалённо,Стартап (<50),"Airflow, Git, Python, SQL",124000,151000,RUB
102853,2025-11-19,Frontend Developer,Middle,Санкт-Петербург,Офис,Стартап (<50),"CSS, Git, JavaScript",88000,113000,RUB
102104,2025-11-19,Data Engineer,Middle,Удалённо (Россия),Гибрид,Малая (50-250),"Airflow, Git, Kafka",119000,155000,RUB
102298,2025-11-19,Mobile Developer,Junior,Санкт-Петербург,Офис,Средняя (250-1000),"Git, Kotlin, REST API, SQL, Swift",54000,65000,RUB
101187,2025-11-19,Frontend Developer,Senior,Казань,Офис,Крупная (1000+),"CSS, Git, HTML, JavaScript, React, TypeScript",137000,172000,RUB
101474,2025-11-19,Full-stack Developer,Senior,Москва,Гибрид,Малая (50-250),"Git, JavaScript, Node.js, React, SQL",193000,222000,RUB
104202,2025-11-20,QA Engineer,Lead,Казань,Офис,Малая (50-250),"Git, Manual Testing, Postman, Python",100000,131000,RUB
103453,2025-11-20,Product Manager,Junior,Нижний Новгород,Офис,Малая (50-250),"Agile, Analytics, Confluence, Git, SQL",30000,38000,RUB
102739,2025-11-20,Data Analyst,Middle,Удалённо (Россия),Гибрид,Стартап (<50),"Excel, Git, Power BI, Python, SQL, Tableau",70000,93000,RUB
105023,2025-11-20,QA Engineer,Senior,Москва,Гибрид,Средняя (250-1000),"Git, Manual Testing, SQL",108000,126000,RUB
103401,2025-11-20,System Analyst,Middle,Москва,Удалённо,Средняя (250-1000),"BPMN, Git, SQL",91000,108000,RUB
103800,2025-11-20,Mobile Developer,Senior,Новосибирск,Офис,Стартап (<50),"Git, Kotlin, SQL, Swift",90000,107000,RUB
104190,2025-11-21,QA Engineer,Senior,Нижний Новгород,Удалённо,Стартап (<50),"Git, Manual Testing, Postman, Python, SQL",82000,99000,RUB
104333,2025-11-21,Data Engineer,Middle,Удалённо (Россия),Удалённо,Стартап (<50),"ClickHouse, Docker, Git, Kafka",120000,142000,RUB
100949,2025-11-21,Frontend Developer,Lead,Санкт-Петербург,Гибрид,Средняя (250-1000),"CSS, Git, HTML, JavaScript, React, TypeScript",125000,155000,RUB
100086,2025-11-21,Mobile Developer,Middle,Удалённо (Россия),Офис,Средняя (250-1000),"Git, Kotlin, REST API, SQL, Swift",106000,134000,RUB
103830,2025-11-22,Data Analyst,Lead,Новосибирск,Удалённо,Крупная (1000+),"Git, Power BI, SQL, Tableau",174000,215000,RUB
100279,2025-11-22,Data Engineer,Senior,Санкт-Петербург,Гибрид,Средняя (250-1000),"ClickHouse, Docker, Git, Kafka, Python, Spark",201000,250000,RUB
102521,2025-11-22,ML Engineer,Middle,Новосибирск,Гибрид,Малая (50-250),"Docker, Git, MLflow, Python",93000,124000,RUB
101769,2025-11-22,Product Manager,Senior,Москва,Гибрид,Крупная (1000+),"Agile, Analytics, Confluence, Git, Jira, SQL",211000,248000,RUB
104182,2025-11-22,ML Engineer,Middle,Москва,Удалённо,Малая (50-250),"Docker, Git, Kubernetes, PyTorch, Python, TensorFlow",144000,184000,RUB
104310,2025-11-23,System Analyst,Junior,Санкт-Петербург,Гибрид,Малая (50-250),"BPMN, Git, SQL, UML",47000,59000,RUB
102409,2025-11-23,Full-stack Developer,Lead,Москва,Офис,Малая (50-250),"Git, JavaScript, Node.js, SQL",219000,290000,RUB
103583,2025-11-23,QA Engineer,Middle,Санкт-Петербург,Гибрид,Средняя (250-1000),"Git, Postman, Python, SQL, Selenium",81000,109000,RUB
104449,2025-11-23,Mobile Developer,Lead,Удалённо (Россия),Офис,Крупная (1000+),"Git, REST API, SQL",227000,283000,RUB
100679,2025-11-23,Mobile Developer,Senior,Екатеринбург,Офис,Крупная (1000+),"Git, Kotlin, REST API, Swift",118000,145000,RUB
103328,2025-11-23,Backend Developer,Junior,Новосибирск,Удалённо,Крупная (1000+),"Docker, Git, PostgreSQL, REST API",43000,50000,RUB
101497,2025-11-23,Frontend Developer,Junior,Удалённо (Россия),Офис,Средняя (250-1000),"CSS, Git, HTML, React, TypeScript",51000,67000,RUB
103781,2025-11-23,DevOps Engineer,Middle,Екатеринбург,Гибрид,Малая (50-250),"AWS, CI/CD, Git, Kubernetes, Terraform",62000,73000,RUB
104791,2025-11-23,QA Engineer,Middle,Москва,Офис,Малая (50-250),"Git, Manual Testing, Postman, SQL, Selenium",88000,103000,RUB
103324,2025-11-24,Data Scientist,Middle,Удалённо (Россия),Гибрид,Малая (50-250),"Git, Pandas, PyTorch, SQL, Scikit-learn, Statistics",104000,139000,RUB
101089,2025-11-24,Data Engineer,Middle,Москва,Гибрид,Малая (50-250),"Docker, Git, Kafka, Python, SQL, Spark",150000,179000,RUB
105429,2025-11-24,System Analyst,Senior,Москва,Гибрид,Стартап (<50),"BPMN, Confluence, Git, SQL, UML",111000,137000,RUB
105988,2025-11-24,Data Engineer,Senior,Удалённо (Россия),Офис,Средняя (250-1000),"Airflow, ClickHouse, Git, Kafka, Python, SQL",186000,215000,RUB
104380,2025-11-24,QA Engineer,Lead,Новосибирск,Гибрид,Стартап (<50),"Git, Python, SQL, Selenium",94000,117000,RUB
102217,2025-11-24,Frontend Developer,Middle,Москва,Офис,Средняя (250-1000),"CSS, Git, HTML, JavaScript, React, TypeScript",126000,151000,RUB
105164,2025-11-25,System Analyst,Junior,Санкт-Петербург,Офис,Малая (50-250),"BPMN, Confluence, Git, Jira, SQL, UML",48000,63000,RUB
102991,2025-11-25,QA Engineer,Middle,Москва,Удалённо,Малая (50-250),"Git, Manual Testing, SQL, Selenium",85000,110000,RUB
101294,2025-11-25,QA Engineer,Senior,Удалённо (Россия),Гибрид,Стартап (<50),"Git, Manual Testing, Postman",95000,119000,RUB
101042,2025-11-25,Data Scientist,Junior,Санкт-Петербург,Гибрид,Малая (50-250),"Docker, Git, PyTorch, Python, SQL, Scikit-learn",52000,61000,RUB
105614,2025-11-25,Data Analyst,Middle,Москва,Гибрид,Малая (50-250),"Git, Power BI, SQL, Tableau",91000,115000,RUB
104256,2025-11-25,System Analyst,Middle,Казань,Офис,Средняя (250-1000),"BPMN, Confluence, Git, SQL",55000,66000,RUB
100112,2025-11-26,Frontend Developer,Middle,Удалённо (Россия),Офис,Крупная (1000+),"CSS, Git, HTML, React, TypeScript",118000,152000,RUB
103888,2025-11-26,Product Manager,Middle,Санкт-Петербург,Гибрид,Средняя (250-1000),"Git, Jira, SQL",111000,131000,RUB
102212,2025-11-26,Product Manager,Junior,Москва,Удалённо,Малая (50-250),"Analytics, Confluence, Git, Jira, SQL",60000,78000,RUB
103570,2025-11-27,System Analyst,Lead,Новосибирск,Удалённо,Малая (50-250),"BPMN, Git, SQL, UML",137000,181000,RUB
103551,2025-11-27,Data Engineer,Senior,Новосибирск,Гибрид,Малая (50-250),"Airflow, ClickHouse, Git, Kafka, Python, SQL",127000,162000,RUB
101102,2025-11-27,Mobile Developer,Junior,Удалённо (Россия),Гибрид,Средняя (250-1000),"Git, Kotlin, REST API, SQL, Swift",59000,73000,RUB
102710,2025-11-27,DevOps Engineer,Senior,Санкт-Петербург,Удалённо,Средняя (250-1000),"AWS, CI/CD, Docker, Git, Linux, Terraform",217000,250000,RUB
101576,2025-11-27,Backend Developer,Junior,Удалённо (Россия),Офис,Малая (50-250),"Docker, Kubernetes, Python, REST API, SQL",46000,58000,RUB
101280,2025-11-27,Product Manager,Middle,Удалённо (Россия),Офис,Стартап (<50),"Agile, Analytics, Confluence, Git, Jira",100000,130000,RUB
102330,2025-11-27,Full-stack Developer,Junior,Удалённо (Россия),Удалённо,Средняя (250-1000),"Docker, Git, JavaScript, Node.js, React, SQL",70000,92000,RUB
104495,2025-11-28,Full-stack Developer,Middle,Удалённо (Россия),Удалённо,Малая (50-250),"Docker, Git, JavaScript, SQL",84000,102000,RUB
101665,2025-11-28,Frontend Developer,Middle,Санкт-Петербург,Офис,Стартап (<50),"CSS, Git, HTML, JavaScript",82000,103000,RUB
101986,2025-11-28,ML Engineer,Middle,Удалённо (Россия),Удалённо,Малая (50-250),"Git, Kubernetes, MLflow, PyTorch, TensorFlow",129000,159000,RUB
100128,2025-11-28,DevOps Engineer,Lead,Санкт-Петербург,Офис,Малая (50-250),"Docker, Git, Kubernetes, Linux, Terraform",216000,281000,RUB
103427,2025-11-28,DevOps Engineer,Middle,Москва,Офис,Малая (50-250),"AWS, CI/CD, Docker, Git, Linux, Terraform",171000,208000,RUB
101151,2025-11-28,ML Engineer,Senior,Удалённо (Россия),Офис,Средняя (250-1000),"Git, Kubernetes, PyTorch",246000,287000,RUB
100270,2025-11-28,Frontend Developer,Middle,Краснодар,Удалённо,Малая (50-250),"CSS, JavaScript, TypeScript",57000,69000,RUB
105760,2025-11-29,QA Engineer,Senior,Удалённо (Россия),Удалённо,Стартап (<50),"Git, Manual Testing, Selenium",115000,146000,RUB
101555,2025-11-29,Backend Developer,Middle,Новосибирск,Удалённо,Малая (50-250),"Java, Kubernetes, PostgreSQL, Python, REST API",93000,122000,RUB
100171,2025-11-29,Mobile Developer,Junior,Удалённо (Россия),Гибрид,Стартап (<50),"Git, REST API, SQL",41000,53000,RUB
100148,2025-11-29,QA Engineer,Senior,Москва,Удалённо,Малая (50-250),"Git, Manual Testing, Postman, Python, Selenium",103000,138000,RUB
104611,2025-11-29,QA Engineer,Senior,Москва,Офис,Средняя (250-1000),"Git, Manual Testing, Postman, Selenium",166000,200000,RUB
101283,2025-11-29,QA Engineer,Junior,Москва,Удалённо,Средняя (250-1000),"Git, Postman, Python, SQL, Selenium",58000,69000,RUB
104967,2025-11-29,Data Analyst,Middle,Удалённо (Россия),Удалённо,Средняя (250-1000),"Excel, Git, Power BI, Python, SQL, Tableau",98000,129000,RUB
105942,2025-11-29,Frontend Developer,Senior,Москва,Гибрид,Средняя (250-1000),"CSS, Git, HTML, JavaScript, TypeScript",186000,224000,RUB
104797,2025-11-30,Data Analyst,Junior,Нижний Новгород,Гибрид,Крупная (1000+),"Git, Power BI, Python",34000,45000,RUB
101218,2025-11-30,Backend Developer,Middle,Москва,Удалённо,Крупная (1000+),"Git, Java, REST API, SQL",125000,162000,RUB
100484,2025-11-30,Data Scientist,Middle,Краснодар,Удалённо,Малая (50-250),"Docker, Git, Pandas, Python, SQL, Scikit-learn",67000,87000,RUB
101426,2025-11-30,Data Analyst,Senior,Москва,Гибрид,Крупная (1000+),"Excel, Git, Power BI, Python",157000,206000,RUB
100661,2025-11-30,Mobile Developer,Middle,Краснодар,Удалённо,Малая (50-250),"Git, Kotlin, REST API, SQL, Swift",61000,73000,RUB
105287,2025-11-30,Product Manager,Senior,Москва,Удалённо,Стартап (<50),"Analytics, Git, Jira, SQL",193000,232000,RUB
104372,2025-12-01,Full-stack Developer,Middle,Удалённо (Россия),Гибрид,Стартап (<50),"Docker, Git, JavaScript, Node.js, React, SQL",83000,107000,RUB
105610,2025-12-01,Frontend Developer,Junior,Казань,Офис,Крупная (1000+),"CSS, Git, HTML, JavaScript, React, TypeScript",33000,41000,RUB
102638,2025-12-01,DevOps Engineer,Senior,Казань,Гибрид,Стартап (<50),"AWS, Docker, Git, Kubernetes, Linux, Terraform",142000,188000,RUB
101400,2025-12-01,DevOps Engineer,Middle,Москва,Удалённо,Малая (50-250),"AWS, CI/CD, Docker, Git, Kubernetes, Linux",141000,183000,RUB
103749,2025-12-01,Data Analyst,Lead,Екатеринбург,Удалённо,Средняя (250-1000),"Excel, Git, Power BI, Python, SQL, Tableau",119000,150000,RUB
101269,2025-12-01,QA Engineer,Lead,Санкт-Петербург,Удалённо,Крупная (1000+),"Manual Testing, SQL, Selenium",191000,245000,RUB
104687,2025-12-01,QA Engineer,Middle,Екатеринбург,Гибрид,Малая (50-250),"Git, Manual Testing, Postman, Python, SQL, Selenium",41000,48000,RUB
102449,2025-12-01,System Analyst,Senior,Новосибирск,Офис,Стартап (<50),"BPMN, Confluence, Git, Jira, SQL, UML",93000,109000,RUB
103470,2025-12-02,Frontend Developer,Junior,Удалённо (Россия),Гибрид,Малая (50-250),"Git, HTML, React, TypeScript",42000,55000,RUB
102916,2025-12-02,Full-stack Developer,Middle,Москва,Удалённо,Стартап (<50),"Docker, Git, JavaScript, Node.js, React, SQL",112000,150000,RUB
101765,2025-12-02,Mobile Developer,Senior,Новосибирск,Гибрид,Средняя (250-1000),"Git, Kotlin, REST API, SQL",139000,160000,RUB
102365,2025-12-02,Data Analyst,Junior,Москва,Офис,Средняя (250-1000),"Git, Power BI, Python, SQL, Tableau",56000,71000,RUB
102947,2025-12-03,Backend Developer,Middle,Удалённо (Россия),Удалённо,Средняя (250-1000),"Docker, Git, Java, REST API, SQL",105000,122000,RUB
100916,2025-12-03,Data Analyst,Senior,Санкт-Петербург,Удалённо,Малая (50-250),"Excel, Git, Python, SQL, Tableau",100000,123000,RUB
102201,2025-12-03,Data Analyst,Senior,Новосибирск,Гибрид,Стартап (<50),"Excel, Git, Power BI, Python, SQL",92000,118000,RUB
104769,2025-12-03,Data Engineer,Senior,Нижний Новгород,Офис,Малая (50-250),"Airflow, ClickHouse, Docker, Git, Kafka",82000,96000,RUB
100680,2025-12-03,ML Engineer,Middle,Удалённо (Россия),Удалённо,Средняя (250-1000),"Docker, Git, Kubernetes, MLflow, Python, TensorFlow",155000,179000,RUB
100012,2025-12-03,Data Analyst,Middle,Москва,Гибрид,Крупная (1000+),"Excel, Git, Power BI, Python",98000,131000,RUB
102052,2025-12-03,System Analyst,Junior,Екатеринбург,Гибрид,Средняя (250-1000),"BPMN, Git, Jira, SQL",38000,46000,RUB
102293,2025-12-03,Frontend Developer,Junior,Москва,Гибрид,Стартап (<50),"CSS, Git, HTML, JavaScript, React, TypeScript",40000,52000,RUB
100707,2025-12-03,DevOps Engineer,Junior,Екатеринбург,Офис,Малая (50-250),"AWS, Git, Terraform",40000,53000,RUB
105194,2025-12-03,DevOps Engineer,Middle,Москва,Удалённо,Стартап (<50),"CI/CD, Docker, Git, Kubernetes, Terraform",117000,142000,RUB
100844,2025-12-04,System Analyst,Middle,Удалённо (Россия),Гибрид,Малая (50-250),"BPMN, Confluence, Git, Jira, SQL, UML",100000,123000,RUB
104255,2025-12-04,Full-stack Developer,Junior,Удалённо (Россия),Удалённо,Стартап (<50),"Docker, Git, JavaScript, SQL",60000,81000,RUB
104042,2025-12-04,Data Scientist,Senior,Удалённо (Россия),Удалённо,Средняя (250-1000),"Docker, Git, PyTorch, SQL",223000,260000,RUB
102190,2025-12-04,System Analyst,Middle,Санкт-Петербург,Гибрид,Крупная (1000+),"Git, Jira, SQL, UML",71000,86000,RUB
102080,2025-12-04,Data Engineer,Senior,Удалённо (Россия),Офис,Малая (50-250),"Docker, Git, SQL, Spark",244000,327000,RUB
104222,2025-12-04,System Analyst,Middle,Екатеринбург,Офис,Малая (50-250),"Confluence, Git, Jira",45000,60000,RUB
103357,2025-12-04,Data Engineer,Senior,Санкт-Петербург,Офис,Малая (50-250),"Airflow, ClickHouse, Git, Python, SQL, Spark",134000,163000,RUB
100269,2025-12-04,Frontend Developer,Middle,Санкт-Петербург,Удалённо,Малая (50-250),"CSS, Git, HTML, JavaScript, TypeScript",95000,117000,RUB
103681,2025-12-05,Data Analyst,Senior,Санкт-Петербург,Удалённо,Крупная (1000+),"Excel, Git, Power BI, Python",185000,216000,RUB
101110,2025-12-05,Data Analyst,Senior,Екатеринбург,Офис,Средняя (250-1000),"Git, Power BI, Tableau",107000,127000,RUB
103961,2025-12-05,QA Engineer,Lead,Санкт-Петербург,Гибрид,Стартап (<50),"Git, Manual Testing, Postman, Python, SQL, Selenium",125000,158000,RUB
105152,2025-12-05,Mobile Developer,Middle,Удалённо (Россия),Гибрид,Малая (50-250),"Git, Kotlin, REST API, SQL, Swift",102000,135000,RUB
103612,2025-12-05,Product Manager,Senior,Екатеринбург,Удалённо,Малая (50-250),"Agile, Analytics, Confluence, Git",114000,134000,RUB
105571,2025-12-06,Data Analyst,Junior,Краснодар,Гибрид,Крупная (1000+),"Excel, Git, Python, SQL",30000,35000,RUB
105266,2025-12-06,DevOps Engineer,Middle,Москва,Гибрид,Малая (50-250),"AWS, CI/CD, Git, Linux",87000,104000,RUB
103824,2025-12-06,Data Analyst,Junior,Санкт-Петербург,Офис,Малая (50-250),"Excel, Git, Power BI, SQL, Tableau",39000,45000,RUB
102909,2025-12-06,Full-stack Developer,Middle,Москва,Гибрид,Малая (50-250),"Docker, Git, JavaScript, React",107000,130000,RUB
104236,2025-12-06,Backend Developer,Middle,Москва,Офис,Стартап (<50),"Docker, Git, PostgreSQL, REST API",122000,144000,RUB
100280,2025-12-06,DevOps Engineer,Senior,Новосибирск,Гибрид,Крупная (1000+),"AWS, CI/CD, Git, Kubernetes, Linux, Terraform",145000,183000,RUB
104478,2025-12-06,ML Engineer,Middle,Удалённо (Россия),Гибрид,Малая (50-250),"Docker, Git, MLflow",111000,134000,RUB
105272,2025-12-07,Data Scientist,Senior,Москва,Гибрид,Крупная (1000+),"Docker, Git, Pandas, SQL",217000,253000,RUB
103048,2025-12-07,Full-stack Developer,Senior,Москва,Офис,Малая (50-250),"Git, JavaScript, Node.js, React, SQL",186000,230000,RUB
104308,2025-12-07,Data Engineer,Middle,Екатеринбург,Удалённо,Малая (50-250),"Airflow, Docker, Git, Kafka, Python, Spark",66000,78000,RUB
102313,2025-12-07,Mobile Developer,Junior,Удалённо (Россия),Гибрид,Стартап (<50),"Git, Kotlin, REST API, SQL, Swift",58000,67000,RUB
102312,2025-12-07,ML Engineer,Lead,Москва,Удалённо,Стартап (<50),"Docker, Git, Kubernetes, PyTorch, Python, TensorFlow",311000,398000,RUB
100397,2025-12-07,DevOps Engineer,Senior,Москва,Гибрид,Стартап (<50),"AWS, CI/CD, Docker, Terraform",166000,203000,RUB
100065,2025-12-07,ML Engineer,Senior,Удалённо (Россия),Офис,Стартап (<50),"Git, Kubernetes, PyTorch, Python, TensorFlow",175000,213000,RUB
100231,2025-12-07,QA Engineer,Senior,Удалённо (Россия),Офис,Средняя (250-1000),"Git, Postman, SQL, Selenium",116000,151000,RUB
103616,2025-12-08,Data Engineer,Middle,Москва,Офис,Малая (50-250),"Airflow, ClickHouse, Git, Kafka, Python, SQL, Spark",104000,139000,RUB
102484,2025-12-08,Data Analyst,Middle,Москва,Офис,Средняя (250-1000),"Excel, Git, Power BI, Python, SQL, Tableau",120000,157000,RUB
103524,2025-12-08,Backend Developer,Junior,Краснодар,Гибрид,Малая (50-250),"Git, Java, PostgreSQL, Python, REST API, SQL",30000,35000,RUB
104958,2025-12-08,Backend Developer,Junior,Екатеринбург,Гибрид,Малая (50-250),"Docker, Git, Kubernetes, PostgreSQL, Python",32000,38000,RUB
103057,2025-12-08,Full-stack Developer,Senior,Краснодар,Офис,Средняя (250-1000),"Docker, Git, JavaScript, Node.js, React",105000,137000,RUB
105761,2025-12-08,Data Analyst,Senior,Москва,Удалённо,Средняя (250-1000),"Excel, Git, Power BI, Python, SQL, Tableau",187000,246000,RUB
101352,2025-12-08,Frontend Developer,Middle,Новосибирск,Гибрид,Малая (50-250),"Git, HTML, JavaScript",52000,64000,RUB
104156,2025-12-09,Data Analyst,Middle,Удалённо (Россия),Офис,Средняя (250-1000),"Git, Power BI, Python",84000,98000,RUB
105319,2025-12-09,Full-stack Developer,Lead,Москва,Удалённо,Средняя (250-1000),"Docker, Git, JavaScript, Node.js, React, SQL",197000,231000,RUB
104237,2025-12-09,Data Scientist,Junior,Нижний Новгород,Гибрид,Стартап (<50),"Docker, Git, Pandas, SQL, Scikit-learn, Statistics",32000,42000,RUB
100942,2025-12-09,QA Engineer,Middle,Казань,Удалённо,Малая (50-250),"Git, Manual Testing, Postman, SQL",64000,76000,RUB
104011,2025-12-09,Backend Developer,Junior,Екатеринбург,Офис,Крупная (1000+),"Docker, Java, SQL",41000,55000,RUB
103165,2025-12-10,Frontend Developer,Middle,Москва,Офис,Средняя (250-1000),"CSS, Git, HTML, React, TypeScript",105000,137000,RUB
103226,2025-12-10,DevOps Engineer,Middle,Санкт-Петербург,Удалённо,Стартап (<50),"Git, Kubernetes, Terraform",100000,131000,RUB
103546,2025-12-10,Backend Developer,Middle,Москва,Гибрид,Стартап (<50),"Docker, Git, SQL",103000,121000,RUB
101196,2025-12-10,QA Engineer,Middle,Новосибирск,Гибрид,Стартап (<50),"Git, Manual Testing, Postman, Python, Selenium",39000,47000,RUB
102977,2025-12-10,System Analyst,Middle,Казань,Гибрид,Малая (50-250),"BPMN, Git, Jira",54000,65000,RUB
104208,2025-12-10,Frontend Developer,Middle,Москва,Гибрид,Стартап (<50),"CSS, Git, JavaScript, React",103000,121000,RUB
105812,2025-12-11,Data Scientist,Middle,Новосибирск,Офис,Крупная (1000+),"Git, SQL, Scikit-learn, Statistics",77000,103000,RUB
105285,2025-12-11,QA Engineer,Junior,Екатеринбург,Удалённо,Малая (50-250),"Git, Postman, Python",30000,39000,RUB
100237,2025-12-11,DevOps Engineer,Junior,Санкт-Петербург,Офис,Малая (50-250),"AWS, Docker, Git",64000,86000,RUB
100656,2025-12-11,Data Engineer,Senior,Екатеринбург,Удалённо,Стартап (<50),"Airflow, ClickHouse, Docker, Git",119000,137000,RUB
101397,2025-12-11,DevOps Engineer,Middle,Москва,Офис,Крупная (1000+),"Docker, Git, Kubernetes, Terraform",127000,171000,RUB
105101,2025-12-12,Full-stack Developer,Senior,Казань,Офис,Стартап (<50),"Git, Node.js, React, SQL",105000,128000,RUB
104876,2025-12-12,Data Analyst,Middle,Москва,Гибрид,Крупная (1000+),"Excel, Git, Python, SQL",103000,131000,RUB
101468,2025-12-12,Data Engineer,Middle,Удалённо (Россия),Офис,Стартап (<50),"Airflow, ClickHouse, Docker, Git, Python, SQL",84000,101000,RUB
102318,2025-12-12,Backend Developer,Middle,Краснодар,Гибрид,Малая (50-250),"Docker, Git, Java, PostgreSQL, REST API, SQL",54000,68000,RUB
103384,2025-12-12,Frontend Developer,Senior,Удалённо (Россия),Удалённо,Стартап (<50),"Git, HTML, JavaScript, React",142000,174000,RUB
103478,2025-12-13,System Analyst,Middle,Удалённо (Россия),Удалённо,Крупная (1000+),"Git, Jira, SQL, UML",99000,123000,RUB
105364,2025-12-13,ML Engineer,Lead,Москва,Удалённо,Средняя (250-1000),"Docker, Git, Kubernetes, MLflow, PyTorch",327000,426000,RUB
102709,2025-12-13,QA Engineer,Middle,Новосибирск,Удалённо,Стартап (<50),"Git, Manual Testing, Postman, Python, SQL, Selenium",49000,63000,RUB
105226,2025-12-13,QA Engineer,Middle,Москва,Офис,Малая (50-250),"Git, Manual Testing, Python, SQL, Selenium",68000,86000,RUB
103236,2025-12-13,Data Scientist,Lead,Казань,Удалённо,Стартап (<50),"Git, Pandas, Python, SQL, Scikit-learn, Statistics",154000,204000,RUB
104492,2025-12-13,Backend Developer,Junior,Москва,Гибрид,Крупная (1000+),"Docker, Git, Java, PostgreSQL, REST API, SQL",75000,91000,RUB
104215,2025-12-13,Product Manager,Middle,Москва,Офис,Стартап (<50),"Analytics, Confluence, Git, Jira",123000,157000,RUB
101941,2025-12-13,Full-stack Developer,Senior,Новосибирск,Офис,Стартап (<50),"Docker, Git, JavaScript",104000,139000,RUB
102243,2025-12-13,Frontend Developer,Junior,Новосибирск,Гибрид,Средняя (250-1000),"CSS, Git, React, TypeScript",36000,49000,RUB
105993,2025-12-13,Frontend Developer,Junior,Москва,Гибрид,Малая (50-250),"CSS, Git, HTML, React, TypeScript",50000,62000,RUB
101505,2025-12-13,Data Scientist,Senior,Удалённо (Россия),Офис,Крупная (1000+),"Docker, Pandas, PyTorch, Python, Scikit-learn, Statistics",170000,222000,RUB
100667,2025-12-13,Product Manager,Lead,Москва,Офис,Средняя (250-1000),"Agile, Confluence, Git, Jira, SQL",301000,388000,RUB
102859,2025-12-14,Data Engineer,Middle,Казань,Офис,Стартап (<50),"Airflow, Git, Kafka, Python, SQL, Spark",69000,92000,RUB
103240,2025-12-14,Data Engineer,Lead,Казань,Офис,Малая (50-250),"Airflow, ClickHouse, Docker, Git, Python, Spark",147000,181000,RUB
105936,2025-12-14,Backend Developer,Middle,Новосибирск,Офис,Крупная (1000+),"Docker, Git, Java, PostgreSQL, Python",87000,116000,RUB
101637,2025-12-14,Frontend Developer,Middle,Санкт-Петербург,Удалённо,Малая (50-250),"CSS, Git, HTML, React",93000,115000,RUB
105253,2025-12-14,System Analyst,Middle,Москва,Гибрид,Малая (50-250),"BPMN, Confluence, Git, Jira, SQL, UML",126000,151000,RUB
105465,2025-12-14,System Analyst,Senior,Удалённо (Россия),Офис,Средняя (250-1000),"Confluence, Git, Jira",174000,234000,RUB
102990,2025-12-14,Data Analyst,Lead,Удалённо (Россия),Офис,Малая (50-250),"Excel, Git, Power BI, Python, SQL",170000,220000,RUB
102238,2025-12-14,Full-stack Developer,Junior,Москва,Удалённо,Средняя (250-1000),"Docker, Git, Node.js, React, SQL",62000,81000,RUB
102643,2025-12-14,Full-stack Developer,Senior,Удалённо (Россия),Удалённо,Средняя (250-1000),"Docker, Git, Node.js, SQL",169000,203000,RUB
101573,2025-12-14,Frontend Developer,Lead,Удалённо (Россия),Удалённо,Стартап (<50),"Git, HTML, React, TypeScript",214000,261000,RUB
104949,2025-12-15,Data Analyst,Junior,Москва,Гибрид,Крупная (1000+),"Excel, Git, Power BI, Python, SQL, Tableau",53000,72000,RUB
101971,2025-12-15,Full-stack Developer,Junior,Удалённо (Россия),Офис,Стартап (<50),"Git, JavaScript, Node.js, React",59000,79000,RUB
100630,2025-12-15,Data Scientist,Senior,Москва,Удалённо,Крупная (1000+),"Git, Scikit-learn, Statistics",195000,230000,RUB
103034,2025-12-15,Data Analyst,Middle,Москва,Офис,Малая (50-250),"Excel, Git, Power BI, Tableau",99000,122000,RUB
100645,2025-12-15,Data Engineer,Junior,Москва,Офис,Малая (50-250),"Airflow, ClickHouse, Docker, Git, SQL, Spark",72000,92000,RUB
102619,2025-12-15,Product Manager,Middle,Москва,Удалённо,Малая (50-250),"Analytics, Jira, SQL",116000,145000,RUB
104552,2025-12-15,System Analyst,Junior,Удалённо (Россия),Офис,Малая (50-250),"BPMN, Confluence, Git, Jira, SQL, UML",50000,65000,RUB
100276,2025-12-15,Data Engineer,Middle,Санкт-Петербург,Гибрид,Средняя (250-1000),"Airflow, Docker, Git, Python",128000,149000,RUB
104015,2025-12-15,Mobile Developer,Middle,Новосибирск,Гибрид,Средняя (250-1000),"Git, REST API, SQL, Swift",79000,103000,RUB
103526,2025-12-15,Data Analyst,Junior,Нижний Новгород,Офис,Крупная (1000+),"Excel, Git, Power BI, Python, SQL",30000,39000,RUB
104965,2025-12-16,QA Engineer,Junior,Новосибирск,Гибрид,Стартап (<50),"Git, Postman, Python, SQL, Selenium",31000,36000,RUB
104227,2025-12-16,Full-stack Developer,Middle,Новосибирск,Удалённо,Средняя (250-1000),"Docker, Git, JavaScript",75000,95000,RUB
100593,2025-12-16,Frontend Developer,Senior,Москва,Офис,Стартап (<50),"CSS, Git, HTML, JavaScript, React, TypeScript",205000,236000,RUB
104481,2025-12-16,QA Engineer,Middle,Москва,Удалённо,Средняя (250-1000),"Git, Postman, Python, Selenium",64000,85000,RUB
102076,2025-12-16,Product Manager,Junior,Нижний Новгород,Удалённо,Стартап (<50),"Agile, Confluence, Git, Jira",38000,50000,RUB
102055,2025-12-17,Product Manager,Middle,Краснодар,Гибрид,Стартап (<50),"Agile, Confluence, Git, SQL",62000,75000,RUB
102126,2025-12-17,Mobile Developer,Junior,Москва,Удалённо,Крупная (1000+),"Git, Kotlin, REST API, SQL, Swift",64000,85000,RUB
102801,2025-12-17,Backend Developer,Senior,Москва,Гибрид,Средняя (250-1000),"Git, Java, PostgreSQL, Python, SQL",225000,300000,RUB
104555,2025-12-18,Full-stack Developer,Middle,Новосибирск,Удалённо,Средняя (250-1000),"Git, JavaScript, Node.js",92000,111000,RUB
100202,2025-12-18,Data Engineer,Middle,Екатеринбург,Удалённо,Стартап (<50),"Airflow, Git, Python, SQL, Spark",87000,103000,RUB
104706,2025-12-18,Product Manager,Junior,Москва,Гибрид,Малая (50-250),"Agile, Analytics, Confluence, Git, Jira, SQL",65000,85000,RUB
102699,2025-12-18,ML Engineer,Senior,Удалённо (Россия),Удалённо,Стартап (<50),"Docker, Git, Kubernetes, PyTorch, Python, TensorFlow",194000,238000,RUB
103790,2025-12-18,Data Scientist,Junior,Москва,Гибрид,Стартап (<50),"Git, Pandas, PyTorch, Python",56000,75000,RUB
105772,2025-12-18,Full-stack Developer,Senior,Москва,Офис,Крупная (1000+),"Docker, Git, JavaScript, Node.js, React, SQL",194000,226000,RUB
103677,2025-12-18,Mobile Developer,Senior,Москва,Офис,Средняя (250-1000),"Git, Kotlin, SQL, Swift",167000,203000,RUB
103339,2025-12-18,Data Analyst,Junior,Удалённо (Россия),Удалённо,Средняя (250-1000),"Git, Power BI, Python, Tableau",42000,54000,RUB
104027,2025-12-18,Backend Developer,Lead,Москва,Офис,Малая (50-250),"Git, Java, PostgreSQL, Python",217000,268000,RUB
105041,2025-12-18,Full-stack Developer,Lead,Удалённо (Россия),Гибрид,Малая (50-250),"Docker, Git, Node.js, SQL",181000,245000,RUB
101304,2025-12-18,DevOps Engineer,Middle,Москва,Удалённо,Малая (50-250),"CI/CD, Docker, Git, Kubernetes, Linux, Terraform",115000,146000,RUB
100817,2025-12-19,Product Manager,Junior,Москва,Гибрид,Малая (50-250),"Agile, Analytics, Git, SQL",71000,83000,RUB
104585,2025-12-19,Backend Developer,Senior,Краснодар,Офис,Средняя (250-1000),"Git, Kubernetes, PostgreSQL, REST API, SQL",99000,133000,RUB
101297,2025-12-19,Mobile Developer,Middle,Москва,Гибрид,Малая (50-250),"Git, Kotlin, REST API, SQL, Swift",106000,125000,RUB
101145,2025-12-19,Data Analyst,Junior,Казань,Гибрид,Малая (50-250),"Excel, Git, Power BI, Python, Tableau",32000,38000,RUB
104170,2025-12-19,QA Engineer,Junior,Москва,Офис,Средняя (250-1000),"Git, Postman, Python, SQL, Selenium",37000,50000,RUB
103027,2025-12-19,Full-stack Developer,Junior,Москва,Офис,Стартап (<50),"Docker, Git, JavaScript, React, SQL",54000,71000,RUB
105661,2025-12-19,Data Analyst,Middle,Москва,Удалённо,Крупная (1000+),"Git, Power BI, SQL, Tableau",100000,128000,RUB
102959,2025-12-19,Frontend Developer,Middle,Москва,Гибрид,Стартап (<50),"CSS, HTML, JavaScript, React",88000,116000,RUB
105965,2025-12-19,Backend Developer,Middle,Москва,Офис,Средняя (250-1000),"Git, Java, PostgreSQL, REST API, SQL",107000,123000,RUB
102108,2025-12-19,Data Analyst,Junior,Москва,Офис,Крупная (1000+),"Excel, Git, Power BI, Python, SQL, Tableau",65000,77000,RUB
100297,2025-12-19,Data Analyst,Junior,Екатеринбург,Удалённо,Стартап (<50),"Git, Python, Tableau",30000,39000,RUB
105854,2025-12-20,DevOps Engineer,Junior,Краснодар,Гибрид,Средняя (250-1000),"Docker, Git, Linux",43000,50000,RUB
100388,2025-12-20,Data Analyst,Middle,Удалённо (Россия),Гибрид,Малая (50-250),"Excel, Git, Power BI, Python, SQL, Tableau",81000,95000,RUB
101265,2025-12-20,Full-stack Developer,Middle,Москва,Гибрид,Крупная (1000+),"Docker, Git, JavaScript, Node.js, React, SQL",121000,149000,RUB
101456,2025-12-20,QA Engineer,Senior,Удалённо (Россия),Удалённо,Крупная (1000+),"Git, Manual Testing, Postman, Python, SQL",156000,199000,RUB
101965,2025-12-20,ML Engineer,Middle,Санкт-Петербург,Гибрид,Малая (50-250),"Git, Kubernetes, MLflow, PyTorch",160000,212000,RUB
103360,2025-12-20,Full-stack Developer,Junior,Удалённо (Россия),Гибрид,Крупная (1000+),"Docker, Git, JavaScript, Node.js, React",49000,63000,RUB
105368,2025-12-20,ML Engineer,Middle,Нижний Новгород,Офис,Стартап (<50),"Docker, MLflow, PyTorch",75000,97000,RUB
104504,2025-12-20,DevOps Engineer,Junior,Москва,Офис,Крупная (1000+),"AWS, CI/CD, Docker, Git, Kubernetes",98000,129000,RUB
100695,2025-12-21,Data Analyst,Middle,Москва,Офис,Крупная (1000+),"Excel, Git, SQL, Tableau",109000,141000,RUB
101918,2025-12-21,DevOps Engineer,Junior,Москва,Гибрид,Малая (50-250),"CI/CD, Git, Kubernetes, Linux, Terraform",70000,81000,RUB
105901,2025-12-21,Full-stack Developer,Senior,Удалённо (Россия),Гибрид,Стартап (<50),"Docker, Git, React, SQL",139000,187000,RUB
104014,2025-12-21,Backend Developer,Middle,Удалённо (Россия),Офис,Средняя (250-1000),"Docker, Git, Java, PostgreSQL, Python, SQL",96000,125000,RUB
100076,2025-12-22,QA Engineer,Junior,Удалённо (Россия),Гибрид,Крупная (1000+),"Git, Manual Testing, Python, SQL, Selenium",55000,68000,RUB
104057,2025-12-22,Data Scientist,Junior,Москва,Удалённо,Малая (50-250),"Docker, Git, Pandas, Scikit-learn, Statistics",78000,94000,RUB
101035,2025-12-23,System Analyst,Middle,Москва,Удалённо,Стартап (<50),"Confluence, Git, Jira, UML",92000,111000,RUB
104463,2025-12-23,Mobile Developer,Middle,Москва,Офис,Средняя (250-1000),"Git, Kotlin, REST API, SQL, Swift",134000,178000,RUB
102963,2025-12-23,Data Engineer,Senior,Москва,Удалённо,Средняя (250-1000),"Airflow, ClickHouse, Docker, Git, Python, Spark",165000,210000,RUB
105731,2025-12-23,Full-stack Developer,Senior,Москва,Офис,Стартап (<50),"Docker, Git, JavaScript, Node.js, React, SQL",150000,180000,RUB
104771,2025-12-23,Frontend Developer,Middle,Удалённо (Россия),Гибрид,Средняя (250-1000),"CSS, Git, JavaScript, React, TypeScript",74000,94000,RUB
102518,2025-12-24,Full-stack Developer,Senior,Санкт-Петербург,Гибрид,Малая (50-250),"Git, JavaScript, Node.js, React, SQL",144000,169000,RUB
105881,2025-12-24,Frontend Developer,Senior,Москва,Офис,Средняя (250-1000),"Git, HTML, JavaScript, TypeScript",159000,204000,RUB
103062,2025-12-24,Frontend Developer,Junior,Санкт-Петербург,Удалённо,Крупная (1000+),"CSS, Git, HTML, JavaScript, TypeScript",56000,75000,RUB
104175,2025-12-24,Mobile Developer,Senior,Новосибирск,Офис,Стартап (<50),"Git, REST API, SQL, Swift",83000,98000,RUB
104411,2025-12-24,Data Analyst,Senior,Москва,Офис,Средняя (250-1000),"Git, Python, SQL",175000,211000,RUB
100142,2025-12-24,Data Analyst,Middle,Удалённо (Россия),Офис,Средняя (250-1000),"Excel, Git, Power BI, Python, SQL, Tableau",87000,110000,RUB
104028,2025-12-24,Data Scientist,Middle,Удалённо (Россия),Гибрид,Стартап (<50),"Docker, Git, PyTorch, SQL, Scikit-learn, Statistics",114000,147000,RUB
103880,2025-12-24,Full-stack Developer,Middle,Нижний Новгород,Гибрид,Малая (50-250),"Docker, Git, JavaScript, SQL",61000,75000,RUB
103459,2025-12-24,Mobile Developer,Junior,Казань,Офис,Средняя (250-1000),"Git, Kotlin, REST API, SQL, Swift",34000,43000,RUB
102741,2025-12-25,Mobile Developer,Senior,Москва,Офис,Малая (50-250),"Git, Kotlin, REST API, SQL, Swift",190000,220000,RUB
102308,2025-12-25,Product Manager,Middle,Санкт-Петербург,Офис,Средняя (250-1000),"Analytics, Confluence, SQL",125000,165000,RUB
104055,2025-12-25,DevOps Engineer,Middle,Новосибирск,Гибрид,Малая (50-250),"AWS, CI/CD, Git, Kubernetes, Linux, Terraform",92000,119000,RUB
100433,2025-12-25,Backend Developer,Senior,Москва,Гибрид,Крупная (1000+),"PostgreSQL, REST API, SQL",207000,265000,RUB
101253,2025-12-25,Data Analyst,Senior,Удалённо (Россия),Офис,Стартап (<50),"Git, Power BI, SQL",135000,156000,RUB
104001,2025-12-26,Data Scientist,Junior,Москва,Гибрид,Стартап (<50),"Git, Pandas, PyTorch, Python, SQL, Scikit-learn",66000,81000,RUB
102685,2025-12-26,Data Analyst,Senior,Казань,Удалённо,Крупная (1000+),"Excel, Git, Power BI, Python, SQL, Tableau",104000,122000,RUB
100608,2025-12-26,DevOps Engineer,Middle,Екатеринбург,Удалённо,Крупная (1000+),"Docker, Git, Kubernetes, Terraform",99000,117000,RUB
104614,2025-12-26,Backend Developer,Middle,Москва,Удалённо,Средняя (250-1000),"Docker, Git, Java, PostgreSQL, Python",135000,176000,RUB
100523,2025-12-26,Backend Developer,Junior,Москва,Удалённо,Малая (50-250),"Git, Java, Kubernetes",72000,92000,RUB
103413,2025-12-26,Data Analyst,Junior,Удалённо (Россия),Гибрид,Стартап (<50),"Git, Power BI, Python, SQL",50000,60000,RUB
105437,2025-12-27,Data Engineer,Junior,Москва,Офис,Малая (50-250),"Airflow, ClickHouse, Git, Spark",51000,59000,RUB
104127,2025-12-27,QA Engineer,Senior,Казань,Удалённо,Малая (50-250),"Git, Manual Testing, Postman, Python",76000,101000,RUB
102954,2025-12-27,Backend Developer,Senior,Удалённо (Россия),Удалённо,Малая (50-250),"Git, Kubernetes, PostgreSQL, REST API",164000,196000,RUB
104396,2025-12-27,Full-stack Developer,Senior,Москва,Удалённо,Малая (50-250),"Docker, Git, JavaScript, Node.js, React, SQL",154000,195000,RUB
104669,2025-12-27,Data Analyst,Middle,Москва,Гибрид,Стартап (<50),"Excel, Git, Power BI, Python, SQL, Tableau",86000,105000,RUB
100623,2025-12-27,Frontend Developer,Senior,Москва,Удалённо,Средняя (250-1000),"CSS, Git, HTML, TypeScript",196000,257000,RUB
105675,2025-12-27,Backend Developer,Senior,Санкт-Петербург,Офис,Стартап (<50),"Git, Java, PostgreSQL, Python, SQL",141000,167000,RUB
105206,2025-12-28,Frontend Developer,Middle,Москва,Офис,Крупная (1000+),"CSS, Git, HTML, React, TypeScript",103000,132000,RUB
105686,2025-12-28,Product Manager,Senior,Удалённо (Россия),Удалённо,Малая (50-250),"Agile, Analytics, Git, Jira, SQL",106000,143000,RUB
103910,2025-12-28,DevOps Engineer,Junior,Москва,Офис,Малая (50-250),"AWS, Git, Kubernetes, Terraform",73000,95000,RUB
104979,2025-12-28,Backend Developer,Middle,Санкт-Петербург,Гибрид,Малая (50-250),"Docker, Git, Kubernetes, PostgreSQL, REST API, SQL",118000,141000,RUB
103755,2025-12-28,DevOps Engineer,Junior,Санкт-Петербург,Удалённо,Стартап (<50),"CI/CD, Git, Kubernetes",47000,59000,RUB
103590,2025-12-28,DevOps Engineer,Middle,Санкт-Петербург,Удалённо,Крупная (1000+),"CI/CD, Docker, Git, Linux",132000,168000,RUB
101917,2025-12-29,Data Analyst,Middle,Казань,Офис,Малая (50-250),"Excel, Python, SQL, Tableau",68000,80000,RUB
104101,2025-12-29,System Analyst,Junior,Казань,Гибрид,Малая (50-250),"BPMN, Confluence, Git, Jira, SQL, UML",37000,48000,RUB
100273,2025-12-29,Mobile Developer,Middle,Казань,Офис,Стартап (<50),"Git, Kotlin, REST API, SQL, Swift",64000,83000,RUB
104405,2025-12-29,Product Manager,Middle,Новосибирск,Офис,Крупная (1000+),"Agile, Analytics, Git, SQL",100000,132000,RUB
102032,2025-12-29,Frontend Developer,Junior,Удалённо (Россия),Удалённо,Стартап (<50),"CSS, Git, JavaScript, TypeScript",52000,64000,RUB
102070,2025-12-29,System Analyst,Middle,Удалённо (Россия),Удалённо,Средняя (250-1000),"Confluence, Git, Jira, UML",71000,89000,RUB
104420,2025-12-29,Data Engineer,Senior,Екатеринбург,Гибрид,Крупная (1000+),"Airflow, ClickHouse, Git, Kafka, Python",151000,185000,RUB
105931,2025-12-29,DevOps Engineer,Junior,Краснодар,Офис,Стартап (<50),"Git, Kubernetes, Linux, Terraform",33000,39000,RUB
102471,2025-12-30,Data Analyst,Middle,Удалённо (Россия),Гибрид,Средняя (250-1000),"Excel, Git, Power BI, Python, SQL, Tableau",86000,113000,RUB
101647,2025-12-30,Backend Developer,Senior,Удалённо (Россия),Офис,Малая (50-250),"Git, Java, Python, SQL",170000,218000,RUB
105896,2025-12-30,System Analyst,Senior,Екатеринбург,Офис,Стартап (<50),"BPMN, Confluence, Git, Jira, SQL, UML",76000,102000,RUB
103399,2025-12-30,DevOps Engineer,Senior,Москва,Офис,Крупная (1000+),"AWS, CI/CD, Docker, Git, Kubernetes, Terraform",251000,298000,RUB
100408,2025-12-31,Data Engineer,Senior,Екатеринбург,Гибрид,Стартап (<50),"ClickHouse, Git, Spark",97000,126000,RUB
103441,2025-12-31,Data Scientist,Middle,Москва,Гибрид,Средняя (250-1000),"Docker, Git, Pandas, PyTorch",137000,169000,RUB
103264,2025-12-31,Full-stack Developer,Junior,Удалённо (Россия),Удалённо,Средняя (250-1000),"Docker, Git, React, SQL",56000,68000,RUB
104257,2026-01-01,Data Scientist,Middle,Москва,Удалённо,Малая (50-250),"Git, PyTorch, Scikit-learn, Statistics",146000,176000,RUB
101522,2026-01-01,Data Engineer,Senior,Санкт-Петербург,Гибрид,Малая (50-250),"Airflow, Git, Kafka, Python, Spark",191000,247000,RUB
100849,2026-01-01,Data Scientist,Middle,Новосибирск,Удалённо,Малая (50-250),"Docker, Git, Pandas, Python, SQL, Scikit-learn, Statistics",67000,78000,RUB
103848,2026-01-01,Data Analyst,Junior,Санкт-Петербург,Удалённо,Крупная (1000+),"Excel, Git, Power BI, Python, SQL, Tableau",46000,60000,RUB
100497,2026-01-01,System Analyst,Middle,Москва,Офис,Стартап (<50),"Confluence, Git, Jira",89000,111000,RUB
101189,2026-01-02,Full-stack Developer,Middle,Нижний Новгород,Гибрид,Стартап (<50),"Git, JavaScript, Node.js, SQL",55000,64000,RUB
100822,2026-01-02,System Analyst,Senior,Удалённо (Россия),Офис,Малая (50-250),"BPMN, Confluence, Git, Jira, SQL, UML",166000,223000,RUB
105210,2026-01-02,Backend Developer,Middle,Удалённо (Россия),Гибрид,Стартап (<50),"Git, Java, Python, REST API",87000,111000,RUB
101701,2026-01-02,Data Scientist,Middle,Москва,Удалённо,Малая (50-250),"Git, PyTorch, Statistics",132000,168000,RUB
104796,2026-01-02,Product Manager,Junior,Москва,Офис,Стартап (<50),"Agile, Analytics, Git, Jira, SQL",71000,86000,RUB
101436,2026-01-03,DevOps Engineer,Junior,Москва,Гибрид,Средняя (250-1000),"CI/CD, Docker, Git, Kubernetes, Linux, Terraform",63000,77000,RUB
104006,2026-01-03,DevOps Engineer,Middle,Москва,Гибрид,Малая (50-250),"AWS, CI/CD, Git, Kubernetes, Linux",120000,157000,RUB
103364,2026-01-03,QA Engineer,Middle,Казань,Гибрид,Средняя (250-1000),"Git, Python, SQL, Selenium",58000,69000,RUB
103738,2026-01-03,ML Engineer,Middle,Екатеринбург,Офис,Средняя (250-1000),"Docker, Git, Kubernetes, PyTorch, Python",80000,103000,RUB
105315,2026-01-03,QA Engineer,Middle,Москва,Гибрид,Крупная (1000+),"Git, Postman, SQL, Selenium",83000,105000,RUB
103543,2026-01-03,Data Analyst,Middle,Екатеринбург,Офис,Крупная (1000+),"Excel, Git, Power BI, Python, SQL, Tableau",58000,71000,RUB
100435,2026-01-03,Data Engineer,Junior,Новосибирск,Офис,Стартап (<50),"Airflow, ClickHouse, Git",30000,37000,RUB
102825,2026-01-03,Data Analyst,Middle,Москва,Гибрид,Стартап (<50),"Excel, Git, SQL",80000,92000,RUB
102488,2026-01-03,Data Scientist,Middle,Москва,Удалённо,Стартап (<50),"Docker, Git, Pandas, PyTorch, SQL, Scikit-learn",121000,160000,RUB
104476,2026-01-03,Data Engineer,Middle,Удалённо (Россия),Гибрид,Средняя (250-1000),"Airflow, ClickHouse, Docker, Kafka",155000,185000,RUB
104149,2026-01-03,Backend Developer,Junior,Санкт-Петербург,Гибрид,Стартап (<50),"Docker, Git, Java, PostgreSQL, REST API",58000,75000,RUB
100624,2026-01-03,ML Engineer,Lead,Казань,Удалённо,Стартап (<50),"Docker, Git, MLflow, PyTorch, TensorFlow",147000,180000,RUB
103030,2026-01-03,Frontend Developer,Middle,Москва,Гибрид,Средняя (250-1000),"Git, HTML, JavaScript, React, TypeScript",89000,108000,RUB
102850,2026-01-04,Data Scientist,Lead,Москва,Офис,Средняя (250-1000),"Docker, Git, Pandas, PyTorch, Python, Scikit-learn, Statistics",328000,397000,RUB
100115,2026-01-04,Data Engineer,Middle,Москва,Офис,Средняя (250-1000),"Airflow, ClickHouse, Git, Kafka, Python, SQL, Spark",110000,134000,RUB
104090,2026-01-04,Frontend Developer,Senior,Москва,Офис,Крупная (1000+),"Git, HTML, JavaScript, React, TypeScript",185000,245000,RUB
100801,2026-01-04,ML Engineer,Senior,Удалённо (Россия),Офис,Стартап (<50),"Git, Kubernetes, MLflow, Python",194000,260000,RUB
100678,2026-01-05,Mobile Developer,Senior,Санкт-Петербург,Офис,Малая (50-250),"Git, Kotlin, REST API, SQL",136000,173000,RUB
101211,2026-01-05,Backend Developer,Junior,Новосибирск,Удалённо,Малая (50-250),"Git, Java, PostgreSQL, Python",36000,47000,RUB
104315,2026-01-06,Data Analyst,Middle,Санкт-Петербург,Удалённо,Крупная (1000+),"Excel, Git, Power BI, Python, SQL, Tableau",107000,142000,RUB
101799,2026-01-06,Backend Developer,Middle,Екатеринбург,Удалённо,Крупная (1000+),"Docker, Git, PostgreSQL, SQL",105000,129000,RUB
105728,2026-01-06,Data Scientist,Middle,Удалённо (Россия),Удалённо,Стартап (<50),"Docker, Git, Python, SQL",101000,122000,RUB
105531,2026-01-06,System Analyst,Junior,Краснодар,Гибрид,Малая (50-250),"BPMN, Confluence, Git, Jira, SQL, UML",36000,43000,RUB
100174,2026-01-06,ML Engineer,Junior,Удалённо (Россия),Гибрид,Стартап (<50),"Git, MLflow, PyTorch, Python",55000,64000,RUB
100910,2026-01-06,Full-stack Developer,Junior,Москва,Гибрид,Крупная (1000+),"Docker, Git, JavaScript, React, SQL",78000,103000,RUB
100234,2026-01-06,QA Engineer,Middle,Казань,Гибрид,Стартап (<50),"Git, Manual Testing, Postman, Python, Selenium",51000,60000,RUB
104703,2026-01-06,DevOps Engineer,Middle,Нижний Новгород,Удалённо,Малая (50-250),"AWS, CI/CD, Git, Kubernetes, Linux, Terraform",87000,101000,RUB
101235,2026-01-06,Data Analyst,Senior,Москва,Гибрид,Малая (50-250),"Excel, Git, Power BI, Python, SQL",171000,226000,RUB
100509,2026-01-07,System Analyst,Middle,Санкт-Петербург,Гибрид,Стартап (<50),"Confluence, Git, SQL, UML",59000,68000,RUB
102633,2026-01-07,Full-stack Developer,Senior,Москва,Удалённо,Стартап (<50),"Docker, Git, JavaScript, Node.js, React, SQL",174000,226000,RUB
102275,2026-01-07,Data Analyst,Junior,Москва,Удалённо,Стартап (<50),"Excel, Git, SQL, Tableau",57000,65000,RUB
104736,2026-01-07,Data Analyst,Senior,Москва,Офис,Малая (50-250),"Excel, Git, Power BI, SQL, Tableau",180000,236000,RUB
101239,2026-01-07,QA Engineer,Middle,Удалённо (Россия),Гибрид,Малая (50-250),"Git, Manual Testing, Postman, SQL",78000,97000,RUB
100161,2026-01-08,System Analyst,Middle,Удалённо (Россия),Удалённо,Стартап (<50),"BPMN, Confluence, Git, Jira, SQL, UML",81000,107000,RUB
100229,2026-01-08,Frontend Developer,Senior,Казань,Офис,Крупная (1000+),"CSS, Git, HTML, JavaScript",95000,113000,RUB
104516,2026-01-08,Data Scientist,Middle,Москва,Офис,Средняя (250-1000),"Docker, Git, PyTorch, Python, Scikit-learn",115000,146000,RUB
100540,2026-01-09,System Analyst,Middle,Нижний Новгород,Гибрид,Средняя (250-1000),"Confluence, Git, Jira",77000,103000,RUB
105220,2026-01-09,Product Manager,Junior,Санкт-Петербург,Офис,Малая (50-250),"Agile, Analytics, Confluence, Git, SQL",44000,56000,RUB
104992,2026-01-09,Data Scientist,Junior,Удалённо (Россия),Гибрид,Малая (50-250),"Docker, Git, Python, Scikit-learn, Statistics",53000,66000,RUB
100183,2026-01-09,Data Scientist,Middle,Нижний Новгород,Удалённо,Крупная (1000+),"Docker, Git, Pandas, PyTorch, Scikit-learn, Statistics",92000,120000,RUB
101094,2026-01-09,Backend Developer,Lead,Казань,Офис,Малая (50-250),"Git, Java, Python",107000,137000,RUB
103012,2026-01-09,Frontend Developer,Senior,Новосибирск,Офис,Малая (50-250),"CSS, Git, HTML, JavaScript, React, TypeScript",92000,121000,RUB
100135,2026-01-09,ML Engineer,Middle,Москва,Офис,Средняя (250-1000),"Docker, Git, Kubernetes, PyTorch, TensorFlow",125000,146000,RUB
105124,2026-01-10,Backend Developer,Junior,Казань,Гибрид,Стартап (<50),"Docker, Git, PostgreSQL, Python, SQL",34000,42000,RUB
100163,2026-01-10,Full-stack Developer,Junior,Санкт-Петербург,Гибрид,Стартап (<50),"Docker, Git, Node.js, React",63000,84000,RUB
100875,2026-01-10,Frontend Developer,Middle,Москва,Гибрид,Средняя (250-1000),"Git, HTML, JavaScript",77000,90000,RUB
105701,2026-01-10,ML Engineer,Junior,Удалённо (Россия),Гибрид,Крупная (1000+),"Docker, Git, Python, TensorFlow",71000,96000,RUB
102479,2026-01-10,Frontend Developer,Junior,Казань,Гибрид,Средняя (250-1000),"CSS, Git, HTML, JavaScript, TypeScript",30000,35000,RUB
103533,2026-01-10,Data Engineer,Senior,Москва,Удалённо,Малая (50-250),"ClickHouse, Docker, Git, Kafka, Python, SQL",231000,310000,RUB
105509,2026-01-10,Frontend Developer,Senior,Удалённо (Россия),Удалённо,Средняя (250-1000),"CSS, Git, HTML, JavaScript, TypeScript",114000,147000,RUB
104630,2026-01-10,Full-stack Developer,Junior,Удалённо (Россия),Офис,Крупная (1000+),"Docker, Git, JavaScript, Node.js, React, SQL",57000,70000,RUB
100868,2026-01-11,Backend Developer,Lead,Москва,Гибрид,Малая (50-250),"Docker, Git, Kubernetes, REST API, SQL",183000,242000,RUB
104294,2026-01-11,Backend Developer,Middle,Удалённо (Россия),Удалённо,Стартап (<50),"Git, Kubernetes, PostgreSQL, REST API",124000,167000,RUB
105479,2026-01-11,Data Analyst,Junior,Санкт-Петербург,Удалённо,Крупная (1000+),"Excel, SQL, Tableau",45000,55000,RUB
104052,2026-01-11,Frontend Developer,Junior,Удалённо (Россия),Гибрид,Стартап (<50),"Git, HTML, JavaScript, TypeScript",51000,64000,RUB
102328,2026-01-11,QA Engineer,Middle,Москва,Гибрид,Средняя (250-1000),"Git, Manual Testing, Postman, Python, SQL, Selenium",100000,126000,RUB
105492,2026-01-11,Backend Developer,Junior,Москва,Офис,Малая (50-250),"Git, Java, Kubernetes, Python, REST API, SQL",65000,78000,RUB
100419,2026-01-11,DevOps Engineer,Middle,Екатеринбург,Удалённо,Средняя (250-1000),"AWS, CI/CD, Docker, Git, Kubernetes",87000,105000,RUB
102992,2026-01-11,Data Engineer,Senior,Москва,Офис,Крупная (1000+),"ClickHouse, Docker, Git, Kafka, SQL",199000,252000,RUB
103323,2026-01-12,Data Engineer,Senior,Санкт-Петербург,Гибрид,Средняя (250-1000),"Airflow, Git, SQL, Spark",180000,212000,RUB
105467,2026-01-12,Data Engineer,Lead,Москва,Удалённо,Средняя (250-1000),"Airflow, ClickHouse, Git, Kafka, SQL, Spark",270000,311000,RUB
101591,2026-01-12,Full-stack Developer,Middle,Москва,Офис,Стартап (<50),"Docker, Git, JavaScript, Node.js, React, SQL",116000,146000,RUB
100763,2026-01-12,System Analyst,Senior,Удалённо (Россия),Гибрид,Малая (50-250),"Confluence, Git, SQL, UML",123000,163000,RUB
105976,2026-01-12,Data Analyst,Senior,Санкт-Петербург,Удалённо,Малая (50-250),"Excel, Git, Power BI, Python, Tableau",150000,185000,RUB
101276,2026-01-12,Data Engineer,Middle,Москва,Удалённо,Малая (50-250),"Git, Python, SQL, Spark",104000,127000,RUB
100288,2026-01-12,Full-stack Developer,Middle,Москва,Удалённо,Средняя (250-1000),"Docker, Git, JavaScript, Node.js, React, SQL",130000,170000,RUB
104692,2026-01-12,Data Analyst,Junior,Москва,Гибрид,Средняя (250-1000),"Git, Power BI, Python, SQL, Tableau",60000,80000,RUB
101053,2026-01-12,System Analyst,Junior,Удалённо (Россия),Удалённо,Малая (50-250),"Confluence, Git, Jira, SQL",56000,67000,RUB
105927,2026-01-12,Data Scientist,Senior,Нижний Новгород,Гибрид,Стартап (<50),"Docker, Git, PyTorch, SQL, Scikit-learn, Statistics",109000,143000,RUB
100546,2026-01-12,Backend Developer,Lead,Москва,Офис,Стартап (<50),"Docker, Git, REST API, SQL",217000,286000,RUB
101684,2026-01-12,Frontend Developer,Middle,Казань,Гибрид,Малая (50-250),"Git, HTML, React, TypeScript",46000,54000,RUB
104104,2026-01-13,Full-stack Developer,Senior,Москва,Офис,Малая (50-250),"Docker, Git, JavaScript, Node.js, SQL",185000,223000,RUB
104866,2026-01-13,System Analyst,Junior,Санкт-Петербург,Удалённо,Стартап (<50),"BPMN, Confluence, Git, Jira, SQL, UML",51000,60000,RUB
104842,2026-01-13,Full-stack Developer,Lead,Санкт-Петербург,Офис,Малая (50-250),"Docker, Git, JavaScript, Node.js, SQL",189000,235000,RUB
103480,2026-01-13,QA Engineer,Junior,Москва,Гибрид,Малая (50-250),"Git, Manual Testing, Python, SQL, Selenium",50000,66000,RUB
103086,2026-01-13,Data Scientist,Middle,Казань,Удалённо,Крупная (1000+),"Docker, Git, PyTorch, SQL, Statistics",77000,89000,RUB
104856,2026-01-13,Frontend Developer,Senior,Санкт-Петербург,Удалённо,Средняя (250-1000),"CSS, Git, HTML, React, TypeScript",151000,178000,RUB
100951,2026-01-14,Backend Developer,Senior,Казань,Удалённо,Малая (50-250),"Git, Kubernetes, PostgreSQL, REST API, SQL",101000,131000,RUB
105087,2026-01-14,ML Engineer,Junior,Санкт-Петербург,Удалённо,Стартап (<50),"Docker, Git, Kubernetes, MLflow, PyTorch, TensorFlow",61000,77000,RUB
100162,2026-01-14,Data Engineer,Middle,Москва,Офис,Малая (50-250),"Airflow, ClickHouse, Docker, Git, SQL",117000,143000,RUB
100765,2026-01-14,Data Scientist,Junior,Удалённо (Россия),Гибрид,Крупная (1000+),"Git, Pandas, Scikit-learn, Statistics",74000,90000,RUB
102339,2026-01-14,Frontend Developer,Middle,Удалённо (Россия),Офис,Стартап (<50),"CSS, Git, JavaScript, React, TypeScript",85000,109000,RUB
104827,2026-01-14,Backend Developer,Junior,Москва,Гибрид,Малая (50-250),"Git, Java, PostgreSQL, Python, REST API, SQL",68000,87000,RUB
102011,2026-01-14,Full-stack Developer,Middle,Удалённо (Россия),Удалённо,Малая (50-250),"Git, JavaScript, React",92000,111000,RUB
105863,2026-01-14,DevOps Engineer,Middle,Краснодар,Гибрид,Крупная (1000+),"AWS, CI/CD, Docker, Git, Linux, Terraform",64000,81000,RUB
101256,2026-01-14,Frontend Developer,Senior,Удалённо (Россия),Офис,Малая (50-250),"Git, HTML, React, TypeScript",119000,144000,RUB
100014,2026-01-15,QA Engineer,Lead,Москва,Офис,Стартап (<50),"Git, Postman, Python",190000,227000,RUB
103060,2026-01-15,Frontend Developer,Middle,Нижний Новгород,Офис,Крупная (1000+),"CSS, Git, HTML, JavaScript, React",59000,77000,RUB
104701,2026-01-15,DevOps Engineer,Middle,Санкт-Петербург,Гибрид,Стартап (<50),"CI/CD, Docker, Git, Linux, Terraform",72000,90000,RUB
103598,2026-01-15,System Analyst,Middle,Казань,Гибрид,Средняя (250-1000),"BPMN, Confluence, Git, UML",50000,64000,RUB
101675,2026-01-15,System Analyst,Senior,Москва,Офис,Средняя (250-1000),"Confluence, Git, SQL",137000,166000,RUB
104941,2026-01-15,DevOps Engineer,Middle,Москва,Офис,Средняя (250-1000),"Docker, Kubernetes, Terraform",88000,116000,RUB
105335,2026-01-15,Full-stack Developer,Lead,Краснодар,Удалённо,Средняя (250-1000),"Git, JavaScript, React",170000,221000,RUB
100197,2026-01-16,Mobile Developer,Senior,Удалённо (Россия),Удалённо,Крупная (1000+),"Git, Kotlin, REST API, SQL, Swift",139000,166000,RUB
105228,2026-01-16,ML Engineer,Middle,Нижний Новгород,Удалённо,Малая (50-250),"Git, Kubernetes, MLflow, PyTorch, Python",80000,101000,RUB
104678,2026-01-16,DevOps Engineer,Senior,Санкт-Петербург,Удалённо,Малая (50-250),"AWS, Docker, Git, Terraform",170000,199000,RUB
105049,2026-01-16,Backend Developer,Lead,Санкт-Петербург,Удалённо,Крупная (1000+),"Git, Java, Kubernetes, PostgreSQL, REST API",185000,245000,RUB
103306,2026-01-17,Full-stack Developer,Junior,Санкт-Петербург,Удалённо,Средняя (250-1000),"Docker, Git, JavaScript, Node.js, SQL",46000,53000,RUB
100525,2026-01-17,Mobile Developer,Lead,Екатеринбург,Офис,Средняя (250-1000),"Git, Kotlin, REST API, SQL, Swift",130000,154000,RUB
100641,2026-01-17,System Analyst,Junior,Нижний Новгород,Удалённо,Малая (50-250),"Confluence, Git, Jira",34000,43000,RUB
103506,2026-01-17,Backend Developer,Junior,Москва,Гибрид,Средняя (250-1000),"Docker, Git, Java, Kubernetes, REST API, SQL",51000,69000,RUB
103045,2026-01-17,Data Scientist,Junior,Екатеринбург,Офис,Средняя (250-1000),"Docker, Git, Python, Statistics",48000,55000,RUB
100527,2026-01-17,Full-stack Developer,Senior,Москва,Офис,Средняя (250-1000),"Docker, Git, Node.js, SQL",183000,234000,RUB
105405,2026-01-18,Mobile Developer,Middle,Удалённо (Россия),Офис,Средняя (250-1000),"Git, Kotlin, REST API, SQL, Swift",110000,139000,RUB
101797,2026-01-18,Frontend Developer,Senior,Новосибирск,Офис,Средняя (250-1000),"Git, HTML, JavaScript, TypeScript",76000,94000,RUB
104781,2026-01-18,Full-stack Developer,Junior,Санкт-Петербург,Офис,Стартап (<50),"Docker, Git, JavaScript, Node.js, React",47000,61000,RUB
104266,2026-01-18,System Analyst,Middle,Москва,Офис,Малая (50-250),"BPMN, Confluence, UML",95000,127000,RUB
100409,2026-01-18,Frontend Developer,Lead,Москва,Офис,Малая (50-250),"CSS, Git, HTML, JavaScript, React, TypeScript",187000,249000,RUB
103900,2026-01-18,Data Analyst,Junior,Новосибирск,Гибрид,Средняя (250-1000),"Excel, Git, Power BI, SQL, Tableau",32000,40000,RUB
103860,2026-01-18,Mobile Developer,Senior,Москва,Гибрид,Малая (50-250),"Git, Kotlin, REST API, SQL, Swift",191000,245000,RUB
101953,2026-01-18,Product Manager,Senior,Санкт-Петербург,Офис,Малая (50-250),"Analytics, Confluence, Git, Jira, SQL",155000,184000,RUB
105593,2026-01-19,Full-stack Developer,Middle,Санкт-Петербург,Офис,Средняя (250-1000),"Docker, Git, JavaScript, React, SQL",101000,136000,RUB
102635,2026-01-19,Data Engineer,Junior,Москва,Гибрид,Средняя (250-1000),"Airflow, Git, Python, SQL",63000,74000,RUB
105181,2026-01-19,QA Engineer,Middle,Санкт-Петербург,Офис,Стартап (<50),"Git, Manual Testing, Postman, Python, SQL, Selenium",53000,69000,RUB
101767,2026-01-19,Data Engineer,Middle,Москва,Гибрид,Средняя (250-1000),"Airflow, ClickHouse, Docker, Git, Python, SQL",132000,168000,RUB
101084,2026-01-19,Frontend Developer,Junior,Москва,Удалённо,Средняя (250-1000),"CSS, HTML, JavaScript, TypeScript",62000,76000,RUB
102207,2026-01-19,Mobile Developer,Middle,Москва,Офис,Средняя (250-1000),"Git, Kotlin, REST API, SQL, Swift",101000,132000,RUB
100403,2026-01-19,Backend Developer,Senior,Москва,Гибрид,Малая (50-250),"Git, Kubernetes, Python, REST API",214000,279000,RUB
100796,2026-01-19,Data Analyst,Junior,Краснодар,Удалённо,Средняя (250-1000),"Excel, Python, SQL",31000,35000,RUB
103603,2026-01-19,ML Engineer,Junior,Санкт-Петербург,Гибрид,Малая (50-250),"Git, Kubernetes, PyTorch, Python",62000,74000,RUB
102064,2026-01-20,DevOps Engineer,Senior,Удалённо (Россия),Офис,Крупная (1000+),"AWS, CI/CD, Git, Linux",221000,298000,RUB
101469,2026-01-20,Mobile Developer,Middle,Нижний Новгород,Офис,Малая (50-250),"Git, Kotlin, REST API, SQL, Swift",71000,91000,RUB
105940,2026-01-20,Data Engineer,Middle,Нижний Новгород,Гибрид,Средняя (250-1000),"Airflow, Git, Kafka, Python, SQL",61000,72000,RUB
104999,2026-01-20,Frontend Developer,Middle,Санкт-Петербург,Офис,Средняя (250-1000),"CSS, Git, JavaScript, TypeScript",85000,101000,RUB
100047,2026-01-20,Product Manager,Senior,Санкт-Петербург,Офис,Средняя (250-1000),"Agile, Analytics, Confluence, Git, Jira, SQL",152000,196000,RUB
105715,2026-01-20,System Analyst,Senior,Москва,Офис,Средняя (250-1000),"Git, SQL, UML",188000,238000,RUB
105195,2026-01-21,System Analyst,Middle,Казань,Гибрид,Стартап (<50),"BPMN, Git, SQL, UML",48000,64000,RUB
102092,2026-01-21,QA Engineer,Middle,Санкт-Петербург,Офис,Крупная (1000+),"Git, Manual Testing, Postman, SQL, Selenium",64000,79000,RUB
105472,2026-01-21,Backend Developer,Senior,Удалённо (Россия),Гибрид,Стартап (<50),"Git, Java, Kubernetes, PostgreSQL, REST API",137000,179000,RUB
100002,2026-01-21,QA Engineer,Lead,Краснодар,Офис,Малая (50-250),"Git, Manual Testing, Postman, Selenium",81000,100000,RUB
102738,2026-01-21,Data Engineer,Junior,Краснодар,Офис,Малая (50-250),"Airflow, ClickHouse, Docker, Git, Spark",32000,39000,RUB
103634,2026-01-22,Full-stack Developer,Middle,Москва,Удалённо,Крупная (1000+),"Docker, Git, Node.js, React",147000,193000,RUB
100717,2026-01-22,ML Engineer,Middle,Удалённо (Россия),Офис,Стартап (<50),"Docker, Git, Python",132000,168000,RUB
102493,2026-01-22,Backend Developer,Junior,Казань,Гибрид,Малая (50-250),"Git, Kubernetes, Python",41000,47000,RUB
101703,2026-01-22,Data Scientist,Junior,Удалённо (Россия),Удалённо,Крупная (1000+),"Docker, Git, Pandas, PyTorch, Python, Scikit-learn",59000,74000,RUB
102470,2026-01-22,ML Engineer,Lead,Москва,Гибрид,Малая (50-250),"Git, MLflow, PyTorch, Python, TensorFlow",322000,397000,RUB
105816,2026-01-23,ML Engineer,Senior,Удалённо (Россия),Удалённо,Малая (50-250),"Git, Python, TensorFlow",207000,242000,RUB
103694,2026-01-23,DevOps Engineer,Senior,Удалённо (Россия),Удалённо,Стартап (<50),"Docker, Git, Terraform",167000,222000,RUB
104336,2026-01-23,ML Engineer,Senior,Новосибирск,Офис,Стартап (<50),"Git, Kubernetes, MLflow, PyTorch, Python",156000,193000,RUB
100830,2026-01-23,Data Engineer,Junior,Удалённо (Россия),Удалённо,Средняя (250-1000),"Airflow, Git, Kafka, SQL, Spark",64000,85000,RUB
103169,2026-01-23,Backend Developer,Middle,Удалённо (Россия),Офис,Малая (50-250),"Git, Java, Kubernetes, PostgreSQL, SQL",93000,120000,RUB
104282,2026-01-23,Backend Developer,Middle,Москва,Офис,Малая (50-250),"Docker, Git, Kubernetes, REST API",125000,146000,RUB
104944,2026-01-23,Product Manager,Middle,Москва,Офис,Стартап (<50),"Agile, Analytics, Confluence, Git, Jira",110000,132000,RUB
105355,2026-01-23,Backend Developer,Middle,Удалённо (Россия),Гибрид,Средняя (250-1000),"Docker, Git, Java, PostgreSQL",103000,133000,RUB
101559,2026-01-23,DevOps Engineer,Lead,Новосибирск,Офис,Малая (50-250),"AWS, Git, Kubernetes, Linux, Terraform",190000,254000,RUB
100467,2026-01-24,Data Analyst,Senior,Нижний Новгород,Офис,Средняя (250-1000),"Git, Power BI, Python, SQL, Tableau",91000,108000,RUB
103937,2026-01-24,Data Engineer,Senior,Москва,Офис,Крупная (1000+),"Airflow, Docker, Python, Spark",203000,236000,RUB
103929,2026-01-24,Data Analyst,Middle,Удалённо (Россия),Гибрид,Средняя (250-1000),"Excel, Git, Power BI, Python, SQL, Tableau",99000,123000,RUB
103362,2026-01-24,Frontend Developer,Senior,Москва,Удалённо,Средняя (250-1000),"CSS, Git, HTML, JavaScript, React, TypeScript",194000,227000,RUB
102181,2026-01-24,Backend Developer,Junior,Москва,Офис,Стартап (<50),"Git, Java, Kubernetes, PostgreSQL, SQL",53000,64000,RUB
105821,2026-01-24,Data Scientist,Junior,Казань,Удалённо,Малая (50-250),"Git, PyTorch, Python, SQL, Scikit-learn, Statistics",44000,52000,RUB
100547,2026-01-25,Full-stack Developer,Senior,Москва,Удалённо,Малая (50-250),"Docker, Git, JavaScript, React, SQL",174000,230000,RUB
102467,2026-01-25,Full-stack Developer,Junior,Нижний Новгород,Гибрид,Крупная (1000+),"Docker, Git, JavaScript, React",41000,55000,RUB
100988,2026-01-25,Frontend Developer,Middle,Москва,Гибрид,Средняя (250-1000),"Git, HTML, JavaScript, React",82000,103000,RUB
103137,2026-01-25,Backend Developer,Senior,Удалённо (Россия),Удалённо,Малая (50-250),"Docker, Git, Java, Kubernetes, PostgreSQL, Python, REST API",199000,266000,RUB
102614,2026-01-25,Data Analyst,Lead,Москва,Удалённо,Малая (50-250),"Excel, Git, Power BI, Python, SQL, Tableau",255000,308000,RUB
104063,2026-01-25,Backend Developer,Senior,Краснодар,Офис,Крупная (1000+),"Docker, Git, Java, Kubernetes, SQL",108000,135000,RUB
102450,2026-01-25,Backend Developer,Senior,Москва,Удалённо,Стартап (<50),"Docker, Git, Java, Kubernetes, PostgreSQL, REST API",134000,175000,RUB
103661,2026-01-25,Data Analyst,Middle,Санкт-Петербург,Гибрид,Стартап (<50),"Excel, Git, Python, SQL, Tableau",70000,92000,RUB
105970,2026-01-25,QA Engineer,Junior,Санкт-Петербург,Удалённо,Средняя (250-1000),"Git, Postman, Python, SQL, Selenium",30000,36000,RUB
104596,2026-01-25,QA Engineer,Middle,Казань,Удалённо,Стартап (<50),"Git, Manual Testing, Postman, Python, SQL, Selenium",55000,69000,RUB
105446,2026-01-25,Mobile Developer,Middle,Екатеринбург,Гибрид,Малая (50-250),"Git, Kotlin, SQL, Swift",57000,69000,RUB
102925,2026-01-26,System Analyst,Middle,Москва,Офис,Стартап (<50),"BPMN, Git, Jira, SQL",96000,120000,RUB
100207,2026-01-26,Data Scientist,Senior,Москва,Удалённо,Стартап (<50),"Docker, Git, Pandas, PyTorch, Scikit-learn",211000,281000,RUB
103269,2026-01-26,Product Manager,Junior,Казань,Офис,Стартап (<50),"Agile, Confluence, Git, Jira, SQL",32000,38000,RUB
105136,2026-01-26,Data Analyst,Lead,Казань,Офис,Стартап (<50),"Excel, Git, Power BI, SQL",112000,142000,RUB
100536,2026-01-26,QA Engineer,Middle,Москва,Офис,Стартап (<50),"Git, Postman, Selenium",58000,67000,RUB
102891,2026-01-26,Full-stack Developer,Middle,Москва,Офис,Крупная (1000+),"Docker, Git, JavaScript, Node.js, SQL",124000,163000,RUB
102222,2026-01-26,Frontend Developer,Middle,Москва,Удалённо,Малая (50-250),"Git, JavaScript, TypeScript",105000,133000,RUB
102279,2026-01-26,Product Manager,Middle,Москва,Удалённо,Средняя (250-1000),"Agile, Analytics, Confluence, Git, Jira, SQL",128000,164000,RUB
103184,2026-01-27,ML Engineer,Middle,Санкт-Петербург,Офис,Крупная (1000+),"Docker, Git, MLflow, PyTorch, Python",101000,124000,RUB
102184,2026-01-27,Data Analyst,Junior,Москва,Удалённо,Малая (50-250),"Excel, Git, Power BI, Python, SQL, Tableau",47000,57000,RUB
105809,2026-01-27,Backend Developer,Lead,Москва,Удалённо,Стартап (<50),"Git, Java, Kubernetes, SQL",219000,266000,RUB
101160,2026-01-27,Data Scientist,Senior,Москва,Офис,Крупная (1000+),"Docker, Git, PyTorch, Python, Statistics",242000,292000,RUB
100974,2026-01-27,Backend Developer,Senior,Москва,Удалённо,Крупная (1000+),"Git, Python, REST API, SQL",221000,267000,RUB
100673,2026-01-27,Frontend Developer,Middle,Удалённо (Россия),Офис,Малая (50-250),"CSS, Git, HTML, React",82000,98000,RUB
104114,2026-01-27,Mobile Developer,Senior,Новосибирск,Удалённо,Средняя (250-1000),"Git, Kotlin, REST API, Swift",121000,155000,RUB
101460,2026-01-28,Data Analyst,Junior,Удалённо (Россия),Офис,Стартап (<50),"Excel, Git, Power BI, Python, SQL, Tableau",37000,44000,RUB
102571,2026-01-28,DevOps Engineer,Middle,Удалённо (Россия),Гибрид,Малая (50-250),"AWS, CI/CD, Git, Linux, Terraform",89000,117000,RUB
102575,2026-01-28,Frontend Developer,Junior,Новосибирск,Офис,Стартап (<50),"CSS, Git, HTML, JavaScript, React",32000,39000,RUB
105691,2026-01-28,Product Manager,Junior,Удалённо (Россия),Гибрид,Средняя (250-1000),"Git, Jira, SQL",64000,76000,RUB
105766,2026-01-28,Backend Developer,Middle,Санкт-Петербург,Удалённо,Стартап (<50),"Git, PostgreSQL, REST API, SQL",86000,112000,RUB
102907,2026-01-28,QA Engineer,Lead,Нижний Новгород,Гибрид,Малая (50-250),"Git, Manual Testing, Postman, Python, SQL, Selenium",106000,136000,RUB
100027,2026-01-29,System Analyst,Middle,Новосибирск,Удалённо,Стартап (<50),"Git, SQL, UML",59000,71000,RUB
105157,2026-01-29,DevOps Engineer,Senior,Удалённо (Россия),Офис,Малая (50-250),"AWS, CI/CD, Docker, Git, Kubernetes, Terraform",166000,217000,RUB
105186,2026-01-29,QA Engineer,Middle,Удалённо (Россия),Удалённо,Стартап (<50),"Git, Manual Testing, Postman, Python, SQL, Selenium",80000,102000,RUB
101224,2026-01-29,QA Engineer,Junior,Новосибирск,Офис,Средняя (250-1000),"Git, Manual Testing, Postman, SQL, Selenium",30000,39000,RUB
104665,2026-01-29,QA Engineer,Senior,Новосибирск,Офис,Средняя (250-1000),"Git, SQL, Selenium",85000,101000,RUB
102545,2026-01-29,Full-stack Developer,Senior,Москва,Офис,Крупная (1000+),"Docker, Git, JavaScript, Node.js, React, SQL",146000,190000,RUB
100861,2026-01-29,DevOps Engineer,Senior,Санкт-Петербург,Гибрид,Малая (50-250),"Docker, Git, Kubernetes",199000,266000,RUB
101999,2026-01-29,ML Engineer,Middle,Нижний Новгород,Гибрид,Крупная (1000+),"Docker, Git, Kubernetes, PyTorch, Python, TensorFlow",111000,137000,RUB
100413,2026-01-29,Full-stack Developer,Middle,Москва,Офис,Крупная (1000+),"Git, JavaScript, SQL",121000,164000,RUB
105699,2026-01-30,Data Analyst,Senior,Санкт-Петербург,Офис,Малая (50-250),"Git, Power BI, Tableau",125000,149000,RUB
102516,2026-01-30,Data Analyst,Middle,Новосибирск,Гибрид,Стартап (<50),"Git, Power BI, Python, Tableau",55000,73000,RUB
100154,2026-01-30,Data Scientist,Middle,Санкт-Петербург,Офис,Малая (50-250),"Git, Python, SQL, Statistics",110000,148000,RUB
104269,2026-01-30,Product Manager,Middle,Санкт-Петербург,Офис,Малая (50-250),"Agile, Analytics, Confluence, Git, Jira, SQL",90000,112000,RUB
100891,2026-01-30,QA Engineer,Middle,Казань,Гибрид,Стартап (<50),"Git, Manual Testing, Postman, Python, SQL, Selenium",48000,58000,RUB
105386,2026-01-30,Backend Developer,Junior,Санкт-Петербург,Офис,Стартап (<50),"Docker, Git, PostgreSQL, REST API",39000,51000,RUB
105707,2026-01-30,Frontend Developer,Middle,Удалённо (Россия),Офис,Средняя (250-1000),"CSS, Git, HTML, JavaScript, React, TypeScript",94000,108000,RUB
104102,2026-01-30,Data Scientist,Lead,Екатеринбург,Удалённо,Малая (50-250),"Docker, Git, Pandas, Python, SQL, Scikit-learn",181000,224000,RUB
100155,2026-01-31,Frontend Developer,Junior,Москва,Удалённо,Малая (50-250),"CSS, Git, HTML, JavaScript, TypeScript",57000,75000,RUB
101952,2026-01-31,Mobile Developer,Junior,Удалённо (Россия),Офис,Малая (50-250),"Git, Kotlin, REST API, SQL",46000,59000,RUB
104748,2026-01-31,Backend Developer,Middle,Удалённо (Россия),Гибрид,Стартап (<50),"Git, Java, Kubernetes, Python, REST API, SQL",68000,81000,RUB
102694,2026-01-31,Full-stack Developer,Senior,Москва,Офис,Крупная (1000+),"Git, JavaScript, Node.js, React, SQL",156000,204000,RUB
105807,2026-01-31,Mobile Developer,Middle,Удалённо (Россия),Удалённо,Средняя (250-1000),"Git, Kotlin, REST API, SQL, Swift",122000,156000,RUB
104417,2026-01-31,QA Engineer,Middle,Москва,Гибрид,Малая (50-250),"Git, Python, SQL",90000,111000,RUB
103537,2026-01-31,Frontend Developer,Middle,Москва,Офис,Малая (50-250),"CSS, Git, JavaScript, React, TypeScript",114000,149000,RUB
102570,2026-01-31,Frontend Developer,Senior,Новосибирск,Офис,Крупная (1000+),"CSS, Git, HTML, JavaScript",105000,133000,RUB
100826,2026-01-31,Data Engineer,Middle,Удалённо (Россия),Гибрид,Крупная (1000+),"Git, SQL, Spark",120000,161000,RUB
104874,2026-02-01,ML Engineer,Middle,Москва,Удалённо,Крупная (1000+),"Git, Kubernetes, MLflow, PyTorch, Python",149000,180000,RUB
101045,2026-02-01,Full-stack Developer,Middle,Москва,Удалённо,Средняя (250-1000),"Docker, Git, JavaScript, Node.js, React",142000,177000,RUB
103513,2026-02-01,DevOps Engineer,Middle,Удалённо (Россия),Офис,Средняя (250-1000),"CI/CD, Git, Linux",116000,147000,RUB
102915,2026-02-01,ML Engineer,Middle,Москва,Офис,Стартап (<50),"Docker, Git, Python, TensorFlow",111000,129000,RUB
100914,2026-02-01,DevOps Engineer,Junior,Нижний Новгород,Офис,Стартап (<50),"CI/CD, Docker, Git, Linux",34000,44000,RUB
103807,2026-02-01,DevOps Engineer,Junior,Удалённо (Россия),Гибрид,Малая (50-250),"CI/CD, Docker, Terraform",59000,75000,RUB
102136,2026-02-02,ML Engineer,Middle,Удалённо (Россия),Офис,Стартап (<50),"Docker, Git, MLflow, PyTorch, Python, TensorFlow",107000,139000,RUB
103490,2026-02-02,QA Engineer,Senior,Удалённо (Россия),Удалённо,Стартап (<50),"Git, Manual Testing, Python, SQL",108000,126000,RUB
104684,2026-02-02,Backend Developer,Middle,Москва,Офис,Малая (50-250),"Git, Java, Kubernetes, SQL",103000,139000,RUB
105602,2026-02-03,Backend Developer,Junior,Москва,Удалённо,Средняя (250-1000),"Git, Java, Kubernetes, SQL",77000,90000,RUB
100937,2026-02-03,QA Engineer,Junior,Новосибирск,Гибрид,Средняя (250-1000),"Git, Manual Testing, Postman, Python, SQL, Selenium",30000,38000,RUB
102808,2026-02-03,Backend Developer,Junior,Москва,Удалённо,Малая (50-250),"Git, Java, PostgreSQL, Python, REST API, SQL",72000,97000,RUB
104299,2026-02-03,QA Engineer,Senior,Удалённо (Россия),Офис,Крупная (1000+),"Git, Python, SQL",137000,164000,RUB
100100,2026-02-03,System Analyst,Middle,Новосибирск,Удалённо,Крупная (1000+),"BPMN, Confluence, Git, Jira, SQL, UML",80000,101000,RUB
102290,2026-02-03,Data Analyst,Middle,Санкт-Петербург,Офис,Малая (50-250),"Excel, Git, Power BI, SQL",70000,81000,RUB
105729,2026-02-03,Full-stack Developer,Senior,Удалённо (Россия),Гибрид,Средняя (250-1000),"Git, Node.js, SQL",161000,189000,RUB
103193,2026-02-03,Data Engineer,Middle,Удалённо (Россия),Офис,Средняя (250-1000),"Airflow, ClickHouse, Docker, Git, Kafka, Python",95000,116000,RUB
100897,2026-02-04,Mobile Developer,Lead,Екатеринбург,Офис,Малая (50-250),"Git, Kotlin, REST API, SQL, Swift",143000,188000,RUB
102785,2026-02-04,Data Engineer,Junior,Удалённо (Россия),Офис,Малая (50-250),"Airflow, ClickHouse, Docker, Git, Python, SQL",54000,66000,RUB
102689,2026-02-04,Backend Developer,Senior,Удалённо (Россия),Удалённо,Стартап (<50),"Docker, Git, Java, PostgreSQL, Python, SQL",134000,177000,RUB
102512,2026-02-05,Backend Developer,Senior,Нижний Новгород,Офис,Стартап (<50),"Git, Java, PostgreSQL, REST API, SQL",110000,129000,RUB
100440,2026-02-05,Frontend Developer,Senior,Нижний Новгород,Удалённо,Стартап (<50),"CSS, Git, JavaScript, React, TypeScript",90000,109000,RUB
101312,2026-02-05,Frontend Developer,Senior,Удалённо (Россия),Офис,Стартап (<50),"Git, React, TypeScript",155000,188000,RUB
104988,2026-02-05,Full-stack Developer,Junior,Москва,Гибрид,Стартап (<50),"Docker, Git, JavaScript, Node.js, React",48000,63000,RUB
103604,2026-02-05,System Analyst,Junior,Санкт-Петербург,Удалённо,Средняя (250-1000),"BPMN, Confluence, Git, Jira, SQL",51000,62000,RUB
105608,2026-02-06,Data Engineer,Lead,Санкт-Петербург,Удалённо,Крупная (1000+),"Airflow, Docker, Git, Kafka, Python",269000,324000,RUB
100281,2026-02-06,Data Analyst,Junior,Удалённо (Россия),Удалённо,Средняя (250-1000),"Excel, Git, Power BI, SQL",65000,78000,RUB
103122,2026-02-06,System Analyst,Middle,Новосибирск,Офис,Малая (50-250),"BPMN, Git, Jira",67000,89000,RUB
103982,2026-02-06,DevOps Engineer,Middle,Москва,Гибрид,Малая (50-250),"AWS, CI/CD, Docker, Git, Linux, Terraform",134000,167000,RUB
105998,2026-02-07,Frontend Developer,Junior,Санкт-Петербург,Удалённо,Малая (50-250),"CSS, Git, HTML, JavaScript, React, TypeScript",41000,48000,RUB
100918,2026-02-07,Data Engineer,Junior,Удалённо (Россия),Гибрид,Стартап (<50),"Airflow, Docker, Git, Kafka, Python",50000,66000,RUB
100222,2026-02-07,Mobile Developer,Senior,Москва,Офис,Крупная (1000+),"Git, Kotlin, REST API, SQL, Swift",182000,244000,RUB
103511,2026-02-07,ML Engineer,Middle,Москва,Удалённо,Средняя (250-1000),"Docker, Git, Kubernetes, MLflow, Python, TensorFlow",131000,171000,RUB
100327,2026-02-07,Frontend Developer,Junior,Удалённо (Россия),Офис,Стартап (<50),"CSS, Git, HTML, JavaScript, React, TypeScript",41000,54000,RUB
101140,2026-02-07,DevOps Engineer,Junior,Удалённо (Россия),Гибрид,Малая (50-250),"AWS, CI/CD, Docker, Git, Linux",75000,99000,RUB
103651,2026-02-08,Data Analyst,Junior,Новосибирск,Гибрид,Малая (50-250),"Excel, Git, Power BI, Python, SQL, Tableau",43000,56000,RUB
104087,2026-02-08,Backend Developer,Junior,Удалённо (Россия),Гибрид,Крупная (1000+),"Git, REST API, SQL",62000,83000,RUB
105015,2026-02-08,Frontend Developer,Junior,Удалённо (Россия),Офис,Средняя (250-1000),"CSS, Git, HTML, TypeScript",44000,56000,RUB
100456,2026-02-09,ML Engineer,Junior,Москва,Гибрид,Малая (50-250),"Docker, Git, Kubernetes",71000,83000,RUB
101399,2026-02-09,QA Engineer,Senior,Новосибирск,Гибрид,Стартап (<50),"Git, Manual Testing, Postman, Python, SQL, Selenium",71000,94000,RUB
102334,2026-02-09,DevOps Engineer,Middle,Санкт-Петербург,Офис,Малая (50-250),"Docker, Git, Linux, Terraform",108000,144000,RUB
104312,2026-02-09,Data Scientist,Junior,Нижний Новгород,Офис,Малая (50-250),"Docker, Git, PyTorch, Statistics",30000,40000,RUB
104810,2026-02-09,Full-stack Developer,Middle,Москва,Гибрид,Средняя (250-1000),"Docker, Git, JavaScript",136000,164000,RUB
102369,2026-02-09,Data Engineer,Junior,Екатеринбург,Удалённо,Малая (50-250),"Airflow, ClickHouse, Docker, Git, Kafka, SQL, Spark",40000,50000,RUB
102585,2026-02-09,Backend Developer,Middle,Москва,Офис,Стартап (<50),"Git, Java, Kubernetes, PostgreSQL, Python, SQL",127000,171000,RUB
104143,2026-02-10,Frontend Developer,Middle,Казань,Офис,Стартап (<50),"CSS, Git, React, TypeScript",51000,63000,RUB
100867,2026-02-10,QA Engineer,Middle,Москва,Удалённо,Крупная (1000+),"Git, Manual Testing, Postman, Python",87000,112000,RUB
103693,2026-02-10,Data Analyst,Middle,Новосибирск,Гибрид,Малая (50-250),"Excel, Git, Python, SQL, Tableau",59000,72000,RUB
102241,2026-02-11,Data Analyst,Middle,Удалённо (Россия),Гибрид,Средняя (250-1000),"Excel, Git, Power BI, Python, Tableau",95000,124000,RUB
101781,2026-02-11,Backend Developer,Middle,Новосибирск,Удалённо,Стартап (<50),"Git, Kubernetes, REST API, SQL",83000,100000,RUB
103146,2026-02-11,QA Engineer,Middle,Краснодар,Офис,Крупная (1000+),"Git, Postman, Python, SQL, Selenium",43000,49000,RUB
103136,2026-02-11,Product Manager,Junior,Удалённо (Россия),Удалённо,Средняя (250-1000),"Analytics, Git, Jira, SQL",47000,57000,RUB
104178,2026-02-11,Data Scientist,Senior,Краснодар,Гибрид,Крупная (1000+),"Git, PyTorch, Scikit-learn, Statistics",144000,177000,RUB
103894,2026-02-12,Data Analyst,Junior,Москва,Удалённо,Малая (50-250),"Git, Power BI, Python, SQL, Tableau",60000,72000,RUB
103300,2026-02-12,Data Engineer,Senior,Москва,Удалённо,Стартап (<50),"ClickHouse, Docker, Git, Python, Spark",210000,280000,RUB
103262,2026-02-12,Backend Developer,Middle,Нижний Новгород,Гибрид,Малая (50-250),"Docker, Git, Kubernetes, PostgreSQL, REST API",65000,84000,RUB
101489,2026-02-12,DevOps Engineer,Middle,Казань,Офис,Средняя (250-1000),"AWS, CI/CD, Docker, Git",71000,83000,RUB
105289,2026-02-12,Mobile Developer,Middle,Удалённо (Россия),Гибрид,Стартап (<50),"Git, Kotlin, REST API, Swift",93000,116000,RUB
102068,2026-02-12,System Analyst,Middle,Нижний Новгород,Гибрид,Малая (50-250),"BPMN, Git, Jira, SQL, UML",52000,66000,RUB
101755,2026-02-12,Mobile Developer,Senior,Краснодар,Офис,Средняя (250-1000),"Git, Kotlin, REST API, SQL, Swift",101000,122000,RUB
102939,2026-02-13,ML Engineer,Junior,Удалённо (Россия),Гибрид,Средняя (250-1000),"Docker, Git, MLflow, TensorFlow",79000,95000,RUB
104955,2026-02-13,Product Manager,Middle,Москва,Офис,Малая (50-250),"Agile, Analytics, Confluence, Git, Jira, SQL",122000,147000,RUB
102914,2026-02-13,ML Engineer,Senior,Удалённо (Россия),Офис,Стартап (<50),"Git, Kubernetes, PyTorch, Python, TensorFlow",155000,183000,RUB
102305,2026-02-14,ML Engineer,Senior,Санкт-Петербург,Гибрид,Стартап (<50),"Git, Kubernetes, PyTorch, TensorFlow",169000,212000,RUB
105432,2026-02-14,Full-stack Developer,Lead,Нижний Новгород,Удалённо,Стартап (<50),"Docker, Git, JavaScript, Node.js, React, SQL",127000,164000,RUB
100505,2026-02-14,DevOps Engineer,Junior,Удалённо (Россия),Гибрид,Крупная (1000+),"AWS, Docker, Git, Kubernetes, Linux, Terraform",76000,93000,RUB
104008,2026-02-14,Data Analyst,Junior,Москва,Удалённо,Стартап (<50),"Excel, Git, Power BI, Python, SQL, Tableau",48000,64000,RUB
101805,2026-02-14,Data Engineer,Senior,Москва,Офис,Средняя (250-1000),"Airflow, Git, Python, Spark",214000,271000,RUB
105254,2026-02-14,DevOps Engineer,Middle,Екатеринбург,Гибрид,Средняя (250-1000),"AWS, Docker, Git",93000,124000,RUB
104311,2026-02-14,Backend Developer,Senior,Москва,Гибрид,Крупная (1000+),"Git, Java, PostgreSQL, SQL",175000,226000,RUB
100539,2026-02-14,Backend Developer,Junior,Казань,Офис,Средняя (250-1000),"Docker, Git, PostgreSQL, SQL",32000,39000,RUB
103394,2026-02-14,DevOps Engineer,Senior,Удалённо (Россия),Офис,Средняя (250-1000),"AWS, CI/CD, Docker, Git, Kubernetes, Terraform",181000,227000,RUB
103201,2026-02-15,ML Engineer,Middle,Санкт-Петербург,Гибрид,Средняя (250-1000),"Git, Kubernetes, PyTorch, Python, TensorFlow",137000,172000,RUB
103465,2026-02-15,Frontend Developer,Junior,Нижний Новгород,Офис,Средняя (250-1000),"CSS, Git, TypeScript",30000,36000,RUB
102442,2026-02-16,Data Analyst,Junior,Москва,Удалённо,Малая (50-250),"Git, SQL, Tableau",43000,51000,RUB
100078,2026-02-16,QA Engineer,Senior,Казань,Офис,Малая (50-250),"Git, Manual Testing, Postman, Python",74000,87000,RUB
102842,2026-02-16,Data Engineer,Middle,Краснодар,Офис,Средняя (250-1000),"ClickHouse, Git, Kafka, Python, SQL",65000,83000,RUB
105146,2026-02-16,Full-stack Developer,Senior,Краснодар,Офис,Малая (50-250),"Docker, Git, JavaScript, Node.js, React",112000,144000,RUB
101137,2026-02-16,Mobile Developer,Middle,Москва,Удалённо,Малая (50-250),"Git, SQL, Swift",115000,142000,RUB
101221,2026-02-16,Frontend Developer,Senior,Москва,Удалённо,Средняя (250-1000),"JavaScript, React, TypeScript",143000,166000,RUB
104995,2026-02-16,Frontend Developer,Lead,Москва,Гибрид,Малая (50-250),"Git, HTML, JavaScript, TypeScript",250000,321000,RUB
101634,2026-02-16,Backend Developer,Middle,Удалённо (Россия),Удалённо,Стартап (<50),"Git, PostgreSQL, REST API",108000,128000,RUB
103199,2026-02-16,Mobile Developer,Senior,Екатеринбург,Гибрид,Средняя (250-1000),"Git, Kotlin, REST API, SQL, Swift",103000,128000,RUB
103757,2026-02-17,DevOps Engineer,Middle,Казань,Гибрид,Стартап (<50),"AWS, Linux, Terraform",91000,115000,RUB
103827,2026-02-17,Data Analyst,Junior,Екатеринбург,Гибрид,Стартап (<50),"Excel, Git, Power BI, Python",31000,37000,RUB
102403,2026-02-17,Mobile Developer,Junior,Москва,Гибрид,Средняя (250-1000),"Git, Kotlin, SQL",62000,73000,RUB
101350,2026-02-17,QA Engineer,Middle,Удалённо (Россия),Офис,Малая (50-250),"Git, Manual Testing, Postman, Python, SQL, Selenium",65000,81000,RUB
103032,2026-02-17,Product Manager,Middle,Москва,Офис,Малая (50-250),"Confluence, Git, Jira, SQL",119000,151000,RUB
103135,2026-02-17,Data Engineer,Junior,Москва,Удалённо,Малая (50-250),"Airflow, ClickHouse, Docker, Git, SQL, Spark",63000,79000,RUB
104610,2026-02-17,Data Engineer,Junior,Удалённо (Россия),Удалённо,Малая (50-250),"ClickHouse, Git, Kafka, SQL, Spark",70000,84000,RUB
102038,2026-02-18,ML Engineer,Junior,Краснодар,Гибрид,Средняя (250-1000),"Docker, Git, MLflow, PyTorch, Python, TensorFlow",35000,45000,RUB
103065,2026-02-18,Frontend Developer,Middle,Краснодар,Удалённо,Малая (50-250),"CSS, Git, HTML, JavaScript, React, TypeScript",43000,57000,RUB
100316,2026-02-18,Full-stack Developer,Senior,Москва,Гибрид,Крупная (1000+),"Docker, Git, JavaScript, Node.js, React, SQL",195000,229000,RUB
104005,2026-02-18,Data Scientist,Middle,Удалённо (Россия),Офис,Средняя (250-1000),"Git, Pandas, SQL, Statistics",113000,153000,RUB
100110,2026-02-19,Data Analyst,Middle,Санкт-Петербург,Гибрид,Малая (50-250),"Git, Python, Tableau",66000,82000,RUB
105793,2026-02-19,QA Engineer,Junior,Казань,Офис,Малая (50-250),"Git, SQL, Selenium",30000,39000,RUB
105279,2026-02-19,Data Analyst,Lead,Новосибирск,Удалённо,Стартап (<50),"Git, Python, SQL",123000,166000,RUB
100210,2026-02-19,Backend Developer,Junior,Удалённо (Россия),Удалённо,Крупная (1000+),"Docker, Git, Kubernetes, PostgreSQL, Python, SQL",73000,93000,RUB
100458,2026-02-19,Data Engineer,Middle,Санкт-Петербург,Удалённо,Малая (50-250),"Airflow, ClickHouse, Docker, Git, Python, SQL, Spark",97000,124000,RUB
103712,2026-02-19,ML Engineer,Junior,Удалённо (Россия),Гибрид,Крупная (1000+),"Git, PyTorch, Python",66000,81000,RUB
105883,2026-02-19,Data Scientist,Middle,Москва,Удалённо,Крупная (1000+),"Pandas, PyTorch, Python, SQL",140000,163000,RUB
101076,2026-02-19,Data Analyst,Junior,Нижний Новгород,Удалённо,Крупная (1000+),"Git, Power BI, Python, Tableau",41000,47000,RUB
103109,2026-02-19,Mobile Developer,Junior,Удалённо (Россия),Офис,Малая (50-250),"Git, Kotlin, REST API, SQL",60000,79000,RUB
104802,2026-02-20,Backend Developer,Junior,Москва,Офис,Малая (50-250),"Git, Java, PostgreSQL, Python, REST API",64000,78000,RUB
102303,2026-02-20,Full-stack Developer,Senior,Нижний Новгород,Удалённо,Стартап (<50),"Docker, Git, JavaScript, React, SQL",110000,129000,RUB
102169,2026-02-20,DevOps Engineer,Middle,Екатеринбург,Удалённо,Крупная (1000+),"CI/CD, Docker, Git, Terraform",94000,115000,RUB
102564,2026-02-20,System Analyst,Middle,Москва,Удалённо,Крупная (1000+),"BPMN, Confluence, Git, Jira, UML",122000,149000,RUB
102742,2026-02-20,Mobile Developer,Junior,Москва,Удалённо,Стартап (<50),"Git, Kotlin, REST API, SQL, Swift",63000,73000,RUB
103989,2026-02-20,Product Manager,Junior,Удалённо (Россия),Гибрид,Крупная (1000+),"Agile, Analytics, Confluence, Git, SQL",55000,67000,RUB
103793,2026-02-20,QA Engineer,Middle,Нижний Новгород,Удалённо,Малая (50-250),"Git, Manual Testing, Postman, Python",39000,50000,RUB
100284,2026-02-20,Mobile Developer,Middle,Удалённо (Россия),Удалённо,Стартап (<50),"Git, Kotlin, REST API, SQL, Swift",86000,115000,RUB
102752,2026-02-20,Data Analyst,Junior,Удалённо (Россия),Офис,Стартап (<50),"Excel, Git, Power BI, Python, SQL, Tableau",37000,46000,RUB
102185,2026-02-21,QA Engineer,Middle,Удалённо (Россия),Удалённо,Крупная (1000+),"Git, Manual Testing, Python, Selenium",57000,69000,RUB
103512,2026-02-21,Data Analyst,Middle,Санкт-Петербург,Офис,Средняя (250-1000),"Git, Power BI, Tableau",75000,92000,RUB
100690,2026-02-21,Frontend Developer,Junior,Екатеринбург,Гибрид,Малая (50-250),"CSS, Git, HTML, JavaScript, React",30000,39000,RUB
105155,2026-02-21,Full-stack Developer,Junior,Москва,Удалённо,Стартап (<50),"Git, JavaScript, Node.js, React, SQL",55000,69000,RUB
104644,2026-02-21,Data Engineer,Junior,Москва,Гибрид,Стартап (<50),"ClickHouse, Docker, Git, Python, SQL",60000,76000,RUB
102841,2026-02-21,Mobile Developer,Middle,Новосибирск,Удалённо,Малая (50-250),"Git, Kotlin, REST API, SQL, Swift",68000,84000,RUB
102362,2026-02-21,Data Analyst,Middle,Удалённо (Россия),Гибрид,Стартап (<50),"Excel, Power BI, Tableau",82000,106000,RUB
103322,2026-02-21,Frontend Developer,Middle,Москва,Удалённо,Стартап (<50),"CSS, Git, HTML, JavaScript, React, TypeScript",101000,130000,RUB
102094,2026-02-21,Data Scientist,Middle,Москва,Офис,Стартап (<50),"Pandas, Python, SQL",122000,161000,RUB
102533,2026-02-21,QA Engineer,Senior,Удалённо (Россия),Удалённо,Средняя (250-1000),"Git, Manual Testing, SQL, Selenium",116000,147000,RUB
103196,2026-02-21,Backend Developer,Junior,Екатеринбург,Офис,Стартап (<50),"Git, Java, Python, REST API",30000,36000,RUB
105061,2026-02-21,Data Scientist,Middle,Удалённо (Россия),Офис,Малая (50-250),"Docker, Git, Pandas, Python, Statistics",123000,157000,RUB
103174,2026-02-21,Full-stack Developer,Middle,Москва,Гибрид,Малая (50-250),"Docker, Git, JavaScript, Node.js, React, SQL",124000,148000,RUB
105242,2026-02-21,Frontend Developer,Middle,Москва,Удалённо,Крупная (1000+),"CSS, Git, HTML, React, TypeScript",132000,174000,RUB
100294,2026-02-21,System Analyst,Middle,Удалённо (Россия),Удалённо,Малая (50-250),"BPMN, Git, Jira",87000,109000,RUB
102960,2026-02-21,Product Manager,Middle,Удалённо (Россия),Удалённо,Средняя (250-1000),"Analytics, Confluence, Git, Jira, SQL",111000,144000,RUB
105971,2026-02-22,System Analyst,Junior,Санкт-Петербург,Офис,Средняя (250-1000),"BPMN, Confluence, Git, Jira, SQL, UML",51000,64000,RUB
102356,2026-02-22,Data Analyst,Middle,Екатеринбург,Удалённо,Стартап (<50),"Excel, Git, Python, Tableau",48000,60000,RUB
101911,2026-02-22,Data Analyst,Middle,Удалённо (Россия),Удалённо,Стартап (<50),"Git, Power BI, Python",101000,126000,RUB
104943,2026-02-22,Data Scientist,Senior,Екатеринбург,Удалённо,Средняя (250-1000),"Docker, Git, Pandas, Python, SQL, Scikit-learn, Statistics",174000,227000,RUB
101815,2026-02-22,Data Scientist,Middle,Краснодар,Гибрид,Стартап (<50),"Git, Pandas, PyTorch, Python, Scikit-learn, Statistics",47000,60000,RUB
102160,2026-02-22,Data Engineer,Senior,Москва,Офис,Крупная (1000+),"ClickHouse, Docker, Kafka, Python, SQL, Spark",188000,217000,RUB
101582,2026-02-22,System Analyst,Junior,Удалённо (Россия),Гибрид,Средняя (250-1000),"BPMN, Confluence, Git, Jira, SQL, UML",44000,56000,RUB
105861,2026-02-23,Full-stack Developer,Middle,Удалённо (Россия),Офис,Малая (50-250),"Docker, Git, Node.js, React, SQL",73000,86000,RUB
101229,2026-02-23,QA Engineer,Lead,Москва,Удалённо,Малая (50-250),"Git, Manual Testing, Postman, SQL",159000,194000,RUB
105095,2026-02-23,QA Engineer,Middle,Казань,Удалённо,Малая (50-250),"Git, Postman, Python, Selenium",55000,67000,RUB
105961,2026-02-23,Data Engineer,Middle,Удалённо (Россия),Офис,Малая (50-250),"Airflow, Git, SQL, Spark",77000,103000,RUB
101508,2026-02-23,Data Engineer,Lead,Краснодар,Офис,Стартап (<50),"Airflow, ClickHouse, Docker, Git, Kafka, Python, SQL",150000,188000,RUB
103668,2026-02-23,Data Engineer,Senior,Москва,Гибрид,Средняя (250-1000),"Airflow, Docker, Git, Python",237000,296000,RUB
101966,2026-02-23,QA Engineer,Middle,Москва,Удалённо,Малая (50-250),"Git, Manual Testing, Postman, Python, SQL, Selenium",93000,124000,RUB
100847,2026-02-23,Data Scientist,Junior,Москва,Удалённо,Малая (50-250),"Docker, Git, Pandas, PyTorch, Statistics",83000,100000,RUB
103953,2026-02-23,Frontend Developer,Senior,Екатеринбург,Гибрид,Крупная (1000+),"CSS, Git, HTML, JavaScript, React, TypeScript",121000,149000,RUB
105150,2026-02-23,Data Analyst,Middle,Удалённо (Россия),Гибрид,Стартап (<50),"Excel, Git, Power BI, Tableau",90000,116000,RUB
104233,2026-02-23,Frontend Developer,Middle,Москва,Удалённо,Стартап (<50),"Git, JavaScript, React, TypeScript",128000,165000,RUB
102644,2026-02-23,Data Engineer,Senior,Москва,Гибрид,Средняя (250-1000),"Airflow, Git, Kafka, Python, SQL",206000,261000,RUB
101178,2026-02-23,Backend Developer,Senior,Нижний Новгород,Офис,Стартап (<50),"Docker, Git, PostgreSQL, Python, REST API",79000,94000,RUB
104749,2026-02-24,System Analyst,Junior,Москва,Гибрид,Крупная (1000+),"BPMN, Confluence, Git, SQL",46000,58000,RUB
104549,2026-02-24,Full-stack Developer,Middle,Казань,Гибрид,Средняя (250-1000),"Git, JavaScript, SQL",50000,67000,RUB
103403,2026-02-25,System Analyst,Middle,Москва,Офис,Средняя (250-1000),"BPMN, Git, SQL, UML",95000,120000,RUB
102248,2026-02-25,Frontend Developer,Junior,Санкт-Петербург,Гибрид,Средняя (250-1000),"CSS, Git, HTML, JavaScript, TypeScript",55000,65000,RUB
101432,2026-02-26,Data Scientist,Senior,Москва,Гибрид,Стартап (<50),"Git, PyTorch, SQL, Scikit-learn",142000,175000,RUB
100363,2026-02-26,Frontend Developer,Middle,Екатеринбург,Гибрид,Малая (50-250),"CSS, Git, JavaScript, TypeScript",60000,76000,RUB
104877,2026-02-26,Full-stack Developer,Middle,Новосибирск,Удалённо,Малая (50-250),"Docker, Git, JavaScript, Node.js, React, SQL",83000,96000,RUB
103901,2026-02-26,Full-stack Developer,Middle,Санкт-Петербург,Гибрид,Малая (50-250),"Docker, Git, JavaScript, Node.js, SQL",68000,89000,RUB
101455,2026-02-26,QA Engineer,Junior,Санкт-Петербург,Офис,Стартап (<50),"Git, Manual Testing, Postman, Python, SQL, Selenium",32000,43000,RUB
104933,2026-02-27,System Analyst,Senior,Краснодар,Гибрид,Малая (50-250),"BPMN, Confluence, Git, Jira, SQL, UML",52000,60000,RUB
104081,2026-02-27,QA Engineer,Senior,Санкт-Петербург,Гибрид,Малая (50-250),"Git, Python, SQL, Selenium",116000,148000,RUB
105007,2026-02-27,Data Analyst,Senior,Удалённо (Россия),Офис,Средняя (250-1000),"Git, Power BI, Python, SQL",197000,264000,RUB
105477,2026-02-28,Frontend Developer,Middle,Москва,Удалённо,Стартап (<50),"CSS, Git, HTML, JavaScript, React, TypeScript",76000,91000,RUB
104270,2026-02-28,Data Engineer,Junior,Москва,Удалённо,Малая (50-250),"Git, Kafka, Python, Spark",58000,70000,RUB
102420,2026-02-28,Data Scientist,Senior,Новосибирск,Гибрид,Крупная (1000+),"Docker, Git, Pandas",150000,193000,RUB
101519,2026-02-28,Frontend Developer,Lead,Москва,Гибрид,Малая (50-250),"CSS, Git, HTML, TypeScript",250000,304000,RUB
100777,2026-02-28,Data Engineer,Senior,Москва,Удалённо,Малая (50-250),"Airflow, Git, Kafka, Spark",144000,182000,RUB
102121,2026-02-28,QA Engineer,Junior,Екатеринбург,Удалённо,Малая (50-250),"Git, Manual Testing, Postman",30000,39000,RUB
103796,2026-03-01,QA Engineer,Junior,Удалённо (Россия),Удалённо,Малая (50-250),"Git, Postman, SQL, Selenium",41000,48000,RUB
102119,2026-03-01,Data Analyst,Junior,Москва,Гибрид,Малая (50-250),"Excel, Git, Power BI, Python, Tableau",52000,61000,RUB
100738,2026-03-01,Full-stack Developer,Junior,Краснодар,Офис,Средняя (250-1000),"Docker, Git, JavaScript, Node.js, React",34000,41000,RUB
104050,2026-03-01,Data Engineer,Junior,Москва,Офис,Малая (50-250),"ClickHouse, Docker, Git, Python, SQL, Spark",75000,96000,RUB
101481,2026-03-01,Data Analyst,Junior,Санкт-Петербург,Офис,Стартап (<50),"Excel, Git, Power BI, Python, SQL",40000,51000,RUB
100506,2026-03-01,Data Engineer,Middle,Нижний Новгород,Офис,Средняя (250-1000),"Airflow, Docker, Git, Kafka, Python",69000,82000,RUB
105247,2026-03-01,DevOps Engineer,Middle,Удалённо (Россия),Офис,Стартап (<50),"CI/CD, Git, Kubernetes, Linux, Terraform",101000,131000,RUB
105219,2026-03-01,Data Engineer,Junior,Удалённо (Россия),Гибрид,Крупная (1000+),"Airflow, ClickHouse, Docker, Git, Kafka, Python, SQL",83000,102000,RUB
102798,2026-03-01,Data Analyst,Lead,Казань,Удалённо,Стартап (<50),"Excel, Git, Power BI, Python, SQL, Tableau",119000,154000,RUB
101633,2026-03-01,Data Analyst,Middle,Новосибирск,Гибрид,Стартап (<50),"Excel, Git, SQL",62000,77000,RUB
104235,2026-03-02,QA Engineer,Senior,Казань,Удалённо,Малая (50-250),"Git, Manual Testing, Postman, Python, SQL",66000,88000,RUB
101326,2026-03-02,Data Analyst,Senior,Екатеринбург,Гибрид,Малая (50-250),"Excel, Git, Power BI, Python, SQL, Tableau",97000,115000,RUB
101588,2026-03-02,Data Engineer,Middle,Краснодар,Гибрид,Средняя (250-1000),"Airflow, Docker, Git, SQL",65000,88000,RUB
105647,2026-03-02,QA Engineer,Junior,Москва,Гибрид,Крупная (1000+),"Git, Manual Testing, Postman, Python, SQL, Selenium",54000,71000,RUB
101502,2026-03-02,ML Engineer,Lead,Москва,Офис,Крупная (1000+),"Docker, Git, MLflow, PyTorch, Python, TensorFlow",330000,445000,RUB
101731,2026-03-02,DevOps Engineer,Junior,Нижний Новгород,Гибрид,Крупная (1000+),"Docker, Git, Kubernetes, Linux",52000,65000,RUB
103321,2026-03-02,ML Engineer,Lead,Нижний Новгород,Офис,Стартап (<50),"Git, PyTorch, Python",182000,237000,RUB
105280,2026-03-02,Full-stack Developer,Junior,Екатеринбург,Офис,Стартап (<50),"Git, JavaScript, React, SQL",30000,36000,RUB
100860,2026-03-02,Backend Developer,Middle,Санкт-Петербург,Удалённо,Малая (50-250),"Git, Java, Kubernetes, PostgreSQL, REST API, SQL",91000,107000,RUB
105096,2026-03-03,System Analyst,Junior,Казань,Офис,Средняя (250-1000),"Git, SQL, UML",33000,38000,RUB
102731,2026-03-03,Full-stack Developer,Senior,Краснодар,Гибрид,Крупная (1000+),"Docker, Git, JavaScript, Node.js, React, SQL",139000,172000,RUB
104852,2026-03-03,Full-stack Developer,Junior,Москва,Офис,Малая (50-250),"Docker, Git, JavaScript, Node.js",55000,68000,RUB
100746,2026-03-03,Backend Developer,Senior,Удалённо (Россия),Офис,Малая (50-250),"Docker, Git, Kubernetes, Python, REST API, SQL",114000,132000,RUB
105690,2026-03-04,Full-stack Developer,Middle,Екатеринбург,Офис,Стартап (<50),"Docker, Git, Node.js",55000,74000,RUB
103868,2026-03-04,QA Engineer,Middle,Удалённо (Россия),Офис,Стартап (<50),"Git, Manual Testing, Postman, Python, SQL, Selenium",69000,86000,RUB
102341,2026-03-04,Data Analyst,Junior,Москва,Офис,Стартап (<50),"Excel, Git, Python, SQL, Tableau",47000,58000,RUB
103123,2026-03-04,ML Engineer,Senior,Санкт-Петербург,Гибрид,Стартап (<50),"Git, MLflow, Python",203000,271000,RUB
103928,2026-03-04,Backend Developer,Junior,Екатеринбург,Удалённо,Стартап (<50),"Git, Python, SQL",38000,50000,RUB
102127,2026-03-04,Product Manager,Senior,Удалённо (Россия),Офис,Стартап (<50),"Agile, Analytics, Confluence, Git, Jira",168000,212000,RUB
102794,2026-03-04,Backend Developer,Middle,Москва,Офис,Стартап (<50),"Docker, Git, Java, PostgreSQL, Python",112000,138000,RUB
103850,2026-03-05,Product Manager,Senior,Санкт-Петербург,Удалённо,Стартап (<50),"Agile, Analytics, Confluence, Git, Jira",162000,200000,RUB
104971,2026-03-05,Mobile Developer,Middle,Санкт-Петербург,Гибрид,Крупная (1000+),"Git, Kotlin, REST API, SQL, Swift",95000,114000,RUB
105406,2026-03-05,QA Engineer,Lead,Санкт-Петербург,Офис,Стартап (<50),"Git, Postman, Python, SQL, Selenium",115000,143000,RUB
104757,2026-03-05,Data Scientist,Middle,Краснодар,Офис,Малая (50-250),"Pandas, PyTorch, Python, SQL, Scikit-learn, Statistics",66000,80000,RUB
104031,2026-03-05,QA Engineer,Junior,Новосибирск,Гибрид,Крупная (1000+),"Git, Postman, Python, SQL, Selenium",31000,38000,RUB
102630,2026-03-05,System Analyst,Middle,Удалённо (Россия),Офис,Средняя (250-1000),"Confluence, Git, SQL, UML",109000,126000,RUB
104358,2026-03-05,DevOps Engineer,Junior,Удалённо (Россия),Удалённо,Средняя (250-1000),"CI/CD, Docker, Git, Kubernetes, Terraform",55000,65000,RUB
101300,2026-03-05,Backend Developer,Junior,Москва,Удалённо,Малая (50-250),"Docker, Git, PostgreSQL, Python, SQL",66000,86000,RUB
102192,2026-03-05,Data Scientist,Senior,Москва,Офис,Стартап (<50),"Docker, Git, Pandas",225000,271000,RUB
104835,2026-03-05,Data Scientist,Senior,Новосибирск,Удалённо,Стартап (<50),"Docker, Git, Pandas, PyTorch, Python",124000,144000,RUB
105796,2026-03-06,Product Manager,Senior,Москва,Гибрид,Малая (50-250),"Agile, Analytics, Confluence, Git, Jira, SQL",182000,221000,RUB
103305,2026-03-06,Backend Developer,Middle,Екатеринбург,Удалённо,Крупная (1000+),"Docker, Git, Kubernetes, SQL",72000,92000,RUB
104009,2026-03-06,DevOps Engineer,Middle,Удалённо (Россия),Гибрид,Стартап (<50),"AWS, Git, Kubernetes",106000,137000,RUB
105850,2026-03-07,System Analyst,Junior,Удалённо (Россия),Гибрид,Стартап (<50),"BPMN, Confluence, Git, Jira, UML",45000,53000,RUB
104568,2026-03-07,Frontend Developer,Senior,Новосибирск,Офис,Средняя (250-1000),"CSS, Git, HTML, JavaScript, React, TypeScript",108000,136000,RUB
104245,2026-03-07,Mobile Developer,Junior,Москва,Гибрид,Малая (50-250),"Git, SQL, Swift",56000,70000,RUB
102902,2026-03-07,Data Scientist,Middle,Москва,Гибрид,Малая (50-250),"PyTorch, Scikit-learn, Statistics",146000,170000,RUB
105312,2026-03-07,Frontend Developer,Middle,Удалённо (Россия),Гибрид,Средняя (250-1000),"CSS, Git, HTML, JavaScript, React, TypeScript",75000,98000,RUB
102351,2026-03-07,Full-stack Developer,Junior,Екатеринбург,Офис,Малая (50-250),"Docker, Git, JavaScript, Node.js, React, SQL",34000,44000,RUB
101883,2026-03-07,ML Engineer,Middle,Санкт-Петербург,Удалённо,Средняя (250-1000),"Docker, Git, Kubernetes, PyTorch, Python, TensorFlow",132000,166000,RUB
100627,2026-03-08,Data Engineer,Senior,Нижний Новгород,Гибрид,Крупная (1000+),"Airflow, ClickHouse, Docker, Kafka, Python, SQL",106000,123000,RUB
104863,2026-03-08,Data Analyst,Middle,Санкт-Петербург,Офис,Стартап (<50),"Excel, Git, Power BI, Python, SQL, Tableau",71000,85000,RUB
105504,2026-03-08,Data Engineer,Junior,Новосибирск,Удалённо,Средняя (250-1000),"Airflow, Docker, Git, Kafka, SQL",60000,72000,RUB
105773,2026-03-08,Data Analyst,Middle,Удалённо (Россия),Гибрид,Малая (50-250),"Excel, Git, Power BI, Python, SQL, Tableau",79000,99000,RUB
105262,2026-03-08,System Analyst,Junior,Москва,Офис,Крупная (1000+),"Git, Jira, UML",67000,79000,RUB
102187,2026-03-09,DevOps Engineer,Middle,Москва,Офис,Крупная (1000+),"CI/CD, Git, Kubernetes, Linux, Terraform",146000,194000,RUB
103246,2026-03-09,QA Engineer,Middle,Удалённо (Россия),Гибрид,Стартап (<50),"Git, Manual Testing, Postman, Selenium",58000,76000,RUB
101943,2026-03-09,Data Scientist,Junior,Санкт-Петербург,Удалённо,Стартап (<50),"Git, Pandas, PyTorch, Python, SQL, Scikit-learn, Statistics",53000,69000,RUB
103304,2026-03-09,DevOps Engineer,Middle,Новосибирск,Гибрид,Малая (50-250),"AWS, CI/CD, Docker, Git, Kubernetes, Linux",98000,130000,RUB
101760,2026-03-10,QA Engineer,Senior,Москва,Офис,Крупная (1000+),"Git, Manual Testing, Postman, Python, Selenium",142000,164000,RUB
103059,2026-03-10,ML Engineer,Senior,Санкт-Петербург,Гибрид,Крупная (1000+),"Git, Kubernetes, Python",217000,278000,RUB
103090,2026-03-10,Data Scientist,Lead,Санкт-Петербург,Гибрид,Средняя (250-1000),"Docker, Git, PyTorch, SQL",220000,295000,RUB
103319,2026-03-10,DevOps Engineer,Junior,Москва,Гибрид,Малая (50-250),"AWS, Docker, Git, Kubernetes, Linux",80000,94000,RUB
101983,2026-03-10,Data Analyst,Senior,Удалённо (Россия),Удалённо,Малая (50-250),"Git, Power BI, SQL, Tableau",162000,205000,RUB
103117,2026-03-10,System Analyst,Junior,Москва,Удалённо,Крупная (1000+),"BPMN, Confluence, Jira, UML",63000,77000,RUB
103279,2026-03-10,DevOps Engineer,Junior,Москва,Офис,Малая (50-250),"CI/CD, Docker, Git, Kubernetes, Terraform",86000,114000,RUB
104536,2026-03-11,Full-stack Developer,Middle,Краснодар,Удалённо,Малая (50-250),"Docker, Git, Node.js, React, SQL",63000,81000,RUB
103181,2026-03-11,DevOps Engineer,Junior,Санкт-Петербург,Офис,Крупная (1000+),"AWS, CI/CD, Docker, Linux",56000,66000,RUB
103523,2026-03-11,Frontend Developer,Senior,Санкт-Петербург,Удалённо,Стартап (<50),"CSS, Git, HTML, JavaScript, React, TypeScript",113000,134000,RUB
104829,2026-03-11,QA Engineer,Junior,Новосибирск,Офис,Средняя (250-1000),"Git, SQL, Selenium",30000,37000,RUB
104938,2026-03-11,System Analyst,Senior,Санкт-Петербург,Гибрид,Малая (50-250),"Git, Jira, UML",110000,143000,RUB
105174,2026-03-11,DevOps Engineer,Lead,Удалённо (Россия),Гибрид,Малая (50-250),"AWS, CI/CD, Docker, Git, Linux, Terraform",217000,250000,RUB
102486,2026-03-11,DevOps Engineer,Senior,Удалённо (Россия),Офис,Средняя (250-1000),"AWS, CI/CD, Docker, Git, Kubernetes, Terraform",154000,179000,RUB
101138,2026-03-11,Data Scientist,Junior,Удалённо (Россия),Гибрид,Средняя (250-1000),"Git, Python, Scikit-learn, Statistics",55000,70000,RUB
102812,2026-03-12,QA Engineer,Senior,Москва,Офис,Стартап (<50),"Git, Postman, Python, SQL, Selenium",129000,155000,RUB
104483,2026-03-12,Data Scientist,Senior,Удалённо (Россия),Офис,Средняя (250-1000),"Docker, Git, Pandas, PyTorch, Scikit-learn, Statistics",163000,206000,RUB
104528,2026-03-12,ML Engineer,Junior,Новосибирск,Гибрид,Малая (50-250),"Git, Kubernetes, MLflow, Python",47000,61000,RUB
101047,2026-03-13,Data Engineer,Senior,Екатеринбург,Офис,Крупная (1000+),"Airflow, Docker, Spark",138000,163000,RUB
100640,2026-03-13,System Analyst,Middle,Санкт-Петербург,Удалённо,Стартап (<50),"Git, Jira, UML",82000,95000,RUB
100384,2026-03-13,ML Engineer,Senior,Санкт-Петербург,Гибрид,Крупная (1000+),"Docker, Git, Python, TensorFlow",138000,178000,RUB
103798,2026-03-13,Data Analyst,Middle,Удалённо (Россия),Гибрид,Крупная (1000+),"Excel, Git, Python, SQL, Tableau",113000,131000,RUB
103687,2026-03-13,Full-stack Developer,Junior,Краснодар,Удалённо,Крупная (1000+),"Docker, Git, JavaScript, Node.js, React",38000,49000,RUB
101285,2026-03-13,Backend Developer,Junior,Казань,Офис,Средняя (250-1000),"Docker, Git, PostgreSQL, Python, REST API",47000,54000,RUB
103348,2026-03-13,QA Engineer,Senior,Москва,Офис,Малая (50-250),"Git, Manual Testing, Postman, Python, SQL, Selenium",147000,195000,RUB
101241,2026-03-14,ML Engineer,Middle,Новосибирск,Офис,Крупная (1000+),"Git, PyTorch, TensorFlow",92000,108000,RUB
105684,2026-03-14,Mobile Developer,Junior,Москва,Офис,Стартап (<50),"Git, Kotlin, SQL, Swift",63000,76000,RUB
103195,2026-03-14,System Analyst,Junior,Удалённо (Россия),Офис,Крупная (1000+),"BPMN, Confluence, Git, UML",44000,57000,RUB
103886,2026-03-14,Full-stack Developer,Middle,Удалённо (Россия),Гибрид,Малая (50-250),"Docker, Git, JavaScript, Node.js, React, SQL",89000,108000,RUB
101910,2026-03-14,Product Manager,Senior,Санкт-Петербург,Удалённо,Стартап (<50),"Agile, Analytics, Confluence, Git, Jira, SQL",129000,150000,RUB
104872,2026-03-14,ML Engineer,Middle,Нижний Новгород,Удалённо,Средняя (250-1000),"Git, Kubernetes, PyTorch, Python",71000,90000,RUB
101388,2026-03-14,ML Engineer,Senior,Санкт-Петербург,Гибрид,Малая (50-250),"Docker, Git, Kubernetes, MLflow, TensorFlow",178000,230000,RUB
103332,2026-03-15,Data Engineer,Junior,Москва,Удалённо,Средняя (250-1000),"Airflow, ClickHouse, Docker, Git, Kafka, Python",80000,102000,RUB
103574,2026-03-15,System Analyst,Middle,Москва,Удалённо,Малая (50-250),"BPMN, Confluence, Git, Jira, SQL, UML",101000,120000,RUB
105798,2026-03-15,Data Analyst,Junior,Удалённо (Россия),Удалённо,Крупная (1000+),"Excel, Git, Power BI, Python, SQL",58000,68000,RUB
104428,2026-03-15,QA Engineer,Junior,Екатеринбург,Гибрид,Малая (50-250),"Git, Python, SQL",30000,39000,RUB
100136,2026-03-15,Frontend Developer,Junior,Санкт-Петербург,Офис,Малая (50-250),"CSS, Git, JavaScript, React, TypeScript",54000,73000,RUB
102060,2026-03-16,Full-stack Developer,Middle,Москва,Гибрид,Средняя (250-1000),"Docker, Git, Node.js, React",93000,118000,RUB
102937,2026-03-16,DevOps Engineer,Junior,Екатеринбург,Гибрид,Малая (50-250),"CI/CD, Docker, Git, Kubernetes",35000,45000,RUB
104937,2026-03-16,Product Manager,Senior,Москва,Гибрид,Малая (50-250),"Agile, Confluence, Git, SQL",189000,244000,RUB
101322,2026-03-16,DevOps Engineer,Middle,Москва,Офис,Малая (50-250),"AWS, CI/CD, Git, Kubernetes, Linux, Terraform",119000,146000,RUB
100256,2026-03-17,System Analyst,Junior,Новосибирск,Гибрид,Стартап (<50),"BPMN, Confluence, Git, Jira, SQL, UML",30000,35000,RUB
100997,2026-03-17,Full-stack Developer,Middle,Москва,Гибрид,Малая (50-250),"Docker, Git, JavaScript, Node.js, React, SQL",112000,133000,RUB
103963,2026-03-17,DevOps Engineer,Senior,Краснодар,Гибрид,Крупная (1000+),"Docker, Linux, Terraform",138000,178000,RUB
104962,2026-03-17,Data Analyst,Lead,Удалённо (Россия),Гибрид,Стартап (<50),"Excel, Git, Power BI, Python, SQL, Tableau",136000,166000,RUB
102271,2026-03-17,QA Engineer,Senior,Екатеринбург,Гибрид,Крупная (1000+),"Git, Manual Testing, Postman, Python, Selenium",78000,104000,RUB
103013,2026-03-17,ML Engineer,Middle,Удалённо (Россия),Удалённо,Средняя (250-1000),"Docker, Git, Kubernetes, MLflow, Python",148000,178000,RUB
100744,2026-03-17,Data Analyst,Middle,Нижний Новгород,Офис,Стартап (<50),"Excel, Git, Power BI, Python, SQL",53000,61000,RUB
103631,2026-03-18,Backend Developer,Junior,Санкт-Петербург,Гибрид,Крупная (1000+),"Docker, Git, Java, Python, SQL",41000,50000,RUB
102088,2026-03-18,Backend Developer,Middle,Удалённо (Россия),Офис,Крупная (1000+),"PostgreSQL, Python, REST API",114000,151000,RUB
100991,2026-03-18,DevOps Engineer,Middle,Москва,Гибрид,Крупная (1000+),"AWS, CI/CD, Docker, Git, Kubernetes, Linux, Terraform",153000,192000,RUB
104854,2026-03-18,Mobile Developer,Junior,Екатеринбург,Гибрид,Крупная (1000+),"Git, Kotlin, REST API, SQL, Swift",38000,43000,RUB
105481,2026-03-18,Frontend Developer,Middle,Москва,Удалённо,Стартап (<50),"CSS, Git, HTML, JavaScript",107000,135000,RUB
105517,2026-03-18,Frontend Developer,Senior,Удалённо (Россия),Офис,Малая (50-250),"Git, HTML, React",124000,152000,RUB
100041,2026-03-18,Product Manager,Middle,Москва,Гибрид,Стартап (<50),"Agile, Analytics, Confluence, Git, Jira, SQL",117000,142000,RUB
104959,2026-03-18,DevOps Engineer,Junior,Удалённо (Россия),Удалённо,Малая (50-250),"CI/CD, Docker, Git",67000,86000,RUB
104432,2026-03-18,QA Engineer,Junior,Нижний Новгород,Удалённо,Крупная (1000+),"Postman, Python, Selenium",30000,38000,RUB
105539,2026-03-18,Frontend Developer,Senior,Екатеринбург,Офис,Малая (50-250),"CSS, Git, HTML, TypeScript",95000,118000,RUB
100309,2026-03-18,DevOps Engineer,Senior,Казань,Удалённо,Малая (50-250),"AWS, Git, Kubernetes, Linux, Terraform",145000,193000,RUB
101991,2026-03-19,Mobile Developer,Middle,Казань,Удалённо,Средняя (250-1000),"Git, REST API, SQL, Swift",80000,107000,RUB
104814,2026-03-19,System Analyst,Middle,Казань,Гибрид,Малая (50-250),"BPMN, Git, Jira, SQL, UML",58000,70000,RUB
105516,2026-03-19,Backend Developer,Middle,Нижний Новгород,Гибрид,Средняя (250-1000),"Git, Python, REST API, SQL",67000,82000,RUB
101732,2026-03-19,Full-stack Developer,Middle,Москва,Офис,Малая (50-250),"Docker, Git, JavaScript, Node.js, React",86000,115000,RUB
102435,2026-03-19,Frontend Developer,Senior,Краснодар,Удалённо,Малая (50-250),"CSS, Git, HTML, JavaScript, React, TypeScript",98000,131000,RUB
104013,2026-03-19,Full-stack Developer,Senior,Удалённо (Россия),Гибрид,Средняя (250-1000),"Docker, Git, JavaScript, Node.js, React",162000,218000,RUB
102688,2026-03-19,Backend Developer,Junior,Москва,Удалённо,Стартап (<50),"Git, Java, Kubernetes, PostgreSQL, SQL",56000,69000,RUB
101761,2026-03-19,DevOps Engineer,Middle,Екатеринбург,Гибрид,Малая (50-250),"AWS, CI/CD, Docker, Git, Linux, Terraform",78000,92000,RUB
103023,2026-03-20,Backend Developer,Middle,Санкт-Петербург,Удалённо,Малая (50-250),"Git, Java, Kubernetes, Python, REST API, SQL",113000,141000,RUB
100223,2026-03-20,Data Engineer,Junior,Екатеринбург,Гибрид,Малая (50-250),"Docker, Git, Python, SQL, Spark",47000,62000,RUB
103721,2026-03-20,Data Analyst,Middle,Москва,Удалённо,Крупная (1000+),"Excel, Git, Power BI, Python, SQL",124000,146000,RUB
100529,2026-03-20,QA Engineer,Middle,Удалённо (Россия),Гибрид,Крупная (1000+),"Git, Manual Testing, Postman, Python, SQL",79000,91000,RUB
104305,2026-03-20,Frontend Developer,Middle,Санкт-Петербург,Гибрид,Крупная (1000+),"CSS, Git, JavaScript, TypeScript",104000,134000,RUB
104279,2026-03-20,Backend Developer,Junior,Москва,Удалённо,Крупная (1000+),"Docker, Git, PostgreSQL, SQL",66000,77000,RUB
100184,2026-03-20,Product Manager,Junior,Москва,Гибрид,Малая (50-250),"Agile, Confluence, Git, Jira, SQL",76000,99000,RUB
100463,2026-03-20,Backend Developer,Senior,Казань,Офис,Малая (50-250),"Git, Java, REST API",90000,106000,RUB
101800,2026-03-20,Data Engineer,Middle,Москва,Удалённо,Малая (50-250),"Airflow, Docker, Git, Spark",121000,150000,RUB
101490,2026-03-20,Data Analyst,Middle,Нижний Новгород,Удалённо,Средняя (250-1000),"Git, Power BI, Python, SQL, Tableau",60000,71000,RUB
103871,2026-03-21,DevOps Engineer,Middle,Удалённо (Россия),Удалённо,Стартап (<50),"AWS, CI/CD, Docker, Git, Terraform",142000,164000,RUB
105819,2026-03-21,Data Scientist,Junior,Краснодар,Гибрид,Малая (50-250),"Docker, Git, Python, SQL, Scikit-learn",32000,37000,RUB
100429,2026-03-21,ML Engineer,Middle,Москва,Удалённо,Малая (50-250),"Docker, Git, Kubernetes, MLflow, PyTorch, Python, TensorFlow",144000,181000,RUB
102269,2026-03-22,Data Scientist,Junior,Москва,Гибрид,Крупная (1000+),"Git, PyTorch, Python, SQL, Scikit-learn, Statistics",85000,102000,RUB
100042,2026-03-22,Full-stack Developer,Middle,Екатеринбург,Офис,Стартап (<50),"Docker, Git, JavaScript, Node.js, React, SQL",53000,65000,RUB
100972,2026-03-22,Data Engineer,Senior,Москва,Гибрид,Малая (50-250),"Airflow, ClickHouse, Docker, Git, Python, Spark",271000,358000,RUB
100017,2026-03-23,Backend Developer,Junior,Удалённо (Россия),Гибрид,Средняя (250-1000),"Git, Kubernetes, Python",76000,100000,RUB
104913,2026-03-23,Data Scientist,Middle,Санкт-Петербург,Офис,Стартап (<50),"Git, SQL, Statistics",79000,95000,RUB
104537,2026-03-23,QA Engineer,Senior,Казань,Гибрид,Средняя (250-1000),"Git, Manual Testing, Postman, Python, SQL, Selenium",74000,95000,RUB
103619,2026-03-23,QA Engineer,Middle,Екатеринбург,Офис,Средняя (250-1000),"Git, Postman, Python, SQL",59000,78000,RUB
104407,2026-03-23,Frontend Developer,Senior,Москва,Офис,Средняя (250-1000),"Git, JavaScript, React, TypeScript",154000,206000,RUB
101518,2026-03-23,Data Analyst,Junior,Краснодар,Офис,Стартап (<50),"Excel, Git, Power BI, Python, Tableau",30000,38000,RUB
105321,2026-03-23,DevOps Engineer,Junior,Москва,Офис,Малая (50-250),"AWS, Docker, Git, Kubernetes, Linux, Terraform",78000,103000,RUB
105767,2026-03-23,Product Manager,Junior,Санкт-Петербург,Удалённо,Средняя (250-1000),"Agile, Analytics, Confluence, Git, Jira, SQL",47000,60000,RUB
104587,2026-03-23,Backend Developer,Senior,Удалённо (Россия),Офис,Малая (50-250),"Git, Java, PostgreSQL, Python, SQL",181000,224000,RUB
100446,2026-03-23,Data Scientist,Senior,Москва,Гибрид,Крупная (1000+),"Docker, Git, Pandas, PyTorch, Python, Scikit-learn",237000,285000,RUB
101077,2026-03-24,QA Engineer,Senior,Казань,Удалённо,Средняя (250-1000),"Manual Testing, Postman, SQL",73000,94000,RUB
105040,2026-03-24,Backend Developer,Junior,Санкт-Петербург,Офис,Стартап (<50),"Docker, Git, Java, Kubernetes, PostgreSQL, Python, SQL",42000,49000,RUB
102205,2026-03-24,Mobile Developer,Middle,Нижний Новгород,Гибрид,Средняя (250-1000),"Git, Kotlin, SQL, Swift",62000,78000,RUB
102923,2026-03-24,Data Engineer,Senior,Санкт-Петербург,Офис,Крупная (1000+),"Airflow, Git, Kafka, SQL",205000,240000,RUB
104685,2026-03-24,Backend Developer,Senior,Москва,Гибрид,Крупная (1000+),"Docker, Git, PostgreSQL, REST API",172000,225000,RUB
102175,2026-03-24,QA Engineer,Junior,Москва,Удалённо,Крупная (1000+),"Git, Manual Testing, Postman, Python, SQL, Selenium",46000,57000,RUB
103483,2026-03-24,DevOps Engineer,Senior,Москва,Офис,Крупная (1000+),"AWS, CI/CD, Docker, Git, Kubernetes, Terraform",179000,234000,RUB
100654,2026-03-24,Backend Developer,Junior,Москва,Гибрид,Средняя (250-1000),"Git, Java, PostgreSQL, SQL",56000,70000,RUB
100436,2026-03-24,DevOps Engineer,Senior,Санкт-Петербург,Удалённо,Крупная (1000+),"CI/CD, Git, Linux, Terraform",202000,236000,RUB
100003,2026-03-24,Mobile Developer,Middle,Нижний Новгород,Удалённо,Крупная (1000+),"Git, Kotlin, REST API, SQL, Swift",78000,100000,RUB
102444,2026-03-24,Data Scientist,Junior,Удалённо (Россия),Офис,Малая (50-250),"Docker, Git, Pandas, PyTorch, SQL",57000,70000,RUB
100291,2026-03-25,Full-stack Developer,Middle,Москва,Гибрид,Малая (50-250),"Docker, Git, JavaScript",96000,129000,RUB
104217,2026-03-25,Mobile Developer,Middle,Новосибирск,Гибрид,Средняя (250-1000),"Git, REST API, SQL, Swift",79000,97000,RUB
104079,2026-03-25,Frontend Developer,Junior,Санкт-Петербург,Гибрид,Средняя (250-1000),"Git, HTML, JavaScript, TypeScript",52000,70000,RUB
103202,2026-03-25,Mobile Developer,Senior,Москва,Удалённо,Малая (50-250),"Kotlin, REST API, SQL",175000,213000,RUB
101688,2026-03-26,Data Analyst,Senior,Санкт-Петербург,Удалённо,Стартап (<50),"Excel, Git, Python, Tableau",140000,176000,RUB
101556,2026-03-26,Data Scientist,Senior,Удалённо (Россия),Гибрид,Стартап (<50),"Docker, Git, Pandas, PyTorch, Python, SQL",165000,193000,RUB
102784,2026-03-26,System Analyst,Middle,Москва,Офис,Средняя (250-1000),"BPMN, Confluence, Git",121000,156000,RUB
102073,2026-03-26,Data Analyst,Middle,Санкт-Петербург,Гибрид,Малая (50-250),"Excel, Git, Python, SQL",83000,109000,RUB
103046,2026-03-26,DevOps Engineer,Middle,Москва,Офис,Крупная (1000+),"Docker, Kubernetes, Linux",142000,165000,RUB
104264,2026-03-26,Backend Developer,Middle,Нижний Новгород,Офис,Малая (50-250),"Git, Java, PostgreSQL, Python, REST API",64000,81000,RUB
102924,2026-03-27,System Analyst,Middle,Нижний Новгород,Офис,Крупная (1000+),"BPMN, Confluence, Git, Jira, SQL, UML",66000,88000,RUB
103592,2026-03-27,Data Scientist,Middle,Удалённо (Россия),Гибрид,Стартап (<50),"Git, Pandas, PyTorch, Python, Statistics",132000,163000,RUB
105625,2026-03-27,Full-stack Developer,Junior,Москва,Офис,Средняя (250-1000),"Docker, Git, JavaScript, Node.js",76000,90000,RUB
105438,2026-03-27,QA Engineer,Junior,Москва,Офис,Крупная (1000+),"Git, Manual Testing, Postman, SQL",41000,51000,RUB
105470,2026-03-28,DevOps Engineer,Junior,Удалённо (Россия),Гибрид,Малая (50-250),"AWS, CI/CD, Git, Kubernetes, Linux",56000,66000,RUB
102793,2026-03-28,QA Engineer,Senior,Новосибирск,Гибрид,Стартап (<50),"Git, Manual Testing, Python, SQL, Selenium",81000,97000,RUB
100301,2026-03-28,Data Scientist,Junior,Санкт-Петербург,Офис,Стартап (<50),"Pandas, Python, SQL, Scikit-learn",71000,84000,RUB
105949,2026-03-28,Product Manager,Lead,Москва,Удалённо,Стартап (<50),"Analytics, Confluence, Jira, SQL",200000,231000,RUB
101790,2026-03-28,QA Engineer,Junior,Санкт-Петербург,Офис,Средняя (250-1000),"Git, Manual Testing, Postman, Python, SQL, Selenium",34000,41000,RUB
103885,2026-03-28,Backend Developer,Middle,Удалённо (Россия),Гибрид,Малая (50-250),"Kubernetes, PostgreSQL, Python, SQL",78000,104000,RUB
101529,2026-03-28,Full-stack Developer,Junior,Нижний Новгород,Гибрид,Малая (50-250),"Docker, Git, JavaScript, Node.js, React, SQL",32000,38000,RUB
105448,2026-03-29,Data Analyst,Junior,Новосибирск,Офис,Малая (50-250),"Excel, Git, Python, SQL",30000,35000,RUB
103785,2026-03-30,QA Engineer,Middle,Санкт-Петербург,Гибрид,Средняя (250-1000),"Manual Testing, Python, SQL",68000,79000,RUB
103960,2026-03-30,Data Scientist,Senior,Санкт-Петербург,Офис,Крупная (1000+),"Docker, Git, Pandas, SQL",190000,225000,RUB
105211,2026-03-30,Backend Developer,Middle,Удалённо (Россия),Удалённо,Малая (50-250),"Docker, Git, Kubernetes, Python",113000,145000,RUB
105732,2026-03-30,Mobile Developer,Senior,Москва,Удалённо,Крупная (1000+),"Git, Kotlin, REST API, SQL, Swift",208000,246000,RUB
101638,2026-03-31,Full-stack Developer,Senior,Удалённо (Россия),Офис,Крупная (1000+),"Docker, Git, JavaScript, Node.js, React, SQL",149000,196000,RUB
103575,2026-03-31,Full-stack Developer,Middle,Удалённо (Россия),Офис,Крупная (1000+),"Docker, Git, JavaScript, Node.js, SQL",113000,150000,RUB
101464,2026-03-31,Mobile Developer,Junior,Удалённо (Россия),Гибрид,Малая (50-250),"Git, Kotlin, SQL, Swift",42000,55000,RUB
105930,2026-03-31,System Analyst,Senior,Удалённо (Россия),Офис,Средняя (250-1000),"Confluence, Jira, UML",141000,182000,RUB
102849,2026-03-31,Mobile Developer,Senior,Удалённо (Россия),Гибрид,Малая (50-250),"Git, Kotlin, REST API, SQL, Swift",178000,236000,RUB
100422,2026-04-01,QA Engineer,Lead,Нижний Новгород,Гибрид,Малая (50-250),"Git, Manual Testing, Postman, Python, SQL",97000,124000,RUB
105048,2026-04-01,Mobile Developer,Lead,Удалённо (Россия),Удалённо,Малая (50-250),"Git, Kotlin, REST API, SQL, Swift",216000,267000,RUB
105533,2026-04-01,Frontend Developer,Senior,Краснодар,Офис,Крупная (1000+),"Git, React, TypeScript",117000,136000,RUB
104162,2026-04-01,Data Scientist,Senior,Москва,Офис,Малая (50-250),"Docker, Git, Pandas, SQL",181000,235000,RUB
103936,2026-04-01,System Analyst,Senior,Удалённо (Россия),Удалённо,Стартап (<50),"BPMN, Confluence, Git, Jira, SQL, UML",141000,163000,RUB
105642,2026-04-01,Data Scientist,Middle,Санкт-Петербург,Офис,Малая (50-250),"Docker, Git, Pandas, Python",91000,122000,RUB
103111,2026-04-02,Mobile Developer,Middle,Москва,Гибрид,Крупная (1000+),"Git, Kotlin, REST API, SQL, Swift",81000,94000,RUB
104652,2026-04-02,ML Engineer,Middle,Екатеринбург,Гибрид,Малая (50-250),"Git, MLflow, PyTorch, Python, TensorFlow",98000,120000,RUB
102030,2026-04-02,Frontend Developer,Middle,Екатеринбург,Удалённо,Стартап (<50),"CSS, Git, JavaScript, React, TypeScript",71000,83000,RUB
104727,2026-04-02,QA Engineer,Lead,Москва,Гибрид,Крупная (1000+),"Git, Manual Testing, Python, Selenium",167000,196000,RUB
102388,2026-04-02,Data Scientist,Senior,Москва,Офис,Стартап (<50),"Docker, Git, Pandas",161000,194000,RUB
100719,2026-04-02,ML Engineer,Middle,Удалённо (Россия),Офис,Стартап (<50),"Docker, Git, Kubernetes, MLflow, PyTorch, Python, TensorFlow",94000,118000,RUB
100776,2026-04-02,Data Engineer,Middle,Краснодар,Офис,Крупная (1000+),"Airflow, ClickHouse, Docker, Git, SQL, Spark",75000,94000,RUB
105710,2026-04-02,Frontend Developer,Junior,Казань,Офис,Крупная (1000+),"CSS, Git, JavaScript, TypeScript",38000,48000,RUB
100526,2026-04-03,Full-stack Developer,Junior,Санкт-Петербург,Гибрид,Малая (50-250),"Docker, Git, Node.js",39000,52000,RUB
104475,2026-04-03,QA Engineer,Senior,Удалённо (Россия),Удалённо,Стартап (<50),"Git, Manual Testing, Postman, SQL",122000,156000,RUB
103869,2026-04-03,Frontend Developer,Middle,Санкт-Петербург,Удалённо,Малая (50-250),"Git, HTML, TypeScript",86000,109000,RUB
101024,2026-04-03,Backend Developer,Senior,Казань,Гибрид,Стартап (<50),"Git, Java, Python, REST API",97000,122000,RUB
104118,2026-04-03,Backend Developer,Senior,Удалённо (Россия),Гибрид,Средняя (250-1000),"Docker, Git, Python",174000,228000,RUB
101277,2026-04-04,Frontend Developer,Senior,Краснодар,Гибрид,Малая (50-250),"Git, JavaScript, React, TypeScript",79000,102000,RUB
100686,2026-04-04,QA Engineer,Middle,Москва,Гибрид,Малая (50-250),"Git, Manual Testing, Postman, Selenium",65000,81000,RUB
102276,2026-04-04,Frontend Developer,Middle,Москва,Офис,Стартап (<50),"CSS, Git, JavaScript, React, TypeScript",86000,114000,RUB
101685,2026-04-04,ML Engineer,Senior,Москва,Офис,Крупная (1000+),"Docker, Git, Kubernetes, Python, TensorFlow",239000,316000,RUB
102508,2026-04-04,QA Engineer,Middle,Новосибирск,Гибрид,Средняя (250-1000),"Git, Manual Testing, Postman, Python, SQL, Selenium",49000,60000,RUB
103207,2026-04-04,Full-stack Developer,Senior,Санкт-Петербург,Удалённо,Малая (50-250),"Docker, Git, Node.js, SQL",159000,184000,RUB
103637,2026-04-04,Frontend Developer,Middle,Санкт-Петербург,Удалённо,Стартап (<50),"CSS, Git, HTML, JavaScript, React, TypeScript",81000,105000,RUB
104942,2026-04-04,Frontend Developer,Junior,Санкт-Петербург,Удалённо,Средняя (250-1000),"CSS, JavaScript, React, TypeScript",53000,69000,RUB
105027,2026-04-04,Full-stack Developer,Senior,Нижний Новгород,Гибрид,Крупная (1000+),"Git, JavaScript, React, SQL",110000,142000,RUB
105677,2026-04-05,Backend Developer,Middle,Казань,Офис,Средняя (250-1000),"Docker, Git, Java, SQL",80000,104000,RUB
100894,2026-04-05,Frontend Developer,Middle,Краснодар,Офис,Стартап (<50),"Git, HTML, React",38000,45000,RUB
102627,2026-04-05,Full-stack Developer,Junior,Санкт-Петербург,Офис,Средняя (250-1000),"Docker, Git, Node.js, React",46000,58000,RUB
104116,2026-04-05,System Analyst,Middle,Санкт-Петербург,Офис,Стартап (<50),"BPMN, Confluence, Git, Jira, SQL, UML",86000,115000,RUB
101510,2026-04-05,Backend Developer,Middle,Москва,Удалённо,Малая (50-250),"Docker, Git, PostgreSQL, REST API, SQL",144000,169000,RUB
102086,2026-04-05,Product Manager,Middle,Санкт-Петербург,Удалённо,Средняя (250-1000),"Analytics, Git, SQL",114000,142000,RUB
105943,2026-04-06,Frontend Developer,Junior,Нижний Новгород,Удалённо,Средняя (250-1000),"CSS, Git, HTML, JavaScript, React, TypeScript",37000,44000,RUB
105224,2026-04-06,System Analyst,Senior,Краснодар,Офис,Малая (50-250),"BPMN, Confluence, Git, Jira, SQL, UML",85000,107000,RUB
100803,2026-04-06,DevOps Engineer,Junior,Казань,Удалённо,Крупная (1000+),"AWS, CI/CD, Git, Kubernetes, Linux, Terraform",49000,61000,RUB
102750,2026-04-06,QA Engineer,Middle,Санкт-Петербург,Офис,Средняя (250-1000),"Git, Manual Testing, Postman, Python",60000,77000,RUB
105089,2026-04-06,Frontend Developer,Senior,Удалённо (Россия),Удалённо,Средняя (250-1000),"CSS, Git, HTML, JavaScript",175000,213000,RUB
104265,2026-04-06,Data Analyst,Senior,Москва,Офис,Стартап (<50),"Excel, Git, Power BI, Python, SQL, Tableau",170000,197000,RUB
103500,2026-04-06,QA Engineer,Middle,Санкт-Петербург,Удалённо,Крупная (1000+),"Git, Manual Testing, SQL, Selenium",107000,132000,RUB
102101,2026-04-06,DevOps Engineer,Junior,Новосибирск,Офис,Малая (50-250),"AWS, Docker, Git, Kubernetes, Linux, Terraform",52000,63000,RUB
103177,2026-04-07,DevOps Engineer,Middle,Удалённо (Россия),Удалённо,Стартап (<50),"Git, Linux, Terraform",119000,152000,RUB
103737,2026-04-07,Backend Developer,Lead,Удалённо (Россия),Офис,Крупная (1000+),"Docker, Git, Kubernetes, PostgreSQL, Python, SQL",217000,252000,RUB
102878,2026-04-07,Backend Developer,Lead,Удалённо (Россия),Гибрид,Стартап (<50),"Docker, Git, PostgreSQL, Python, SQL",164000,199000,RUB
102114,2026-04-07,ML Engineer,Junior,Нижний Новгород,Удалённо,Средняя (250-1000),"Git, Kubernetes, PyTorch, Python",50000,62000,RUB
103018,2026-04-08,Data Analyst,Junior,Москва,Гибрид,Крупная (1000+),"Excel, Git, SQL, Tableau",72000,87000,RUB
102323,2026-04-08,Frontend Developer,Junior,Нижний Новгород,Офис,Средняя (250-1000),"CSS, HTML, JavaScript",37000,44000,RUB
103892,2026-04-08,Frontend Developer,Senior,Казань,Гибрид,Крупная (1000+),"Git, JavaScript, React",101000,125000,RUB
103154,2026-04-08,Frontend Developer,Junior,Санкт-Петербург,Офис,Средняя (250-1000),"CSS, Git, HTML",58000,69000,RUB
104565,2026-04-08,Data Scientist,Middle,Удалённо (Россия),Гибрид,Средняя (250-1000),"Docker, Git, Python, SQL, Scikit-learn, Statistics",130000,165000,RUB
104820,2026-04-08,Data Engineer,Middle,Москва,Удалённо,Средняя (250-1000),"Git, Kafka, Python, SQL, Spark",133000,161000,RUB
100167,2026-04-09,Backend Developer,Middle,Санкт-Петербург,Офис,Крупная (1000+),"Git, Kubernetes, Python, REST API, SQL",103000,137000,RUB
102401,2026-04-09,Frontend Developer,Middle,Новосибирск,Офис,Стартап (<50),"CSS, HTML, TypeScript",57000,71000,RUB
102242,2026-04-09,Full-stack Developer,Middle,Казань,Офис,Малая (50-250),"Git, React, SQL",54000,67000,RUB
105025,2026-04-09,System Analyst,Senior,Екатеринбург,Офис,Малая (50-250),"BPMN, Confluence, Git, Jira, SQL, UML",106000,128000,RUB
102653,2026-04-09,Data Scientist,Junior,Нижний Новгород,Гибрид,Малая (50-250),"Git, Python, Scikit-learn",41000,48000,RUB
101849,2026-04-09,System Analyst,Junior,Новосибирск,Гибрид,Малая (50-250),"BPMN, Jira, SQL, UML",30000,38000,RUB
103667,2026-04-09,System Analyst,Junior,Москва,Удалённо,Средняя (250-1000),"BPMN, Git, Jira, SQL, UML",48000,61000,RUB
100367,2026-04-10,Backend Developer,Senior,Новосибирск,Офис,Средняя (250-1000),"Docker, Git, PostgreSQL, Python, SQL",127000,164000,RUB
104443,2026-04-10,Backend Developer,Senior,Санкт-Петербург,Гибрид,Средняя (250-1000),"Docker, Git, Java, PostgreSQL",213000,257000,RUB
105696,2026-04-10,Data Analyst,Middle,Удалённо (Россия),Гибрид,Средняя (250-1000),"Excel, Git, Power BI, Python, SQL",114000,142000,RUB
104535,2026-04-10,QA Engineer,Middle,Санкт-Петербург,Офис,Малая (50-250),"Git, Manual Testing, Selenium",59000,79000,RUB
101091,2026-04-10,Data Analyst,Junior,Москва,Гибрид,Малая (50-250),"Excel, Git, Power BI, Python, Tableau",49000,59000,RUB
100643,2026-04-10,Frontend Developer,Lead,Екатеринбург,Офис,Средняя (250-1000),"CSS, JavaScript, TypeScript",140000,184000,RUB
101888,2026-04-10,Backend Developer,Middle,Казань,Офис,Крупная (1000+),"Git, Java, PostgreSQL, Python, SQL",57000,66000,RUB
102926,2026-04-11,Data Analyst,Junior,Удалённо (Россия),Гибрид,Стартап (<50),"Excel, Git, Power BI, Python, SQL, Tableau",57000,68000,RUB
103971,2026-04-11,Frontend Developer,Middle,Санкт-Петербург,Удалённо,Крупная (1000+),"Git, HTML, JavaScript, TypeScript",90000,118000,RUB
102602,2026-04-12,DevOps Engineer,Junior,Удалённо (Россия),Офис,Малая (50-250),"AWS, Git, Kubernetes, Linux",65000,77000,RUB
101683,2026-04-12,System Analyst,Junior,Санкт-Петербург,Удалённо,Средняя (250-1000),"BPMN, Git, Jira, SQL, UML",36000,46000,RUB
101526,2026-04-13,Data Engineer,Senior,Казань,Офис,Стартап (<50),"Docker, Git, Python, Spark",127000,150000,RUB
105480,2026-04-13,QA Engineer,Middle,Казань,Гибрид,Малая (50-250),"Git, Postman, Selenium",44000,52000,RUB
102855,2026-04-13,Data Analyst,Junior,Екатеринбург,Гибрид,Крупная (1000+),"Excel, Git, Python, SQL, Tableau",35000,46000,RUB
103519,2026-04-13,QA Engineer,Senior,Краснодар,Удалённо,Стартап (<50),"Git, SQL, Selenium",55000,74000,RUB
102000,2026-04-13,QA Engineer,Senior,Нижний Новгород,Удалённо,Стартап (<50),"Git, Manual Testing, Postman, Python, Selenium",78000,95000,RUB
101360,2026-04-13,DevOps Engineer,Middle,Удалённо (Россия),Гибрид,Малая (50-250),"AWS, CI/CD, Git, Linux, Terraform",119000,140000,RUB
100056,2026-04-13,Frontend Developer,Senior,Удалённо (Россия),Офис,Малая (50-250),"Git, HTML, JavaScript, React, TypeScript",147000,182000,RUB
104368,2026-04-13,Mobile Developer,Senior,Удалённо (Россия),Гибрид,Стартап (<50),"Git, REST API, Swift",132000,169000,RUB
102716,2026-04-13,Frontend Developer,Middle,Москва,Офис,Стартап (<50),"CSS, Git, HTML, JavaScript, React, TypeScript",108000,135000,RUB
101021,2026-04-13,Data Analyst,Senior,Москва,Офис,Средняя (250-1000),"Excel, Git, Power BI, SQL, Tableau",184000,245000,RUB
103148,2026-04-13,Data Scientist,Senior,Удалённо (Россия),Офис,Малая (50-250),"Docker, Git, SQL, Scikit-learn, Statistics",193000,245000,RUB
100732,2026-04-13,Data Analyst,Junior,Краснодар,Гибрид,Малая (50-250),"Excel, Git, Power BI, Python, SQL, Tableau",30000,37000,RUB
105679,2026-04-14,Backend Developer,Junior,Москва,Офис,Крупная (1000+),"Docker, Git, Java, PostgreSQL, Python",67000,89000,RUB
101533,2026-04-14,Data Engineer,Junior,Екатеринбург,Гибрид,Средняя (250-1000),"Airflow, ClickHouse, Git, Kafka, Python, SQL",43000,53000,RUB
104328,2026-04-14,Frontend Developer,Senior,Москва,Гибрид,Малая (50-250),"CSS, Git, HTML, JavaScript, React, TypeScript",168000,212000,RUB
101791,2026-04-14,System Analyst,Middle,Екатеринбург,Гибрид,Малая (50-250),"BPMN, Confluence, Git, Jira, SQL, UML",51000,62000,RUB
103098,2026-04-14,Backend Developer,Middle,Удалённо (Россия),Офис,Стартап (<50),"Docker, Git, Java, Kubernetes, Python, REST API",83000,101000,RUB
101116,2026-04-14,System Analyst,Senior,Краснодар,Удалённо,Малая (50-250),"BPMN, Confluence, Git, Jira, SQL, UML",97000,112000,RUB
101023,2026-04-14,Data Engineer,Junior,Удалённо (Россия),Удалённо,Крупная (1000+),"Airflow, Git, SQL, Spark",65000,85000,RUB
102326,2026-04-15,DevOps Engineer,Senior,Нижний Новгород,Удалённо,Средняя (250-1000),"AWS, CI/CD, Docker, Git, Kubernetes",129000,173000,RUB
102382,2026-04-15,Data Scientist,Junior,Санкт-Петербург,Гибрид,Малая (50-250),"Git, Pandas, Python, SQL, Statistics",74000,87000,RUB
103527,2026-04-15,System Analyst,Middle,Санкт-Петербург,Гибрид,Малая (50-250),"BPMN, Confluence, Git, SQL",91000,116000,RUB
103481,2026-04-15,Data Analyst,Middle,Москва,Гибрид,Средняя (250-1000),"Excel, Git, Power BI, SQL",127000,170000,RUB
101154,2026-04-15,ML Engineer,Junior,Удалённо (Россия),Офис,Крупная (1000+),"Git, MLflow, Python",58000,75000,RUB
103895,2026-04-16,Backend Developer,Middle,Казань,Гибрид,Крупная (1000+),"Docker, Git, Java, PostgreSQL, REST API",71000,82000,RUB
104538,2026-04-16,Frontend Developer,Lead,Москва,Офис,Стартап (<50),"CSS, Git, React, TypeScript",188000,229000,RUB
104189,2026-04-16,Full-stack Developer,Junior,Удалённо (Россия),Гибрид,Средняя (250-1000),"Docker, Git, JavaScript, Node.js, React, SQL",52000,70000,RUB
100343,2026-04-16,Data Scientist,Middle,Удалённо (Россия),Гибрид,Малая (50-250),"Docker, Git, Python, SQL, Scikit-learn, Statistics",115000,139000,RUB
101039,2026-04-16,Frontend Developer,Middle,Санкт-Петербург,Офис,Малая (50-250),"CSS, Git, JavaScript, React",91000,122000,RUB
101753,2026-04-16,Product Manager,Middle,Москва,Офис,Средняя (250-1000),"Agile, Confluence, Git",165000,212000,RUB
104598,2026-04-16,Frontend Developer,Junior,Санкт-Петербург,Гибрид,Малая (50-250),"Git, HTML, JavaScript, React, TypeScript",59000,69000,RUB
104360,2026-04-16,Backend Developer,Junior,Удалённо (Россия),Удалённо,Стартап (<50),"Docker, Git, Java, Kubernetes, PostgreSQL, REST API",67000,78000,RUB
101152,2026-04-17,QA Engineer,Junior,Москва,Офис,Малая (50-250),"Git, Postman, SQL, Selenium",40000,47000,RUB
100339,2026-04-17,System Analyst,Middle,Москва,Гибрид,Малая (50-250),"BPMN, Confluence, Git, Jira, SQL, UML",89000,116000,RUB
104132,2026-04-17,Data Analyst,Lead,Удалённо (Россия),Удалённо,Малая (50-250),"Excel, Git, Power BI, SQL",171000,212000,RUB
100647,2026-04-17,ML Engineer,Senior,Санкт-Петербург,Удалённо,Средняя (250-1000),"Docker, Git, Kubernetes, MLflow, TensorFlow",193000,245000,RUB
100046,2026-04-17,Full-stack Developer,Lead,Казань,Удалённо,Малая (50-250),"Docker, Git, JavaScript, Node.js, React, SQL",142000,177000,RUB
102149,2026-04-18,System Analyst,Middle,Москва,Офис,Средняя (250-1000),"BPMN, Confluence, Git, SQL, UML",78000,99000,RUB
101203,2026-04-18,Backend Developer,Middle,Москва,Гибрид,Стартап (<50),"Docker, Git, Java, PostgreSQL, Python, REST API",115000,138000,RUB
101453,2026-04-18,Full-stack Developer,Junior,Удалённо (Россия),Гибрид,Средняя (250-1000),"Docker, Git, JavaScript, React, SQL",50000,58000,RUB
104298,2026-04-19,Data Analyst,Senior,Удалённо (Россия),Офис,Средняя (250-1000),"Excel, Git, Power BI, Python, SQL, Tableau",162000,188000,RUB
104694,2026-04-19,ML Engineer,Middle,Санкт-Петербург,Гибрид,Малая (50-250),"Git, Kubernetes, MLflow, PyTorch, Python, TensorFlow",117000,147000,RUB
102033,2026-04-19,Backend Developer,Middle,Екатеринбург,Гибрид,Малая (50-250),"Git, Kubernetes, Python, REST API",75000,96000,RUB
103083,2026-04-19,Mobile Developer,Senior,Москва,Офис,Стартап (<50),"Git, Kotlin, REST API, SQL, Swift",175000,230000,RUB
101311,2026-04-19,DevOps Engineer,Middle,Москва,Гибрид,Средняя (250-1000),"AWS, Git, Linux, Terraform",165000,220000,RUB
105485,2026-04-19,Mobile Developer,Middle,Удалённо (Россия),Удалённо,Средняя (250-1000),"Git, Kotlin, REST API, SQL, Swift",97000,113000,RUB
104330,2026-04-19,Backend Developer,Middle,Санкт-Петербург,Удалённо,Стартап (<50),"Git, Kubernetes, REST API, SQL",108000,135000,RUB
101970,2026-04-20,Data Analyst,Middle,Новосибирск,Офис,Малая (50-250),"Excel, Git, Python, Tableau",58000,69000,RUB
103416,2026-04-20,Backend Developer,Junior,Удалённо (Россия),Офис,Малая (50-250),"Git, PostgreSQL, SQL",46000,60000,RUB
102871,2026-04-20,Data Scientist,Lead,Москва,Офис,Средняя (250-1000),"Git, Pandas, Python, SQL, Scikit-learn",259000,339000,RUB
101517,2026-04-20,Mobile Developer,Lead,Санкт-Петербург,Гибрид,Средняя (250-1000),"Git, Kotlin, REST API, SQL, Swift",254000,334000,RUB
104228,2026-04-20,ML Engineer,Middle,Удалённо (Россия),Гибрид,Средняя (250-1000),"Git, Kubernetes, MLflow, PyTorch, Python",139000,167000,RUB
101129,2026-04-21,QA Engineer,Middle,Санкт-Петербург,Удалённо,Малая (50-250),"Git, Postman, SQL, Selenium",67000,90000,RUB
105336,2026-04-21,Data Scientist,Junior,Москва,Офис,Стартап (<50),"Docker, Git, PyTorch",56000,66000,RUB
101118,2026-04-21,System Analyst,Middle,Удалённо (Россия),Гибрид,Стартап (<50),"BPMN, Git, Jira, UML",89000,104000,RUB
100672,2026-04-21,Frontend Developer,Junior,Москва,Офис,Малая (50-250),"Git, JavaScript, TypeScript",60000,72000,RUB
105214,2026-04-22,System Analyst,Senior,Удалённо (Россия),Удалённо,Малая (50-250),"BPMN, Confluence, Git, Jira, UML",139000,185000,RUB
100837,2026-04-22,Data Scientist,Junior,Новосибирск,Удалённо,Средняя (250-1000),"Docker, Git, Pandas, PyTorch, Python, Scikit-learn, Statistics",43000,55000,RUB
100702,2026-04-22,Frontend Developer,Senior,Удалённо (Россия),Офис,Стартап (<50),"CSS, Git, HTML, JavaScript, TypeScript",121000,146000,RUB
100293,2026-04-22,Full-stack Developer,Middle,Удалённо (Россия),Офис,Малая (50-250),"Docker, Git, JavaScript, Node.js",89000,114000,RUB
105398,2026-04-22,Backend Developer,Senior,Краснодар,Удалённо,Малая (50-250),"Docker, Git, Java, PostgreSQL, REST API, SQL",127000,170000,RUB
103085,2026-04-22,Frontend Developer,Middle,Краснодар,Удалённо,Средняя (250-1000),"CSS, Git, HTML, JavaScript, React, TypeScript",48000,58000,RUB
101284,2026-04-22,System Analyst,Middle,Санкт-Петербург,Офис,Стартап (<50),"Confluence, Git, Jira, SQL",74000,95000,RUB
100646,2026-04-23,System Analyst,Senior,Нижний Новгород,Офис,Средняя (250-1000),"Confluence, Git, Jira, SQL, UML",121000,148000,RUB
104251,2026-04-23,Data Analyst,Junior,Удалённо (Россия),Офис,Малая (50-250),"Excel, Git, Python, SQL, Tableau",53000,70000,RUB
100479,2026-04-23,Backend Developer,Lead,Казань,Удалённо,Малая (50-250),"Git, Kubernetes, PostgreSQL, REST API, SQL",162000,197000,RUB
101051,2026-04-23,Data Scientist,Middle,Екатеринбург,Удалённо,Средняя (250-1000),"Docker, Git, Pandas, Scikit-learn, Statistics",81000,104000,RUB
101341,2026-04-23,Full-stack Developer,Middle,Удалённо (Россия),Гибрид,Стартап (<50),"Docker, Git, JavaScript, Node.js, React, SQL",105000,126000,RUB
105021,2026-04-23,Product Manager,Lead,Москва,Гибрид,Средняя (250-1000),"Agile, Confluence, Git, Jira, SQL",282000,347000,RUB
101199,2026-04-23,Product Manager,Senior,Казань,Офис,Малая (50-250),"Agile, Analytics, Confluence, Git, SQL",124000,151000,RUB
101465,2026-04-23,System Analyst,Lead,Удалённо (Россия),Гибрид,Стартап (<50),"BPMN, Confluence, Git, Jira, SQL, UML",189000,249000,RUB
101141,2026-04-24,Data Analyst,Lead,Санкт-Петербург,Удалённо,Стартап (<50),"Git, Power BI, Python, SQL, Tableau",187000,245000,RUB
105638,2026-04-24,QA Engineer,Junior,Нижний Новгород,Офис,Стартап (<50),"Git, Manual Testing, Python, SQL",30000,38000,RUB
102608,2026-04-25,Product Manager,Senior,Удалённо (Россия),Удалённо,Стартап (<50),"Agile, Analytics, Confluence, Git",156000,189000,RUB
104564,2026-04-25,Backend Developer,Middle,Санкт-Петербург,Гибрид,Средняя (250-1000),"Docker, Git, Java, PostgreSQL, REST API, SQL",109000,134000,RUB
100203,2026-04-25,Mobile Developer,Middle,Москва,Удалённо,Средняя (250-1000),"Git, Kotlin, REST API, SQL, Swift",113000,134000,RUB
103930,2026-04-26,QA Engineer,Senior,Казань,Удалённо,Крупная (1000+),"Git, Manual Testing, Postman",122000,153000,RUB
103760,2026-04-26,Data Scientist,Junior,Казань,Удалённо,Средняя (250-1000),"Docker, Git, Pandas, PyTorch, Python, Scikit-learn",53000,64000,RUB
103950,2026-04-26,DevOps Engineer,Junior,Нижний Новгород,Офис,Средняя (250-1000),"CI/CD, Docker, Git, Kubernetes, Linux, Terraform",40000,46000,RUB
102200,2026-04-26,QA Engineer,Junior,Новосибирск,Офис,Стартап (<50),"Git, Manual Testing, Postman, Python, SQL, Selenium",30000,36000,RUB
100570,2026-04-26,Mobile Developer,Middle,Казань,Офис,Средняя (250-1000),"Git, Kotlin, REST API, SQL, Swift",59000,69000,RUB
102325,2026-04-27,Backend Developer,Senior,Новосибирск,Удалённо,Крупная (1000+),"Docker, Git, Java, Kubernetes, Python, REST API",150000,176000,RUB
101421,2026-04-27,Data Analyst,Junior,Нижний Новгород,Гибрид,Стартап (<50),"Excel, Git, Power BI, Python, SQL, Tableau",32000,42000,RUB
104352,2026-04-27,ML Engineer,Senior,Удалённо (Россия),Офис,Крупная (1000+),"Git, Kubernetes, MLflow",178000,230000,RUB
103215,2026-04-27,Full-stack Developer,Junior,Санкт-Петербург,Удалённо,Стартап (<50),"Docker, Git, JavaScript, Node.js, React, SQL",42000,49000,RUB
104936,2026-04-27,Full-stack Developer,Senior,Екатеринбург,Офис,Стартап (<50),"Docker, Git, JavaScript, Node.js, React",121000,140000,RUB
105741,2026-04-27,Backend Developer,Middle,Москва,Удалённо,Крупная (1000+),"Git, Java, Kubernetes, PostgreSQL, Python, SQL",143000,193000,RUB
101872,2026-04-27,Frontend Developer,Junior,Москва,Офис,Крупная (1000+),"Git, HTML, JavaScript, React",57000,76000,RUB
100715,2026-04-27,Product Manager,Junior,Москва,Гибрид,Средняя (250-1000),"Agile, Confluence, Git, Jira, SQL",59000,74000,RUB
102321,2026-04-27,Data Scientist,Junior,Казань,Удалённо,Крупная (1000+),"Docker, Git, PyTorch, Python, SQL, Scikit-learn",48000,57000,RUB
100212,2026-04-28,Frontend Developer,Middle,Удалённо (Россия),Гибрид,Стартап (<50),"CSS, Git, HTML, JavaScript, React, TypeScript",62000,77000,RUB
103406,2026-04-28,DevOps Engineer,Junior,Санкт-Петербург,Гибрид,Малая (50-250),"AWS, Git, Kubernetes, Linux",49000,60000,RUB
102973,2026-04-28,Frontend Developer,Junior,Новосибирск,Офис,Малая (50-250),"CSS, Git, HTML, JavaScript, React, TypeScript",36000,45000,RUB
104763,2026-04-28,System Analyst,Junior,Удалённо (Россия),Гибрид,Средняя (250-1000),"BPMN, Confluence, SQL, UML",53000,61000,RUB
102494,2026-04-28,ML Engineer,Senior,Москва,Офис,Средняя (250-1000),"Docker, Git, Kubernetes, MLflow, PyTorch, Python",219000,295000,RUB
105503,2026-04-28,System Analyst,Junior,Санкт-Петербург,Офис,Стартап (<50),"BPMN, Git, Jira, UML",40000,52000,RUB
105885,2026-04-28,Data Engineer,Senior,Новосибирск,Офис,Малая (50-250),"Docker, Git, Kafka, SQL, Spark",111000,147000,RUB
100998,2026-04-29,ML Engineer,Middle,Екатеринбург,Гибрид,Средняя (250-1000),"Git, Kubernetes, MLflow, PyTorch, TensorFlow",77000,99000,RUB
104590,2026-04-29,System Analyst,Senior,Москва,Удалённо,Малая (50-250),"Confluence, Git, SQL, UML",188000,232000,RUB
100561,2026-04-29,ML Engineer,Middle,Удалённо (Россия),Удалённо,Стартап (<50),"Git, MLflow, TensorFlow",150000,198000,RUB
105549,2026-04-29,Frontend Developer,Middle,Краснодар,Офис,Малая (50-250),"CSS, Git, JavaScript",53000,61000,RUB
103019,2026-04-29,DevOps Engineer,Junior,Москва,Офис,Стартап (<50),"Docker, Git, Kubernetes, Terraform",46000,55000,RUB
104760,2026-04-29,Full-stack Developer,Lead,Санкт-Петербург,Удалённо,Стартап (<50),"Git, JavaScript, React, SQL",179000,215000,RUB
104246,2026-04-29,Full-stack Developer,Middle,Новосибирск,Гибрид,Крупная (1000+),"Docker, Git, JavaScript",72000,92000,RUB
100031,2026-04-29,Product Manager,Middle,Казань,Офис,Крупная (1000+),"Agile, Analytics, Confluence, Git, Jira, SQL",81000,93000,RUB
102315,2026-04-29,Backend Developer,Middle,Удалённо (Россия),Офис,Стартап (<50),"Git, Java, Python",120000,141000,RUB
103462,2026-04-29,Backend Developer,Lead,Санкт-Петербург,Гибрид,Стартап (<50),"Git, Java, PostgreSQL, REST API",225000,292000,RUB
105536,2026-04-30,DevOps Engineer,Middle,Удалённо (Россия),Гибрид,Средняя (250-1000),"AWS, Docker, Git, Linux",140000,186000,RUB
102069,2026-04-30,Full-stack Developer,Lead,Москва,Офис,Крупная (1000+),"Docker, Git, JavaScript, Node.js",225000,267000,RUB
103088,2026-04-30,Mobile Developer,Junior,Москва,Удалённо,Стартап (<50),"Git, Kotlin, REST API, SQL",49000,61000,RUB
103285,2026-04-30,Product Manager,Junior,Санкт-Петербург,Гибрид,Стартап (<50),"Agile, Confluence, Git, Jira, SQL",57000,71000,RUB
102208,2026-04-30,Backend Developer,Senior,Удалённо (Россия),Удалённо,Крупная (1000+),"Docker, Git, Kubernetes, Python, REST API",223000,276000,RUB
102005,2026-04-30,ML Engineer,Junior,Новосибирск,Удалённо,Средняя (250-1000),"Git, Kubernetes, Python, TensorFlow",52000,67000,RUB
102235,2026-04-30,Data Scientist,Senior,Краснодар,Офис,Стартап (<50),"Docker, Git, Pandas, Python, Scikit-learn, Statistics",116000,144000,RUB
105912,2026-04-30,Product Manager,Middle,Удалённо (Россия),Гибрид,Малая (50-250),"Agile, Analytics, Confluence, Git, Jira",116000,149000,RUB
104717,2026-05-01,System Analyst,Middle,Удалённо (Россия),Офис,Средняя (250-1000),"BPMN, Confluence, Git, Jira, SQL, UML",66000,87000,RUB
104839,2026-05-01,Mobile Developer,Senior,Санкт-Петербург,Гибрид,Крупная (1000+),"Git, Kotlin, REST API, SQL, Swift",160000,205000,RUB
100542,2026-05-01,QA Engineer,Middle,Казань,Офис,Стартап (<50),"Git, Manual Testing, Postman, Python, SQL, Selenium",33000,41000,RUB
103899,2026-05-02,Data Scientist,Middle,Москва,Гибрид,Крупная (1000+),"Git, Pandas, Python, SQL",157000,208000,RUB
103270,2026-05-02,Data Scientist,Middle,Казань,Офис,Средняя (250-1000),"Git, Pandas, Scikit-learn, Statistics",88000,103000,RUB
103826,2026-05-02,Mobile Developer,Junior,Удалённо (Россия),Офис,Средняя (250-1000),"Git, Kotlin, REST API, SQL, Swift",59000,74000,RUB
103770,2026-05-02,Mobile Developer,Junior,Удалённо (Россия),Удалённо,Средняя (250-1000),"Git, Kotlin, REST API, SQL, Swift",61000,74000,RUB
103560,2026-05-02,Backend Developer,Middle,Санкт-Петербург,Офис,Малая (50-250),"Docker, Git, Java, Kubernetes, PostgreSQL, REST API, SQL",115000,135000,RUB
102511,2026-05-02,Full-stack Developer,Middle,Москва,Гибрид,Малая (50-250),"Docker, Git, JavaScript, Node.js, React, SQL",122000,151000,RUB
100244,2026-05-02,ML Engineer,Senior,Екатеринбург,Офис,Стартап (<50),"Git, Kubernetes, MLflow, PyTorch, Python",138000,172000,RUB
101336,2026-05-03,Full-stack Developer,Senior,Москва,Удалённо,Крупная (1000+),"Docker, Git, JavaScript, SQL",275000,329000,RUB
102414,2026-05-03,Product Manager,Middle,Удалённо (Россия),Гибрид,Стартап (<50),"Agile, Confluence, Git, SQL",112000,144000,RUB
103529,2026-05-03,System Analyst,Middle,Москва,Удалённо,Средняя (250-1000),"BPMN, Confluence, Git, Jira, SQL, UML",96000,121000,RUB
105545,2026-05-03,Full-stack Developer,Middle,Москва,Гибрид,Крупная (1000+),"Git, JavaScript, Node.js, SQL",119000,145000,RUB
102139,2026-05-04,Data Analyst,Senior,Нижний Новгород,Гибрид,Средняя (250-1000),"Excel, Git, Power BI, Python, SQL, Tableau",83000,106000,RUB
101628,2026-05-04,Backend Developer,Senior,Санкт-Петербург,Гибрид,Крупная (1000+),"Docker, Git, PostgreSQL, SQL",156000,193000,RUB
102354,2026-05-04,QA Engineer,Middle,Удалённо (Россия),Гибрид,Крупная (1000+),"Git, Manual Testing, Postman, SQL",50000,60000,RUB
104675,2026-05-04,Mobile Developer,Middle,Москва,Гибрид,Стартап (<50),"Git, Kotlin, REST API, SQL, Swift",98000,131000,RUB
101955,2026-05-05,QA Engineer,Middle,Удалённо (Россия),Офис,Средняя (250-1000),"Git, Manual Testing, Python",73000,90000,RUB
104164,2026-05-05,Data Engineer,Middle,Удалённо (Россия),Удалённо,Средняя (250-1000),"Python, SQL, Spark",116000,143000,RUB
101664,2026-05-05,Frontend Developer,Senior,Москва,Удалённо,Средняя (250-1000),"CSS, Git, HTML, JavaScript, React, TypeScript",254000,307000,RUB
105034,2026-05-05,Data Engineer,Lead,Москва,Удалённо,Крупная (1000+),"Airflow, Docker, Git, Python, SQL",324000,376000,RUB
100905,2026-05-05,Data Analyst,Junior,Москва,Офис,Крупная (1000+),"Excel, Git, Power BI, Python, SQL, Tableau",57000,70000,RUB
105169,2026-05-05,Mobile Developer,Junior,Екатеринбург,Офис,Крупная (1000+),"Git, SQL, Swift",40000,53000,RUB
102903,2026-05-06,Mobile Developer,Middle,Краснодар,Гибрид,Малая (50-250),"Git, Kotlin, SQL, Swift",62000,83000,RUB
100441,2026-05-06,Backend Developer,Middle,Казань,Офис,Крупная (1000+),"Docker, Git, Java, PostgreSQL, Python, SQL",81000,109000,RUB
101822,2026-05-06,Backend Developer,Middle,Москва,Гибрид,Стартап (<50),"Docker, Git, Java, Kubernetes, PostgreSQL, REST API, SQL",99000,117000,RUB
105468,2026-05-06,Data Analyst,Junior,Москва,Удалённо,Стартап (<50),"Excel, Git, Power BI, SQL, Tableau",53000,70000,RUB
105286,2026-05-06,QA Engineer,Senior,Новосибирск,Удалённо,Малая (50-250),"Git, Manual Testing, Postman, Python, SQL",80000,95000,RUB
105982,2026-05-07,Mobile Developer,Senior,Нижний Новгород,Офис,Малая (50-250),"Git, Kotlin, REST API, SQL, Swift",101000,134000,RUB
100250,2026-05-07,System Analyst,Senior,Екатеринбург,Гибрид,Крупная (1000+),"BPMN, Confluence, Git, Jira, SQL, UML",101000,134000,RUB
102890,2026-05-07,QA Engineer,Lead,Москва,Гибрид,Крупная (1000+),"Git, Manual Testing, Postman, Python, SQL, Selenium",154000,195000,RUB
104084,2026-05-07,Data Engineer,Senior,Москва,Гибрид,Стартап (<50),"Git, Kafka, Python, SQL",144000,169000,RUB
105016,2026-05-07,Backend Developer,Junior,Москва,Гибрид,Малая (50-250),"Git, Java, SQL",58000,73000,RUB
103259,2026-05-07,Data Scientist,Senior,Казань,Офис,Малая (50-250),"Git, Pandas, Python, SQL, Scikit-learn",104000,122000,RUB
101846,2026-05-07,Backend Developer,Middle,Москва,Офис,Крупная (1000+),"Docker, Git, Kubernetes, PostgreSQL, Python, SQL",139000,166000,RUB
100209,2026-05-07,Full-stack Developer,Junior,Москва,Офис,Стартап (<50),"Docker, Git, Node.js, React",50000,67000,RUB
101228,2026-05-07,Backend Developer,Junior,Казань,Удалённо,Крупная (1000+),"Docker, Git, Java, PostgreSQL, Python",42000,57000,RUB
103735,2026-05-07,Product Manager,Middle,Москва,Удалённо,Малая (50-250),"Agile, Confluence, Jira, SQL",124000,151000,RUB
100683,2026-05-07,Full-stack Developer,Junior,Санкт-Петербург,Офис,Стартап (<50),"Git, JavaScript, Node.js, React, SQL",46000,57000,RUB
101919,2026-05-07,Frontend Developer,Junior,Москва,Гибрид,Крупная (1000+),"CSS, Git, JavaScript, TypeScript",68000,78000,RUB
105928,2026-05-08,Backend Developer,Junior,Удалённо (Россия),Гибрид,Крупная (1000+),"Docker, Git, Java, PostgreSQL, REST API, SQL",71000,83000,RUB
101405,2026-05-08,Data Scientist,Middle,Екатеринбург,Офис,Малая (50-250),"Git, PyTorch, SQL",84000,98000,RUB
103381,2026-05-08,Frontend Developer,Junior,Екатеринбург,Удалённо,Средняя (250-1000),"Git, React, TypeScript",37000,44000,RUB
104812,2026-05-08,ML Engineer,Junior,Удалённо (Россия),Офис,Средняя (250-1000),"Git, Kubernetes, MLflow, PyTorch, Python",57000,72000,RUB
103942,2026-05-08,Data Analyst,Middle,Санкт-Петербург,Офис,Средняя (250-1000),"Excel, Git, Power BI, Python, SQL, Tableau",79000,96000,RUB
104062,2026-05-08,System Analyst,Junior,Санкт-Петербург,Офис,Стартап (<50),"Git, Jira, UML",44000,51000,RUB
102975,2026-05-09,Data Scientist,Senior,Удалённо (Россия),Удалённо,Крупная (1000+),"Git, Pandas, PyTorch, SQL",178000,222000,RUB
101566,2026-05-09,System Analyst,Middle,Казань,Удалённо,Малая (50-250),"BPMN, Confluence, Git, SQL, UML",62000,78000,RUB
103100,2026-05-09,Backend Developer,Middle,Санкт-Петербург,Гибрид,Средняя (250-1000),"Docker, Git, REST API, SQL",104000,132000,RUB
104273,2026-05-09,QA Engineer,Middle,Москва,Удалённо,Малая (50-250),"Git, Manual Testing, Postman, Python, SQL",83000,100000,RUB
103331,2026-05-09,Frontend Developer,Junior,Казань,Офис,Средняя (250-1000),"Git, HTML, JavaScript, TypeScript",32000,39000,RUB
101780,2026-05-10,QA Engineer,Lead,Краснодар,Офис,Крупная (1000+),"Git, Manual Testing, Postman, Python, SQL, Selenium",118000,139000,RUB
105107,2026-05-10,Data Analyst,Middle,Москва,Офис,Средняя (250-1000),"Excel, Git, Power BI, Python, Tableau",116000,151000,RUB
105187,2026-05-10,Frontend Developer,Middle,Москва,Офис,Малая (50-250),"CSS, Git, HTML, JavaScript, React, TypeScript",73000,83000,RUB
102128,2026-05-10,Data Analyst,Middle,Казань,Офис,Малая (50-250),"Excel, Git, Power BI, SQL, Tableau",60000,79000,RUB
100555,2026-05-10,Data Scientist,Lead,Москва,Гибрид,Малая (50-250),"Docker, Git, PyTorch, SQL, Statistics",292000,384000,RUB
102206,2026-05-11,Data Engineer,Junior,Удалённо (Россия),Офис,Крупная (1000+),"Airflow, ClickHouse, Git, Spark",72000,91000,RUB
102124,2026-05-11,Frontend Developer,Junior,Москва,Гибрид,Малая (50-250),"CSS, Git, JavaScript, React, TypeScript",58000,74000,RUB
102024,2026-05-11,Backend Developer,Junior,Санкт-Петербург,Гибрид,Средняя (250-1000),"Docker, Git, Java, PostgreSQL, REST API, SQL",48000,59000,RUB
103626,2026-05-11,Data Scientist,Senior,Удалённо (Россия),Офис,Средняя (250-1000),"Git, PyTorch, Python, Scikit-learn",205000,265000,RUB
104438,2026-05-12,Mobile Developer,Senior,Удалённо (Россия),Офис,Малая (50-250),"Git, Kotlin, SQL, Swift",154000,179000,RUB
100980,2026-05-12,Data Engineer,Junior,Удалённо (Россия),Офис,Средняя (250-1000),"ClickHouse, Git, Kafka, SQL, Spark",72000,89000,RUB
103893,2026-05-12,Product Manager,Middle,Санкт-Петербург,Офис,Малая (50-250),"Agile, Analytics, Confluence, Git, Jira, SQL",94000,124000,RUB
102035,2026-05-12,Mobile Developer,Middle,Новосибирск,Гибрид,Средняя (250-1000),"Git, Kotlin, SQL",72000,84000,RUB
101365,2026-05-12,Product Manager,Junior,Москва,Удалённо,Малая (50-250),"Agile, Analytics, Confluence, Git, Jira, SQL",68000,85000,RUB
102154,2026-05-12,QA Engineer,Junior,Казань,Гибрид,Малая (50-250),"Git, Manual Testing, Postman, Python, SQL, Selenium",30000,37000,RUB
105207,2026-05-12,ML Engineer,Junior,Санкт-Петербург,Удалённо,Стартап (<50),"Docker, Git, Kubernetes, Python",65000,82000,RUB
104176,2026-05-12,Full-stack Developer,Junior,Санкт-Петербург,Гибрид,Стартап (<50),"Git, JavaScript, Node.js, React",48000,61000,RUB
104172,2026-05-12,System Analyst,Junior,Удалённо (Россия),Офис,Средняя (250-1000),"BPMN, Git, SQL, UML",52000,63000,RUB
100895,2026-05-12,Full-stack Developer,Middle,Екатеринбург,Удалённо,Крупная (1000+),"Docker, Git, SQL",89000,116000,RUB
101134,2026-05-13,Backend Developer,Senior,Удалённо (Россия),Удалённо,Средняя (250-1000),"Docker, Git, Java, PostgreSQL, REST API, SQL",189000,224000,RUB
102830,2026-05-13,System Analyst,Middle,Москва,Офис,Средняя (250-1000),"BPMN, Confluence, Git, Jira, UML",95000,113000,RUB
105842,2026-05-13,Data Scientist,Lead,Москва,Гибрид,Малая (50-250),"Git, Pandas, Python, SQL, Statistics",264000,341000,RUB
101243,2026-05-13,ML Engineer,Junior,Москва,Офис,Средняя (250-1000),"Docker, Git, Kubernetes, MLflow",79000,95000,RUB
102966,2026-05-13,Full-stack Developer,Senior,Нижний Новгород,Удалённо,Крупная (1000+),"Docker, Git, JavaScript, Node.js, React, SQL",100000,121000,RUB
102469,2026-05-14,Backend Developer,Senior,Удалённо (Россия),Гибрид,Малая (50-250),"Docker, Git, PostgreSQL, REST API",179000,208000,RUB
100201,2026-05-14,DevOps Engineer,Middle,Санкт-Петербург,Гибрид,Средняя (250-1000),"Docker, Git, Linux, Terraform",107000,142000,RUB
101511,2026-05-14,Product Manager,Middle,Москва,Гибрид,Крупная (1000+),"Git, Jira, SQL",136000,158000,RUB
105417,2026-05-15,Data Scientist,Senior,Удалённо (Россия),Офис,Стартап (<50),"Git, Pandas, PyTorch, Python, Scikit-learn, Statistics",168000,200000,RUB
100615,2026-05-15,DevOps Engineer,Junior,Екатеринбург,Офис,Крупная (1000+),"Kubernetes, Linux, Terraform",36000,47000,RUB
104494,2026-05-15,Frontend Developer,Middle,Удалённо (Россия),Офис,Стартап (<50),"Git, HTML, TypeScript",82000,105000,RUB
105083,2026-05-15,Data Scientist,Junior,Москва,Офис,Стартап (<50),"Docker, Git, Pandas, Python, SQL",75000,91000,RUB
100936,2026-05-15,Data Scientist,Middle,Москва,Офис,Малая (50-250),"Git, PyTorch, Statistics",113000,152000,RUB
101161,2026-05-16,Mobile Developer,Lead,Москва,Офис,Средняя (250-1000),"Git, Kotlin, REST API, SQL",288000,347000,RUB
105853,2026-05-16,Full-stack Developer,Middle,Москва,Гибрид,Стартап (<50),"Docker, Git, JavaScript, Node.js, React, SQL",80000,96000,RUB
105887,2026-05-16,Backend Developer,Middle,Нижний Новгород,Гибрид,Крупная (1000+),"Docker, Git, Kubernetes, REST API",90000,118000,RUB
100548,2026-05-16,DevOps Engineer,Junior,Новосибирск,Гибрид,Крупная (1000+),"AWS, Docker, Git, Kubernetes, Terraform",44000,54000,RUB
102437,2026-05-16,Frontend Developer,Senior,Казань,Офис,Крупная (1000+),"CSS, Git, HTML, JavaScript, TypeScript",109000,128000,RUB
103249,2026-05-16,Full-stack Developer,Junior,Екатеринбург,Офис,Стартап (<50),"Git, Node.js, React, SQL",30000,39000,RUB
104766,2026-05-17,Backend Developer,Middle,Москва,Удалённо,Средняя (250-1000),"Git, Kubernetes, PostgreSQL, Python",130000,173000,RUB
104764,2026-05-17,QA Engineer,Middle,Москва,Гибрид,Крупная (1000+),"Git, Manual Testing, SQL, Selenium",101000,123000,RUB
102595,2026-05-17,Data Scientist,Senior,Москва,Гибрид,Средняя (250-1000),"Docker, Git, Pandas, PyTorch, Python, Statistics",211000,267000,RUB
105068,2026-05-17,Frontend Developer,Senior,Москва,Удалённо,Малая (50-250),"CSS, Git, HTML, JavaScript, TypeScript",179000,223000,RUB
105202,2026-05-17,Backend Developer,Senior,Москва,Удалённо,Стартап (<50),"Docker, Git, Java, REST API",211000,251000,RUB
103701,2026-05-18,Data Scientist,Junior,Москва,Гибрид,Средняя (250-1000),"Docker, Git, Pandas, Python, SQL",75000,102000,RUB
100851,2026-05-18,Backend Developer,Lead,Москва,Офис,Стартап (<50),"Docker, Git, Java, Python, REST API",254000,296000,RUB
100496,2026-05-18,Full-stack Developer,Senior,Екатеринбург,Гибрид,Малая (50-250),"Docker, JavaScript, Node.js, React, SQL",109000,139000,RUB
102979,2026-05-19,Data Analyst,Junior,Москва,Гибрид,Стартап (<50),"Excel, Git, Power BI, Python, SQL, Tableau",56000,75000,RUB
102755,2026-05-19,Mobile Developer,Middle,Санкт-Петербург,Гибрид,Малая (50-250),"Git, Kotlin, REST API, SQL, Swift",88000,110000,RUB
100779,2026-05-19,Mobile Developer,Middle,Санкт-Петербург,Удалённо,Малая (50-250),"Git, Kotlin, REST API, SQL, Swift",92000,110000,RUB
104642,2026-05-19,Data Scientist,Senior,Казань,Гибрид,Средняя (250-1000),"Docker, Git, Pandas, PyTorch, SQL, Scikit-learn, Statistics",127000,164000,RUB
104520,2026-05-19,Frontend Developer,Middle,Нижний Новгород,Удалённо,Малая (50-250),"CSS, Git, HTML, JavaScript, TypeScript",59000,71000,RUB
102645,2026-05-19,Product Manager,Middle,Москва,Удалённо,Малая (50-250),"Agile, Confluence, Git, Jira, SQL",80000,98000,RUB
103363,2026-05-19,System Analyst,Lead,Нижний Новгород,Удалённо,Стартап (<50),"BPMN, Confluence, Git, Jira, UML",111000,135000,RUB
102112,2026-05-19,DevOps Engineer,Middle,Нижний Новгород,Удалённо,Крупная (1000+),"AWS, Docker, Git, Kubernetes, Terraform",82000,97000,RUB
102865,2026-05-20,Data Analyst,Middle,Санкт-Петербург,Офис,Крупная (1000+),"Excel, Git, Power BI, Python, SQL, Tableau",74000,100000,RUB
102343,2026-05-20,Data Analyst,Junior,Нижний Новгород,Офис,Малая (50-250),"Power BI, Python, SQL, Tableau",30000,37000,RUB
105294,2026-05-20,Data Analyst,Middle,Казань,Офис,Стартап (<50),"Excel, Git, Power BI, Python, SQL",52000,68000,RUB
104849,2026-05-21,Data Engineer,Middle,Москва,Удалённо,Малая (50-250),"Airflow, Git, Kafka, Python, Spark",144000,168000,RUB
103335,2026-05-21,DevOps Engineer,Middle,Санкт-Петербург,Гибрид,Средняя (250-1000),"AWS, CI/CD, Git, Kubernetes, Terraform",116000,145000,RUB
102480,2026-05-21,Data Engineer,Senior,Москва,Удалённо,Средняя (250-1000),"Airflow, ClickHouse, Docker, Git, Kafka, SQL",235000,275000,RUB
104018,2026-05-21,Product Manager,Junior,Санкт-Петербург,Гибрид,Средняя (250-1000),"Analytics, Git, Jira, SQL",62000,77000,RUB
105401,2026-05-21,Frontend Developer,Middle,Санкт-Петербург,Офис,Средняя (250-1000),"Git, JavaScript, React, TypeScript",68000,83000,RUB
101804,2026-05-21,DevOps Engineer,Middle,Казань,Гибрид,Средняя (250-1000),"CI/CD, Docker, Git, Linux, Terraform",76000,96000,RUB
101471,2026-05-21,Product Manager,Middle,Удалённо (Россия),Гибрид,Средняя (250-1000),"Agile, Analytics, Git, Jira",93000,111000,RUB
105419,2026-05-22,Frontend Developer,Senior,Москва,Офис,Крупная (1000+),"CSS, Git, JavaScript, TypeScript",206000,247000,RUB
101410,2026-05-22,Full-stack Developer,Junior,Москва,Офис,Средняя (250-1000),"Git, JavaScript, Node.js, React, SQL",44000,56000,RUB
105612,2026-05-22,Data Scientist,Junior,Москва,Гибрид,Крупная (1000+),"Docker, Git, Pandas, PyTorch, Python, SQL, Statistics",68000,88000,RUB
102573,2026-05-22,Full-stack Developer,Junior,Москва,Удалённо,Стартап (<50),"Docker, Git, JavaScript, Node.js",40000,46000,RUB
104873,2026-05-22,DevOps Engineer,Middle,Москва,Гибрид,Стартап (<50),"CI/CD, Docker, Git, Kubernetes, Linux, Terraform",137000,178000,RUB
105624,2026-05-23,Data Scientist,Lead,Москва,Гибрид,Средняя (250-1000),"Pandas, PyTorch, Python, SQL, Statistics",214000,247000,RUB
103984,2026-05-23,ML Engineer,Junior,Екатеринбург,Офис,Крупная (1000+),"Git, MLflow, PyTorch, Python",53000,62000,RUB
102196,2026-05-23,Data Analyst,Middle,Удалённо (Россия),Удалённо,Стартап (<50),"Excel, Git, Power BI, Python, Tableau",84000,112000,RUB
100731,2026-05-23,Frontend Developer,Middle,Санкт-Петербург,Офис,Крупная (1000+),"Git, HTML, JavaScript, React",109000,136000,RUB
102544,2026-05-23,Mobile Developer,Junior,Санкт-Петербург,Гибрид,Крупная (1000+),"Git, Kotlin, REST API, SQL, Swift",67000,79000,RUB
105751,2026-05-23,DevOps Engineer,Junior,Удалённо (Россия),Гибрид,Малая (50-250),"Docker, Git, Kubernetes, Linux",67000,87000,RUB
103486,2026-05-24,Product Manager,Senior,Удалённо (Россия),Удалённо,Крупная (1000+),"Analytics, Git, Jira, SQL",249000,312000,RUB
102335,2026-05-24,Mobile Developer,Middle,Москва,Удалённо,Малая (50-250),"Git, Kotlin, REST API, SQL, Swift",117000,151000,RUB
104989,2026-05-25,Data Analyst,Senior,Москва,Гибрид,Малая (50-250),"Excel, Git, Power BI, Python, SQL, Tableau",136000,172000,RUB
103110,2026-05-25,Data Analyst,Middle,Краснодар,Офис,Стартап (<50),"Excel, Git, SQL, Tableau",46000,57000,RUB
100158,2026-05-25,Data Engineer,Senior,Москва,Офис,Крупная (1000+),"Airflow, ClickHouse, Docker, Git, Kafka, Python",233000,276000,RUB
105924,2026-05-25,System Analyst,Middle,Удалённо (Россия),Удалённо,Малая (50-250),"BPMN, Confluence, Git, SQL, UML",106000,143000,RUB
101167,2026-05-25,ML Engineer,Middle,Москва,Гибрид,Крупная (1000+),"Docker, Git, PyTorch, Python",134000,167000,RUB
104985,2026-05-25,Data Analyst,Senior,Удалённо (Россия),Удалённо,Малая (50-250),"Excel, Git, Python, SQL, Tableau",187000,249000,RUB
100048,2026-05-26,System Analyst,Senior,Удалённо (Россия),Удалённо,Стартап (<50),"BPMN, Confluence, Git, SQL",127000,156000,RUB
102397,2026-05-26,Frontend Developer,Junior,Москва,Гибрид,Малая (50-250),"CSS, Git, HTML, JavaScript",60000,79000,RUB
105995,2026-05-26,Frontend Developer,Middle,Москва,Удалённо,Малая (50-250),"CSS, Git, HTML, JavaScript, React, TypeScript",109000,136000,RUB
102705,2026-05-26,ML Engineer,Senior,Санкт-Петербург,Офис,Крупная (1000+),"Docker, Git, MLflow, PyTorch, Python",262000,319000,RUB
103565,2026-05-26,DevOps Engineer,Senior,Екатеринбург,Удалённо,Крупная (1000+),"CI/CD, Docker, Git, Linux, Terraform",168000,203000,RUB
101982,2026-05-26,Data Engineer,Junior,Удалённо (Россия),Удалённо,Средняя (250-1000),"ClickHouse, Git, Kafka, Python, SQL, Spark",70000,82000,RUB
105537,2026-05-26,Data Engineer,Senior,Удалённо (Россия),Гибрид,Малая (50-250),"Airflow, ClickHouse, Docker, Git, Kafka, Spark",168000,201000,RUB
103602,2026-05-26,Mobile Developer,Middle,Санкт-Петербург,Офис,Крупная (1000+),"Git, Kotlin, REST API, SQL, Swift",126000,155000,RUB
102244,2026-05-26,Data Engineer,Middle,Санкт-Петербург,Гибрид,Средняя (250-1000),"Airflow, Docker, Git, Kafka, SQL, Spark",103000,139000,RUB
105328,2026-05-27,DevOps Engineer,Lead,Нижний Новгород,Офис,Стартап (<50),"CI/CD, Docker, Git, Linux",119000,145000,RUB
104053,2026-05-27,Backend Developer,Senior,Новосибирск,Гибрид,Стартап (<50),"Git, Java, REST API",138000,160000,RUB
105521,2026-05-27,Backend Developer,Lead,Екатеринбург,Гибрид,Средняя (250-1000),"Git, Java, Kubernetes, Python, REST API, SQL",158000,185000,RUB
100365,2026-05-28,QA Engineer,Senior,Санкт-Петербург,Офис,Стартап (<50),"Git, Manual Testing, Postman, Python, SQL, Selenium",96000,113000,RUB
103813,2026-05-28,Backend Developer,Middle,Нижний Новгород,Удалённо,Средняя (250-1000),"Docker, Git, Kubernetes, PostgreSQL",79000,104000,RUB
105544,2026-05-28,ML Engineer,Middle,Казань,Гибрид,Средняя (250-1000),"Docker, Git, Kubernetes, MLflow, Python, TensorFlow",102000,124000,RUB
101655,2026-05-28,Full-stack Developer,Middle,Екатеринбург,Офис,Средняя (250-1000),"Git, Node.js, SQL",56000,71000,RUB
101466,2026-05-28,System Analyst,Middle,Казань,Офис,Стартап (<50),"Confluence, Git, SQL",54000,65000,RUB
100698,2026-05-28,QA Engineer,Lead,Удалённо (Россия),Офис,Малая (50-250),"Git, Manual Testing, Python, SQL, Selenium",167000,219000,RUB
104626,2026-05-28,Data Scientist,Middle,Санкт-Петербург,Гибрид,Малая (50-250),"Docker, Git, PyTorch, SQL, Scikit-learn, Statistics",108000,136000,RUB
101044,2026-05-29,QA Engineer,Middle,Санкт-Петербург,Гибрид,Стартап (<50),"Git, Manual Testing, Postman, Python, SQL, Selenium",59000,74000,RUB
105973,2026-05-29,Full-stack Developer,Senior,Санкт-Петербург,Удалённо,Стартап (<50),"Docker, Git, JavaScript",157000,199000,RUB
105346,2026-05-29,QA Engineer,Senior,Казань,Гибрид,Стартап (<50),"Git, Manual Testing, Postman, Python, SQL, Selenium",92000,114000,RUB
100032,2026-05-29,Data Scientist,Senior,Екатеринбург,Офис,Крупная (1000+),"Git, PyTorch, Python",149000,197000,RUB
104831,2026-05-29,Mobile Developer,Junior,Санкт-Петербург,Офис,Малая (50-250),"Git, Kotlin, REST API, SQL, Swift",40000,53000,RUB
100307,2026-05-29,Frontend Developer,Junior,Москва,Гибрид,Средняя (250-1000),"Git, HTML, JavaScript, React",62000,75000,RUB
102097,2026-05-29,Frontend Developer,Middle,Нижний Новгород,Гибрид,Малая (50-250),"CSS, Git, HTML, React, TypeScript",56000,71000,RUB
105108,2026-05-30,QA Engineer,Senior,Удалённо (Россия),Гибрид,Малая (50-250),"Git, Manual Testing, Postman, Python, SQL, Selenium",108000,131000,RUB
100870,2026-05-30,Data Scientist,Senior,Удалённо (Россия),Офис,Средняя (250-1000),"Git, Pandas, PyTorch, Python, SQL, Scikit-learn, Statistics",220000,289000,RUB
104216,2026-05-30,Mobile Developer,Junior,Санкт-Петербург,Офис,Стартап (<50),"Git, Kotlin, REST API, SQL, Swift",49000,57000,RUB
104220,2026-05-30,QA Engineer,Senior,Москва,Офис,Стартап (<50),"Git, Manual Testing, Postman, Python",130000,174000,RUB
102221,2026-05-30,Backend Developer,Middle,Москва,Офис,Стартап (<50),"Docker, Java, REST API, SQL",74000,85000,RUB
105042,2026-05-31,Full-stack Developer,Middle,Удалённо (Россия),Офис,Стартап (<50),"Docker, Git, Node.js, React, SQL",85000,99000,RUB
101349,2026-05-31,Data Engineer,Junior,Москва,Удалённо,Стартап (<50),"Airflow, ClickHouse, Git, SQL, Spark",66000,86000,RUB
103412,2026-05-31,Mobile Developer,Junior,Удалённо (Россия),Гибрид,Средняя (250-1000),"Git, Kotlin, REST API, SQL, Swift",45000,57000,RUB
103730,2026-05-31,ML Engineer,Junior,Удалённо (Россия),Офис,Крупная (1000+),"Docker, Git, Python, TensorFlow",73000,97000,RUB
103467,2026-05-31,Backend Developer,Middle,Удалённо (Россия),Удалённо,Малая (50-250),"Java, Kubernetes, PostgreSQL, Python",85000,103000,RUB
102131,2026-05-31,Data Analyst,Junior,Удалённо (Россия),Удалённо,Стартап (<50),"Git, Power BI, SQL, Tableau",55000,71000,RUB
104513,2026-05-31,Frontend Developer,Senior,Москва,Удалённо,Малая (50-250),"CSS, Git, HTML, JavaScript, React, TypeScript",191000,256000,RUB
105596,2026-05-31,DevOps Engineer,Middle,Санкт-Петербург,Удалённо,Стартап (<50),"AWS, CI/CD, Docker, Kubernetes, Linux, Terraform",101000,127000,RUB
105352,2026-06-01,Backend Developer,Middle,Санкт-Петербург,Удалённо,Крупная (1000+),"PostgreSQL, Python, REST API",107000,133000,RUB
101897,2026-06-01,Data Engineer,Middle,Удалённо (Россия),Удалённо,Средняя (250-1000),"Airflow, ClickHouse, Python, SQL",137000,172000,RUB
103338,2026-06-01,Data Analyst,Senior,Москва,Удалённо,Стартап (<50),"Excel, Git, Power BI, SQL, Tableau",128000,158000,RUB
102578,2026-06-02,DevOps Engineer,Middle,Санкт-Петербург,Удалённо,Малая (50-250),"AWS, CI/CD, Docker, Git, Linux, Terraform",98000,128000,RUB
100930,2026-06-02,Backend Developer,Middle,Удалённо (Россия),Гибрид,Крупная (1000+),"Git, Java, Kubernetes, PostgreSQL, Python, SQL",119000,142000,RUB
105149,2026-06-02,Product Manager,Senior,Удалённо (Россия),Офис,Средняя (250-1000),"Analytics, Confluence, Git, Jira, SQL",227000,270000,RUB
103499,2026-06-02,System Analyst,Middle,Удалённо (Россия),Гибрид,Средняя (250-1000),"BPMN, Confluence, Git, SQL, UML",88000,108000,RUB
104752,2026-06-02,Data Scientist,Senior,Екатеринбург,Удалённо,Малая (50-250),"Docker, Git, Pandas, PyTorch, SQL, Scikit-learn",146000,193000,RUB
100736,2026-06-03,QA Engineer,Senior,Удалённо (Россия),Офис,Крупная (1000+),"Git, Manual Testing, Postman, Python, SQL, Selenium",121000,145000,RUB
102260,2026-06-03,System Analyst,Junior,Москва,Удалённо,Малая (50-250),"Git, Jira, SQL, UML",55000,70000,RUB
102945,2026-06-03,QA Engineer,Junior,Удалённо (Россия),Удалённо,Крупная (1000+),"Git, Manual Testing, Postman, SQL, Selenium",38000,45000,RUB
100685,2026-06-04,Backend Developer,Senior,Екатеринбург,Офис,Стартап (<50),"Git, Java, Kubernetes",129000,169000,RUB
101030,2026-06-04,QA Engineer,Junior,Санкт-Петербург,Офис,Средняя (250-1000),"Git, Manual Testing, Postman, Python, SQL, Selenium",38000,45000,RUB
105974,2026-06-04,Frontend Developer,Senior,Удалённо (Россия),Офис,Малая (50-250),"CSS, Git, HTML, JavaScript, React, TypeScript",131000,172000,RUB
101275,2026-06-05,QA Engineer,Junior,Удалённо (Россия),Удалённо,Стартап (<50),"Git, Manual Testing, Postman, Python, Selenium",33000,40000,RUB
105097,2026-06-05,Full-stack Developer,Senior,Москва,Гибрид,Средняя (250-1000),"Docker, Git, JavaScript, Node.js, SQL",174000,209000,RUB
104891,2026-06-05,Product Manager,Middle,Нижний Новгород,Офис,Средняя (250-1000),"Agile, Analytics, Confluence, Git, Jira, SQL",60000,73000,RUB
104250,2026-06-06,Data Analyst,Middle,Москва,Офис,Крупная (1000+),"Excel, Git, Power BI, Python",83000,98000,RUB
102535,2026-06-06,System Analyst,Junior,Удалённо (Россия),Гибрид,Малая (50-250),"BPMN, Confluence, Git, Jira, SQL, UML",48000,65000,RUB
105229,2026-06-06,Frontend Developer,Junior,Казань,Гибрид,Малая (50-250),"CSS, Git, HTML, JavaScript, React",30000,37000,RUB
104322,2026-06-06,QA Engineer,Middle,Новосибирск,Удалённо,Средняя (250-1000),"Git, Manual Testing, Postman, Python, SQL, Selenium",55000,67000,RUB
102640,2026-06-06,Frontend Developer,Middle,Москва,Гибрид,Малая (50-250),"Git, HTML, JavaScript, TypeScript",82000,96000,RUB
100178,2026-06-06,Mobile Developer,Middle,Москва,Удалённо,Средняя (250-1000),"Git, Kotlin, REST API, SQL, Swift",124000,151000,RUB
100628,2026-06-06,Full-stack Developer,Lead,Москва,Удалённо,Стартап (<50),"Docker, Git, JavaScript, Node.js, React, SQL",194000,231000,RUB
100952,2026-06-07,DevOps Engineer,Middle,Удалённо (Россия),Удалённо,Средняя (250-1000),"CI/CD, Docker, Git",114000,142000,RUB
100480,2026-06-07,ML Engineer,Middle,Новосибирск,Офис,Средняя (250-1000),"Git, Kubernetes, MLflow, PyTorch, Python",86000,114000,RUB
100482,2026-06-07,System Analyst,Senior,Москва,Офис,Стартап (<50),"BPMN, Confluence, Git, Jira, SQL, UML",190000,249000,RUB
101720,2026-06-07,Mobile Developer,Middle,Москва,Удалённо,Средняя (250-1000),"Git, Kotlin, REST API, SQL, Swift",104000,130000,RUB
102691,2026-06-07,Full-stack Developer,Lead,Санкт-Петербург,Удалённо,Крупная (1000+),"Git, JavaScript, Node.js, React",223000,260000,RUB
102874,2026-06-07,Mobile Developer,Middle,Удалённо (Россия),Удалённо,Малая (50-250),"Git, Kotlin, REST API, Swift",96000,129000,RUB
105350,2026-06-07,DevOps Engineer,Middle,Москва,Гибрид,Стартап (<50),"Docker, Git, Linux, Terraform",131000,176000,RUB
103070,2026-06-07,Mobile Developer,Senior,Санкт-Петербург,Удалённо,Малая (50-250),"Git, Kotlin, REST API, SQL",153000,191000,RUB
100748,2026-06-08,Full-stack Developer,Senior,Екатеринбург,Гибрид,Средняя (250-1000),"Docker, Git, JavaScript, Node.js, React, SQL",132000,166000,RUB
101792,2026-06-08,Data Scientist,Junior,Москва,Офис,Средняя (250-1000),"Git, Pandas, Python, SQL, Statistics",84000,108000,RUB
100959,2026-06-08,Full-stack Developer,Senior,Удалённо (Россия),Удалённо,Средняя (250-1000),"Docker, Git, JavaScript, React, SQL",148000,175000,RUB
105180,2026-06-08,Data Engineer,Senior,Москва,Офис,Крупная (1000+),"Airflow, Git, SQL",181000,227000,RUB
103756,2026-06-09,DevOps Engineer,Senior,Москва,Гибрид,Средняя (250-1000),"AWS, CI/CD, Docker, Git, Linux, Terraform",193000,255000,RUB
103841,2026-06-10,DevOps Engineer,Middle,Москва,Удалённо,Крупная (1000+),"AWS, CI/CD, Docker, Kubernetes, Terraform",138000,163000,RUB
103114,2026-06-10,Data Engineer,Lead,Москва,Удалённо,Малая (50-250),"Airflow, ClickHouse, Kafka, Python, SQL, Spark",322000,408000,RUB
104302,2026-06-10,DevOps Engineer,Middle,Казань,Офис,Стартап (<50),"AWS, CI/CD, Docker, Git, Kubernetes, Terraform",58000,74000,RUB
102509,2026-06-10,Frontend Developer,Senior,Удалённо (Россия),Офис,Малая (50-250),"CSS, Git, HTML, React",144000,169000,RUB
104922,2026-06-10,Data Analyst,Junior,Москва,Гибрид,Средняя (250-1000),"Excel, Git, Python, SQL",46000,57000,RUB
105255,2026-06-10,DevOps Engineer,Middle,Удалённо (Россия),Офис,Средняя (250-1000),"AWS, CI/CD, Git, Kubernetes",102000,124000,RUB
100522,2026-06-10,DevOps Engineer,Senior,Казань,Удалённо,Крупная (1000+),"Docker, Git, Kubernetes, Terraform",141000,177000,RUB
102347,2026-06-10,Full-stack Developer,Middle,Москва,Гибрид,Стартап (<50),"Docker, Git, JavaScript, React, SQL",119000,142000,RUB
105418,2026-06-10,ML Engineer,Senior,Екатеринбург,Гибрид,Малая (50-250),"Docker, Git, Kubernetes, MLflow, PyTorch",139000,161000,RUB
101414,2026-06-11,Backend Developer,Senior,Москва,Офис,Малая (50-250),"Docker, Git, Kubernetes, PostgreSQL",203000,247000,RUB
102867,2026-06-11,Mobile Developer,Middle,Удалённо (Россия),Удалённо,Средняя (250-1000),"Git, Kotlin, REST API, SQL, Swift",137000,184000,RUB
101019,2026-06-11,Data Engineer,Senior,Нижний Новгород,Офис,Средняя (250-1000),"Docker, Git, Python, SQL",119000,146000,RUB
103706,2026-06-11,Data Engineer,Senior,Екатеринбург,Гибрид,Малая (50-250),"Airflow, Docker, Git, Kafka, Python, SQL, Spark",135000,156000,RUB
102762,2026-06-11,Backend Developer,Middle,Санкт-Петербург,Офис,Средняя (250-1000),"Git, Java, Python",78000,98000,RUB
100655,2026-06-11,QA Engineer,Senior,Екатеринбург,Офис,Малая (50-250),"Git, Manual Testing, Python, SQL, Selenium",76000,98000,RUB
103227,2026-06-11,Full-stack Developer,Junior,Удалённо (Россия),Офис,Средняя (250-1000),"Docker, Node.js, SQL",46000,53000,RUB
102934,2026-06-11,Data Scientist,Senior,Нижний Новгород,Гибрид,Стартап (<50),"Docker, Git, Pandas, PyTorch, Python, Scikit-learn",80000,102000,RUB
101960,2026-06-12,Backend Developer,Middle,Краснодар,Гибрид,Крупная (1000+),"Git, Java, Kubernetes, PostgreSQL, Python, REST API",69000,81000,RUB
102558,2026-06-12,ML Engineer,Lead,Москва,Офис,Стартап (<50),"Git, Kubernetes, MLflow, Python, TensorFlow",282000,358000,RUB
100147,2026-06-12,Product Manager,Lead,Удалённо (Россия),Гибрид,Стартап (<50),"Analytics, Git, Jira",208000,245000,RUB
104746,2026-06-12,Product Manager,Junior,Москва,Гибрид,Малая (50-250),"Agile, Analytics, Confluence, Git, SQL",57000,73000,RUB
103722,2026-06-12,Data Engineer,Middle,Краснодар,Удалённо,Малая (50-250),"Airflow, Git, SQL",64000,87000,RUB
100652,2026-06-12,Frontend Developer,Middle,Удалённо (Россия),Гибрид,Стартап (<50),"CSS, Git, HTML, JavaScript, TypeScript",80000,108000,RUB
103838,2026-06-12,Backend Developer,Junior,Новосибирск,Гибрид,Крупная (1000+),"Docker, Git, Java, Kubernetes",46000,55000,RUB
100010,2026-06-12,Data Scientist,Middle,Удалённо (Россия),Удалённо,Стартап (<50),"Docker, Git, Pandas, PyTorch, Scikit-learn",115000,145000,RUB
105105,2026-06-12,Data Scientist,Middle,Удалённо (Россия),Офис,Крупная (1000+),"Docker, Git, Pandas, Python, Scikit-learn, Statistics",112000,136000,RUB
101188,2026-06-13,Data Analyst,Senior,Нижний Новгород,Удалённо,Малая (50-250),"Excel, Git, Power BI, Python, SQL, Tableau",104000,123000,RUB
103586,2026-06-13,DevOps Engineer,Senior,Санкт-Петербург,Удалённо,Малая (50-250),"AWS, Docker, Git, Terraform",201000,241000,RUB
100485,2026-06-14,Data Scientist,Junior,Москва,Гибрид,Малая (50-250),"Pandas, PyTorch, Statistics",97000,121000,RUB
103555,2026-06-14,Full-stack Developer,Junior,Санкт-Петербург,Офис,Малая (50-250),"Git, JavaScript, Node.js, SQL",47000,62000,RUB
103039,2026-06-14,System Analyst,Senior,Удалённо (Россия),Офис,Крупная (1000+),"BPMN, Confluence, Git, Jira, SQL, UML",167000,223000,RUB
100097,2026-06-14,Full-stack Developer,Middle,Санкт-Петербург,Гибрид,Малая (50-250),"Docker, Git, JavaScript, Node.js, React, SQL",102000,133000,RUB
105905,2026-06-15,Frontend Developer,Lead,Нижний Новгород,Удалённо,Стартап (<50),"CSS, Git, HTML, React",138000,166000,RUB
104602,2026-06-15,Data Analyst,Junior,Санкт-Петербург,Гибрид,Малая (50-250),"Excel, Git, Power BI, Python, SQL, Tableau",35000,42000,RUB
102062,2026-06-15,DevOps Engineer,Junior,Москва,Гибрид,Средняя (250-1000),"AWS, CI/CD, Git, Linux",75000,91000,RUB
105411,2026-06-15,Frontend Developer,Senior,Санкт-Петербург,Гибрид,Малая (50-250),"CSS, Git, JavaScript, React, TypeScript",139000,174000,RUB
104547,2026-06-15,Data Analyst,Middle,Москва,Гибрид,Стартап (<50),"Git, Power BI, SQL",102000,124000,RUB
104931,2026-06-15,Full-stack Developer,Middle,Санкт-Петербург,Гибрид,Крупная (1000+),"Git, Node.js, SQL",113000,151000,RUB
104338,2026-06-15,Data Scientist,Junior,Москва,Удалённо,Стартап (<50),"Git, Scikit-learn, Statistics",68000,88000,RUB
104526,2026-06-16,Data Analyst,Senior,Екатеринбург,Офис,Малая (50-250),"Excel, Git, Power BI, SQL",105000,136000,RUB
101356,2026-06-16,System Analyst,Middle,Удалённо (Россия),Офис,Стартап (<50),"Confluence, Git, SQL",85000,113000,RUB
104277,2026-06-16,ML Engineer,Senior,Екатеринбург,Офис,Крупная (1000+),"Docker, Git, Kubernetes, MLflow, PyTorch, TensorFlow",154000,189000,RUB
105874,2026-06-16,System Analyst,Lead,Казань,Удалённо,Стартап (<50),"BPMN, Git, Jira, SQL, UML",128000,172000,RUB
102837,2026-06-16,Data Engineer,Senior,Санкт-Петербург,Офис,Крупная (1000+),"Airflow, ClickHouse, Git, Kafka, Spark",203000,236000,RUB
100922,2026-06-16,Backend Developer,Senior,Москва,Офис,Средняя (250-1000),"Docker, Git, Java, PostgreSQL, Python, REST API",214000,276000,RUB
100753,2026-06-16,QA Engineer,Lead,Москва,Офис,Средняя (250-1000),"Git, Manual Testing, Postman, SQL",177000,239000,RUB
104467,2026-06-17,Data Scientist,Middle,Нижний Новгород,Офис,Крупная (1000+),"Git, Pandas, PyTorch, SQL, Scikit-learn",90000,108000,RUB
105297,2026-06-17,Mobile Developer,Junior,Санкт-Петербург,Удалённо,Средняя (250-1000),"Kotlin, REST API, SQL, Swift",66000,77000,RUB
101200,2026-06-18,DevOps Engineer,Senior,Санкт-Петербург,Удалённо,Крупная (1000+),"Docker, Git, Kubernetes, Linux",204000,269000,RUB
103190,2026-06-18,Data Analyst,Lead,Екатеринбург,Удалённо,Стартап (<50),"Excel, Git, Power BI, Python, SQL, Tableau",137000,178000,RUB
102799,2026-06-18,Data Analyst,Senior,Москва,Офис,Средняя (250-1000),"Git, Power BI, SQL, Tableau",158000,195000,RUB
103607,2026-06-19,Data Scientist,Senior,Новосибирск,Офис,Стартап (<50),"Docker, Git, PyTorch, SQL, Scikit-learn, Statistics",144000,178000,RUB
100241,2026-06-19,DevOps Engineer,Middle,Удалённо (Россия),Офис,Стартап (<50),"AWS, Docker, Git",124000,157000,RUB
104970,2026-06-19,Frontend Developer,Junior,Новосибирск,Удалённо,Крупная (1000+),"CSS, JavaScript, TypeScript",46000,62000,RUB
103071,2026-06-19,Product Manager,Middle,Москва,Офис,Стартап (<50),"Analytics, Confluence, Git",115000,141000,RUB
103945,2026-06-20,Data Analyst,Middle,Екатеринбург,Офис,Малая (50-250),"Excel, Git, Python, Tableau",51000,67000,RUB
100854,2026-06-20,Frontend Developer,Middle,Екатеринбург,Офис,Стартап (<50),"Git, HTML, JavaScript, React",58000,73000,RUB
101439,2026-06-20,Frontend Developer,Junior,Краснодар,Гибрид,Средняя (250-1000),"CSS, Git, JavaScript, React",34000,43000,RUB
103095,2026-06-20,Backend Developer,Junior,Екатеринбург,Офис,Малая (50-250),"Docker, Git, Java, PostgreSQL, Python, REST API",41000,52000,RUB
105660,2026-06-20,Full-stack Developer,Middle,Москва,Удалённо,Стартап (<50),"Docker, Git, JavaScript",95000,128000,RUB
101516,2026-06-20,QA Engineer,Junior,Нижний Новгород,Удалённо,Малая (50-250),"Git, Manual Testing, Python, SQL, Selenium",30000,35000,RUB
103092,2026-06-20,DevOps Engineer,Middle,Нижний Новгород,Гибрид,Малая (50-250),"CI/CD, Git, Kubernetes",82000,105000,RUB
102247,2026-06-21,Frontend Developer,Junior,Удалённо (Россия),Гибрид,Стартап (<50),"CSS, Git, HTML, JavaScript, React",46000,55000,RUB
102766,2026-06-21,ML Engineer,Middle,Санкт-Петербург,Удалённо,Малая (50-250),"Docker, Git, MLflow, PyTorch",100000,132000,RUB
100326,2026-06-21,Full-stack Developer,Junior,Екатеринбург,Офис,Средняя (250-1000),"Git, JavaScript, Node.js, SQL",46000,53000,RUB
102283,2026-06-21,ML Engineer,Junior,Удалённо (Россия),Гибрид,Средняя (250-1000),"Docker, Git, Kubernetes, MLflow, TensorFlow",80000,103000,RUB
103810,2026-06-21,Product Manager,Senior,Удалённо (Россия),Гибрид,Крупная (1000+),"Agile, Analytics, Confluence, Git, Jira, SQL",176000,207000,RUB
100015,2026-06-21,Backend Developer,Lead,Краснодар,Гибрид,Стартап (<50),"Git, Java, REST API, SQL",129000,163000,RUB
100833,2026-06-21,QA Engineer,Senior,Москва,Гибрид,Крупная (1000+),"Git, Manual Testing, SQL, Selenium",129000,162000,RUB
104502,2026-06-22,Mobile Developer,Middle,Москва,Удалённо,Стартап (<50),"Git, Kotlin, REST API, SQL, Swift",95000,125000,RUB
104341,2026-06-22,Product Manager,Middle,Удалённо (Россия),Гибрид,Стартап (<50),"Agile, Confluence, Git, Jira, SQL",102000,134000,RUB
101543,2026-06-22,Product Manager,Senior,Москва,Удалённо,Средняя (250-1000),"Agile, Analytics, Confluence, Git, Jira, SQL",266000,349000,RUB
102259,2026-06-22,System Analyst,Junior,Удалённо (Россия),Гибрид,Малая (50-250),"BPMN, Confluence, Git, SQL, UML",58000,76000,RUB
103815,2026-06-23,System Analyst,Senior,Удалённо (Россия),Офис,Средняя (250-1000),"BPMN, Git, UML",150000,200000,RUB
105243,2026-06-23,Mobile Developer,Middle,Удалённо (Россия),Гибрид,Стартап (<50),"Git, Kotlin, REST API, SQL, Swift",83000,96000,RUB
102885,2026-06-23,Full-stack Developer,Middle,Екатеринбург,Удалённо,Малая (50-250),"Docker, Git, JavaScript, Node.js, React, SQL",64000,77000,RUB
105322,2026-06-23,QA Engineer,Middle,Санкт-Петербург,Офис,Малая (50-250),"Git, Python, SQL",65000,78000,RUB
102316,2026-06-23,Data Engineer,Junior,Москва,Удалённо,Крупная (1000+),"Airflow, ClickHouse, Docker, Git, Python, SQL, Spark",77000,100000,RUB
105102,2026-06-23,Backend Developer,Middle,Екатеринбург,Офис,Стартап (<50),"Docker, Git, PostgreSQL, Python",67000,86000,RUB
103066,2026-06-23,Data Analyst,Senior,Новосибирск,Гибрид,Стартап (<50),"Excel, Git, Python, SQL, Tableau",73000,90000,RUB
101362,2026-06-23,Full-stack Developer,Senior,Москва,Офис,Стартап (<50),"Git, JavaScript, Node.js, React, SQL",150000,178000,RUB
100111,2026-06-23,Full-stack Developer,Middle,Новосибирск,Удалённо,Малая (50-250),"Docker, Git, JavaScript, Node.js, React",69000,93000,RUB
100815,2026-06-24,Data Engineer,Junior,Екатеринбург,Офис,Крупная (1000+),"Docker, Git, Kafka, Python",49000,63000,RUB
105383,2026-06-24,Frontend Developer,Middle,Удалённо (Россия),Гибрид,Средняя (250-1000),"CSS, Git, HTML, JavaScript, React, TypeScript",99000,118000,RUB
104226,2026-06-24,System Analyst,Middle,Москва,Офис,Стартап (<50),"BPMN, Confluence, Git, Jira, SQL, UML",87000,117000,RUB
101061,2026-06-24,Mobile Developer,Senior,Удалённо (Россия),Гибрид,Стартап (<50),"Git, Kotlin, REST API, SQL, Swift",179000,219000,RUB
102665,2026-06-24,Data Analyst,Junior,Санкт-Петербург,Удалённо,Стартап (<50),"Excel, Git, SQL",43000,51000,RUB
105550,2026-06-24,DevOps Engineer,Junior,Удалённо (Россия),Удалённо,Средняя (250-1000),"AWS, CI/CD, Docker, Git, Kubernetes, Terraform",66000,76000,RUB
102417,2026-06-24,DevOps Engineer,Middle,Москва,Офис,Средняя (250-1000),"AWS, CI/CD, Docker, Git, Linux, Terraform",109000,130000,RUB
100333,2026-06-25,QA Engineer,Junior,Москва,Удалённо,Малая (50-250),"Git, Python, Selenium",44000,52000,RUB
100352,2026-06-25,Frontend Developer,Middle,Москва,Гибрид,Крупная (1000+),"CSS, Git, HTML, React",114000,146000,RUB
100246,2026-06-25,Data Analyst,Senior,Москва,Удалённо,Стартап (<50),"Excel, Git, Power BI, Python, SQL, Tableau",179000,217000,RUB
105681,2026-06-25,DevOps Engineer,Middle,Москва,Удалённо,Средняя (250-1000),"AWS, CI/CD, Git, Kubernetes, Terraform",125000,158000,RUB
101905,2026-06-25,QA Engineer,Middle,Нижний Новгород,Удалённо,Малая (50-250),"Git, Manual Testing, Postman, SQL",45000,60000,RUB
104267,2026-06-25,Product Manager,Senior,Удалённо (Россия),Офис,Крупная (1000+),"Agile, Confluence, Git, Jira, SQL",240000,278000,RUB
103014,2026-06-25,Full-stack Developer,Senior,Москва,Удалённо,Стартап (<50),"Git, Node.js, React",162000,191000,RUB
102734,2026-06-26,Full-stack Developer,Senior,Москва,Удалённо,Крупная (1000+),"Docker, Git, JavaScript, React",244000,303000,RUB
105222,2026-06-26,ML Engineer,Junior,Москва,Офис,Малая (50-250),"Docker, Git, MLflow, PyTorch, Python, TensorFlow",80000,101000,RUB
103764,2026-06-26,Frontend Developer,Middle,Санкт-Петербург,Гибрид,Малая (50-250),"CSS, Git, JavaScript, TypeScript",57000,67000,RUB
101459,2026-06-26,Full-stack Developer,Senior,Санкт-Петербург,Гибрид,Малая (50-250),"Git, JavaScript, Node.js, SQL",178000,230000,RUB
105043,2026-06-26,Full-stack Developer,Senior,Удалённо (Россия),Гибрид,Малая (50-250),"Docker, Git, React, SQL",160000,185000,RUB
103732,2026-06-26,ML Engineer,Senior,Удалённо (Россия),Гибрид,Средняя (250-1000),"Git, Kubernetes, PyTorch, Python, TensorFlow",188000,246000,RUB
100735,2026-06-26,Data Scientist,Junior,Екатеринбург,Офис,Средняя (250-1000),"Docker, Git, SQL, Scikit-learn",43000,56000,RUB
103025,2026-06-26,Data Scientist,Junior,Новосибирск,Офис,Малая (50-250),"Git, Python, SQL, Scikit-learn",44000,57000,RUB
100877,2026-06-27,Backend Developer,Senior,Москва,Офис,Малая (50-250),"Docker, Git, Java, Kubernetes, Python, SQL",156000,186000,RUB
100189,2026-06-27,Frontend Developer,Junior,Санкт-Петербург,Офис,Стартап (<50),"Git, HTML, JavaScript, React, TypeScript",40000,49000,RUB
104801,2026-06-27,Data Engineer,Middle,Казань,Гибрид,Малая (50-250),"ClickHouse, Docker, Git, SQL",68000,83000,RUB
105582,2026-06-27,Frontend Developer,Senior,Екатеринбург,Удалённо,Малая (50-250),"CSS, Git, React, TypeScript",100000,124000,RUB
105922,2026-06-27,Data Engineer,Middle,Удалённо (Россия),Удалённо,Средняя (250-1000),"Git, Kafka, Python",116000,153000,RUB
105130,2026-06-27,Data Engineer,Senior,Москва,Гибрид,Крупная (1000+),"Airflow, ClickHouse, Docker, Git, Kafka, SQL, Spark",231000,279000,RUB
104561,2026-06-27,Data Analyst,Senior,Казань,Удалённо,Крупная (1000+),"Git, Python, SQL, Tableau",120000,151000,RUB
101795,2026-06-27,Backend Developer,Junior,Новосибирск,Удалённо,Малая (50-250),"Docker, Java, Kubernetes, PostgreSQL, REST API",45000,56000,RUB
100519,2026-06-28,Full-stack Developer,Middle,Санкт-Петербург,Офис,Малая (50-250),"Git, React, SQL",105000,129000,RUB
103231,2026-06-28,Backend Developer,Middle,Екатеринбург,Удалённо,Средняя (250-1000),"Docker, Git, REST API, SQL",52000,61000,RUB
102059,2026-06-28,Data Scientist,Lead,Удалённо (Россия),Удалённо,Стартап (<50),"Docker, Git, SQL, Scikit-learn, Statistics",308000,416000,RUB
101868,2026-06-28,Mobile Developer,Junior,Москва,Удалённо,Средняя (250-1000),"Git, Kotlin, Swift",78000,99000,RUB
103367,2026-06-28,Backend Developer,Junior,Москва,Удалённо,Малая (50-250),"Git, Java, Kubernetes, PostgreSQL, Python, REST API",74000,87000,RUB
104972,2026-06-28,QA Engineer,Senior,Нижний Новгород,Гибрид,Крупная (1000+),"Git, Manual Testing, Postman, Python, SQL",88000,111000,RUB
105283,2026-06-29,Backend Developer,Junior,Удалённо (Россия),Гибрид,Средняя (250-1000),"Docker, Git, Java, Kubernetes, PostgreSQL, REST API",67000,90000,RUB
101545,2026-06-29,Data Analyst,Lead,Москва,Офис,Стартап (<50),"Git, Power BI, Python, Tableau",212000,258000,RUB
101583,2026-06-29,ML Engineer,Junior,Удалённо (Россия),Удалённо,Малая (50-250),"Git, PyTorch, TensorFlow",62000,84000,RUB
104234,2026-06-29,Data Analyst,Junior,Удалённо (Россия),Удалённо,Крупная (1000+),"Excel, Git, Power BI",60000,75000,RUB
101679,2026-06-29,DevOps Engineer,Junior,Москва,Офис,Малая (50-250),"AWS, CI/CD, Git, Kubernetes, Linux, Terraform",71000,86000,RUB
104318,2026-06-30,Backend Developer,Middle,Нижний Новгород,Гибрид,Средняя (250-1000),"Git, Java, Python, SQL",79000,96000,RUB
103891,2026-06-30,DevOps Engineer,Middle,Удалённо (Россия),Офис,Малая (50-250),"Docker, Git, Linux, Terraform",115000,133000,RUB
103854,2026-06-30,Data Engineer,Middle,Москва,Офис,Крупная (1000+),"Docker, Git, Python, Spark",122000,146000,RUB
104441,2026-06-30,Mobile Developer,Junior,Удалённо (Россия),Удалённо,Стартап (<50),"Git, REST API, SQL, Swift",62000,78000,RUB
104122,2026-06-30,Data Analyst,Senior,Москва,Гибрид,Средняя (250-1000),"Git, Python, SQL",156000,192000,RUB
102297,2026-07-01,ML Engineer,Junior,Удалённо (Россия),Удалённо,Малая (50-250),"Docker, Git, MLflow, PyTorch",62000,74000,RUB
101274,2026-07-01,QA Engineer,Senior,Москва,Офис,Малая (50-250),"Git, Python, SQL, Selenium",130000,157000,RUB
100139,2026-07-01,DevOps Engineer,Senior,Санкт-Петербург,Офис,Крупная (1000+),"AWS, Docker, Git, Linux, Terraform",191000,242000,RUB
101409,2026-07-01,Product Manager,Middle,Москва,Офис,Крупная (1000+),"Agile, Analytics, Confluence, Git, Jira, SQL",100000,129000,RUB
100255,2026-07-01,QA Engineer,Junior,Удалённо (Россия),Удалённо,Крупная (1000+),"Git, Manual Testing, Postman, Python, SQL, Selenium",51000,68000,RUB
102946,2026-07-02,Full-stack Developer,Junior,Удалённо (Россия),Гибрид,Крупная (1000+),"Docker, Git, React, SQL",58000,74000,RUB
102569,2026-07-02,Full-stack Developer,Junior,Нижний Новгород,Офис,Средняя (250-1000),"Docker, Git, JavaScript, React",35000,46000,RUB
105030,2026-07-02,Backend Developer,Middle,Казань,Удалённо,Средняя (250-1000),"Docker, Git, Java, Kubernetes, PostgreSQL, Python, REST API",63000,75000,RUB
101528,2026-07-02,System Analyst,Junior,Нижний Новгород,Офис,Средняя (250-1000),"BPMN, Git, SQL",30000,35000,RUB
102590,2026-07-02,Product Manager,Middle,Москва,Гибрид,Малая (50-250),"Agile, Analytics, Confluence, Git, Jira, SQL",91000,119000,RUB
104197,2026-07-03,QA Engineer,Middle,Екатеринбург,Гибрид,Малая (50-250),"Git, Manual Testing, Postman, Python, SQL, Selenium",52000,66000,RUB
104618,2026-07-03,Data Analyst,Middle,Новосибирск,Гибрид,Малая (50-250),"Excel, Git, Power BI, SQL, Tableau",58000,75000,RUB
104477,2026-07-03,Product Manager,Senior,Москва,Удалённо,Средняя (250-1000),"Git, Jira, SQL",232000,269000,RUB
102999,2026-07-03,System Analyst,Junior,Удалённо (Россия),Гибрид,Крупная (1000+),"BPMN, Confluence, Git, Jira, SQL, UML",56000,65000,RUB
105400,2026-07-03,Mobile Developer,Senior,Удалённо (Россия),Офис,Малая (50-250),"Git, REST API, SQL",160000,192000,RUB
103544,2026-07-03,Backend Developer,Junior,Удалённо (Россия),Офис,Средняя (250-1000),"Docker, Git, Kubernetes, PostgreSQL, Python",52000,68000,RUB
100716,2026-07-03,System Analyst,Senior,Санкт-Петербург,Удалённо,Малая (50-250),"BPMN, Confluence, Git, Jira, SQL, UML",136000,167000,RUB
105379,2026-07-03,Backend Developer,Lead,Удалённо (Россия),Офис,Крупная (1000+),"Git, Kubernetes, PostgreSQL, SQL",289000,365000,RUB
105666,2026-07-04,Frontend Developer,Middle,Удалённо (Россия),Офис,Средняя (250-1000),"CSS, Git, JavaScript, TypeScript",75000,98000,RUB
101880,2026-07-04,Frontend Developer,Senior,Москва,Удалённо,Малая (50-250),"CSS, Git, JavaScript, React, TypeScript",166000,203000,RUB
105134,2026-07-04,Data Scientist,Junior,Москва,Офис,Средняя (250-1000),"Docker, Git, Scikit-learn",75000,88000,RUB
100190,2026-07-04,DevOps Engineer,Junior,Удалённо (Россия),Удалённо,Крупная (1000+),"CI/CD, Docker, Git, Kubernetes, Linux, Terraform",69000,84000,RUB
105597,2026-07-04,Data Analyst,Junior,Екатеринбург,Гибрид,Средняя (250-1000),"Excel, Git, Power BI, Python, SQL, Tableau",45000,53000,RUB
101171,2026-07-04,DevOps Engineer,Middle,Удалённо (Россия),Удалённо,Стартап (<50),"AWS, CI/CD, Docker, Kubernetes, Linux, Terraform",134000,169000,RUB
100077,2026-07-04,Full-stack Developer,Middle,Нижний Новгород,Удалённо,Малая (50-250),"Docker, Git, Node.js",69000,80000,RUB
103847,2026-07-04,Product Manager,Middle,Краснодар,Гибрид,Малая (50-250),"Agile, Analytics, Confluence, Git, Jira, SQL",61000,74000,RUB
101293,2026-07-05,Data Engineer,Junior,Удалённо (Россия),Удалённо,Стартап (<50),"Docker, Git, Kafka, Python, SQL, Spark",36000,42000,RUB
100575,2026-07-05,Frontend Developer,Middle,Удалённо (Россия),Гибрид,Средняя (250-1000),"CSS, Git, HTML, JavaScript, React, TypeScript",115000,152000,RUB
103504,2026-07-05,Backend Developer,Junior,Москва,Удалённо,Малая (50-250),"Git, Java, PostgreSQL, REST API",68000,82000,RUB
102919,2026-07-05,Full-stack Developer,Middle,Москва,Гибрид,Средняя (250-1000),"Docker, Git, JavaScript, Node.js, React, SQL",120000,144000,RUB
103917,2026-07-05,ML Engineer,Junior,Москва,Офис,Стартап (<50),"Docker, Git, Kubernetes, MLflow, PyTorch, Python",75000,99000,RUB
101242,2026-07-05,Data Engineer,Senior,Москва,Удалённо,Стартап (<50),"ClickHouse, Git, Kafka, Python",202000,242000,RUB
101916,2026-07-05,System Analyst,Senior,Удалённо (Россия),Гибрид,Средняя (250-1000),"BPMN, Confluence, Git, SQL",152000,179000,RUB
105794,2026-07-05,Frontend Developer,Middle,Москва,Офис,Крупная (1000+),"Git, HTML, React, TypeScript",118000,150000,RUB
104457,2026-07-06,Mobile Developer,Senior,Москва,Офис,Стартап (<50),"Git, Kotlin, REST API, Swift",152000,199000,RUB
104158,2026-07-06,Data Scientist,Middle,Нижний Новгород,Гибрид,Малая (50-250),"Git, Pandas, PyTorch, Python, SQL",74000,95000,RUB
104778,2026-07-06,System Analyst,Junior,Казань,Гибрид,Крупная (1000+),"BPMN, Confluence, Git, SQL",41000,48000,RUB
100120,2026-07-06,Data Analyst,Senior,Москва,Офис,Крупная (1000+),"Excel, Git, Power BI, Python, SQL, Tableau",174000,215000,RUB
103951,2026-07-06,Backend Developer,Junior,Нижний Новгород,Офис,Стартап (<50),"Git, PostgreSQL, REST API, SQL",30000,38000,RUB
102455,2026-07-07,Data Engineer,Middle,Удалённо (Россия),Удалённо,Малая (50-250),"Airflow, Git, Python",110000,130000,RUB
100805,2026-07-07,Data Engineer,Lead,Нижний Новгород,Удалённо,Стартап (<50),"Airflow, ClickHouse, Git, Python, SQL",129000,168000,RUB
104892,2026-07-07,ML Engineer,Middle,Краснодар,Офис,Крупная (1000+),"Git, Kubernetes, MLflow, PyTorch, Python, TensorFlow",72000,86000,RUB
103396,2026-07-07,QA Engineer,Junior,Москва,Офис,Стартап (<50),"Git, Manual Testing, Postman, Python, SQL, Selenium",37000,49000,RUB
102687,2026-07-07,Data Engineer,Junior,Санкт-Петербург,Удалённо,Крупная (1000+),"Airflow, Docker, Git, Kafka, Spark",75000,100000,RUB
104948,2026-07-07,Data Analyst,Senior,Москва,Гибрид,Средняя (250-1000),"Git, Python, SQL, Tableau",172000,212000,RUB
102695,2026-07-07,Full-stack Developer,Senior,Екатеринбург,Гибрид,Стартап (<50),"Docker, Git, JavaScript, Node.js, SQL",86000,99000,RUB
101726,2026-07-07,Full-stack Developer,Junior,Москва,Удалённо,Малая (50-250),"Docker, Git, JavaScript, Node.js, React",54000,63000,RUB
100196,2026-07-07,System Analyst,Junior,Москва,Гибрид,Стартап (<50),"BPMN, Confluence, Git, Jira, SQL, UML",49000,58000,RUB
102218,2026-07-07,Data Engineer,Middle,Москва,Удалённо,Крупная (1000+),"Airflow, ClickHouse, Git, Kafka, Spark",152000,195000,RUB
102463,2026-07-07,Backend Developer,Middle,Казань,Гибрид,Средняя (250-1000),"Git, Python, REST API, SQL",63000,81000,RUB
102932,2026-07-08,DevOps Engineer,Junior,Москва,Офис,Средняя (250-1000),"CI/CD, Git, Linux, Terraform",52000,63000,RUB
103379,2026-07-08,QA Engineer,Junior,Краснодар,Гибрид,Стартап (<50),"Git, Manual Testing, Postman, SQL, Selenium",30000,36000,RUB
104309,2026-07-08,Data Scientist,Middle,Москва,Гибрид,Стартап (<50),"Docker, Git, Pandas, Python, SQL, Scikit-learn",123000,158000,RUB
103788,2026-07-08,QA Engineer,Middle,Санкт-Петербург,Гибрид,Малая (50-250),"Git, Manual Testing, Postman, Python, SQL, Selenium",62000,77000,RUB
104471,2026-07-09,Backend Developer,Senior,Санкт-Петербург,Гибрид,Малая (50-250),"Git, Java, PostgreSQL, Python, REST API, SQL",139000,180000,RUB
102443,2026-07-09,Product Manager,Middle,Москва,Удалённо,Малая (50-250),"Agile, Confluence, Git, SQL",125000,161000,RUB
104292,2026-07-09,Product Manager,Junior,Москва,Удалённо,Стартап (<50),"Agile, Analytics, Confluence, Git, Jira, SQL",66000,84000,RUB
100968,2026-07-09,Data Analyst,Junior,Москва,Гибрид,Средняя (250-1000),"Excel, Git, Power BI, Python, SQL, Tableau",55000,65000,RUB
100406,2026-07-09,Data Analyst,Junior,Удалённо (Россия),Гибрид,Средняя (250-1000),"Excel, Git, SQL, Tableau",55000,70000,RUB
101166,2026-07-10,Data Analyst,Middle,Санкт-Петербург,Гибрид,Крупная (1000+),"Excel, Git, Python, SQL, Tableau",112000,139000,RUB
105933,2026-07-10,Frontend Developer,Middle,Санкт-Петербург,Офис,Стартап (<50),"CSS, Git, JavaScript, React, TypeScript",77000,100000,RUB
101484,2026-07-10,Data Analyst,Middle,Удалённо (Россия),Офис,Малая (50-250),"Git, Power BI, SQL, Tableau",85000,109000,RUB
102681,2026-07-10,Full-stack Developer,Junior,Москва,Удалённо,Стартап (<50),"Git, Node.js, React, SQL",48000,56000,RUB
100597,2026-07-11,Full-stack Developer,Lead,Санкт-Петербург,Офис,Малая (50-250),"Docker, Git, Node.js, SQL",241000,298000,RUB
103420,2026-07-11,Frontend Developer,Middle,Нижний Новгород,Офис,Малая (50-250),"CSS, Git, React",64000,78000,RUB
105941,2026-07-11,Frontend Developer,Middle,Екатеринбург,Офис,Малая (50-250),"CSS, Git, HTML, JavaScript, React",44000,57000,RUB
101963,2026-07-11,Backend Developer,Middle,Нижний Новгород,Гибрид,Стартап (<50),"Git, Java, Kubernetes, REST API, SQL",77000,96000,RUB
101500,2026-07-11,Data Engineer,Senior,Новосибирск,Удалённо,Малая (50-250),"Docker, Git, Kafka, Python, SQL",157000,211000,RUB
105170,2026-07-11,ML Engineer,Junior,Москва,Офис,Крупная (1000+),"Docker, Git, MLflow, Python, TensorFlow",84000,109000,RUB
100418,2026-07-11,Full-stack Developer,Senior,Санкт-Петербург,Удалённо,Малая (50-250),"Docker, Git, Node.js",138000,175000,RUB
100544,2026-07-12,QA Engineer,Middle,Санкт-Петербург,Офис,Крупная (1000+),"Git, Manual Testing, Postman, Python, SQL, Selenium",78000,100000,RUB
105458,2026-07-12,Product Manager,Middle,Казань,Удалённо,Средняя (250-1000),"Agile, Analytics, Confluence, Git, Jira, SQL",86000,109000,RUB
103662,2026-07-12,QA Engineer,Middle,Нижний Новгород,Удалённо,Средняя (250-1000),"Git, Python, SQL, Selenium",52000,69000,RUB
100558,2026-07-12,Data Analyst,Junior,Москва,Удалённо,Крупная (1000+),"Excel, Git, Power BI, Python, SQL, Tableau",60000,75000,RUB
100398,2026-07-12,System Analyst,Senior,Екатеринбург,Офис,Средняя (250-1000),"BPMN, Confluence, Git, Jira, SQL, UML",108000,130000,RUB
102780,2026-07-12,Mobile Developer,Junior,Москва,Гибрид,Стартап (<50),"Git, Kotlin, REST API, SQL, Swift",48000,62000,RUB
105595,2026-07-13,Data Analyst,Middle,Санкт-Петербург,Гибрид,Средняя (250-1000),"Git, Python, SQL, Tableau",94000,126000,RUB
103844,2026-07-13,Mobile Developer,Junior,Нижний Новгород,Гибрид,Средняя (250-1000),"Git, Kotlin, REST API, Swift",32000,39000,RUB
101786,2026-07-14,DevOps Engineer,Senior,Санкт-Петербург,Гибрид,Стартап (<50),"AWS, CI/CD, Git, Kubernetes, Linux, Terraform",171000,207000,RUB
104963,2026-07-14,Product Manager,Junior,Екатеринбург,Гибрид,Средняя (250-1000),"Agile, Analytics, Confluence, Git, SQL",52000,65000,RUB
104204,2026-07-14,Full-stack Developer,Middle,Удалённо (Россия),Удалённо,Средняя (250-1000),"Git, JavaScript, React, SQL",115000,148000,RUB
102901,2026-07-14,Full-stack Developer,Junior,Екатеринбург,Гибрид,Малая (50-250),"Git, JavaScript, Node.js, React, SQL",40000,54000,RUB
105425,2026-07-14,DevOps Engineer,Middle,Удалённо (Россия),Гибрид,Средняя (250-1000),"AWS, CI/CD, Docker, Git, Linux, Terraform",114000,140000,RUB
103440,2026-07-14,Backend Developer,Junior,Санкт-Петербург,Удалённо,Крупная (1000+),"Docker, Git, Java, Kubernetes, PostgreSQL, Python",59000,75000,RUB
100191,2026-07-14,Data Scientist,Middle,Новосибирск,Гибрид,Малая (50-250),"Docker, Git, Pandas, Python, Scikit-learn, Statistics",75000,94000,RUB
104012,2026-07-14,DevOps Engineer,Senior,Москва,Гибрид,Малая (50-250),"Docker, Git, Kubernetes, Linux",188000,240000,RUB
100377,2026-07-15,QA Engineer,Middle,Санкт-Петербург,Офис,Стартап (<50),"Git, Postman, SQL, Selenium",63000,73000,RUB
104054,2026-07-15,Mobile Developer,Junior,Москва,Офис,Малая (50-250),"Git, Kotlin, REST API, SQL, Swift",50000,64000,RUB
103391,2026-07-15,Mobile Developer,Middle,Санкт-Петербург,Удалённо,Средняя (250-1000),"Git, Kotlin, REST API, SQL, Swift",94000,109000,RUB
103388,2026-07-15,QA Engineer,Middle,Удалённо (Россия),Гибрид,Средняя (250-1000),"Manual Testing, Python, SQL, Selenium",72000,92000,RUB
101046,2026-07-15,Data Analyst,Junior,Санкт-Петербург,Гибрид,Крупная (1000+),"Excel, Git, Power BI, SQL",55000,65000,RUB
102557,2026-07-15,Full-stack Developer,Lead,Санкт-Петербург,Удалённо,Малая (50-250),"Docker, Git, JavaScript, React, SQL",200000,231000,RUB
100026,2026-07-15,ML Engineer,Middle,Москва,Офис,Средняя (250-1000),"Docker, Git, Python",99000,129000,RUB
103159,2026-07-16,Product Manager,Senior,Казань,Гибрид,Крупная (1000+),"Agile, Analytics, Git, Jira, SQL",179000,227000,RUB
104200,2026-07-16,Data Analyst,Middle,Санкт-Петербург,Гибрид,Средняя (250-1000),"Excel, Git, Power BI, Python, Tableau",84000,106000,RUB
100859,2026-07-16,Backend Developer,Middle,Екатеринбург,Гибрид,Стартап (<50),"Docker, Git, PostgreSQL, SQL",72000,85000,RUB
102407,2026-07-16,Frontend Developer,Middle,Удалённо (Россия),Гибрид,Стартап (<50),"Git, React, TypeScript",92000,119000,RUB
105682,2026-07-16,Data Engineer,Middle,Москва,Офис,Средняя (250-1000),"ClickHouse, Docker, Git, Python, Spark",104000,120000,RUB
102821,2026-07-16,Data Analyst,Senior,Удалённо (Россия),Офис,Средняя (250-1000),"Excel, Git, Power BI, SQL, Tableau",144000,184000,RUB
101488,2026-07-16,Data Analyst,Lead,Москва,Гибрид,Средняя (250-1000),"Excel, Git, Power BI, Python, Tableau",266000,318000,RUB
100144,2026-07-16,Data Engineer,Middle,Москва,Удалённо,Средняя (250-1000),"Airflow, ClickHouse, Docker, Git, Kafka, SQL, Spark",122000,151000,RUB
105314,2026-07-17,DevOps Engineer,Junior,Санкт-Петербург,Гибрид,Малая (50-250),"Docker, Git, Kubernetes, Linux, Terraform",63000,83000,RUB
105913,2026-07-17,Full-stack Developer,Senior,Удалённо (Россия),Офис,Малая (50-250),"Docker, Git, JavaScript, React",183000,234000,RUB
105645,2026-07-17,QA Engineer,Junior,Новосибирск,Удалённо,Малая (50-250),"Git, Manual Testing, Postman, Python, SQL, Selenium",30000,39000,RUB
101903,2026-07-17,Mobile Developer,Junior,Казань,Офис,Стартап (<50),"Git, Kotlin, REST API, SQL, Swift",30000,40000,RUB
102763,2026-07-17,Data Analyst,Lead,Санкт-Петербург,Удалённо,Средняя (250-1000),"Excel, Python, Tableau",216000,289000,RUB
105778,2026-07-17,QA Engineer,Senior,Москва,Удалённо,Стартап (<50),"Git, Postman, Selenium",124000,155000,RUB
105623,2026-07-17,Mobile Developer,Middle,Удалённо (Россия),Удалённо,Малая (50-250),"Git, Kotlin, REST API, SQL, Swift",121000,159000,RUB
100427,2026-07-17,Mobile Developer,Middle,Санкт-Петербург,Гибрид,Малая (50-250),"Git, REST API, SQL",75000,86000,RUB
101114,2026-07-17,Full-stack Developer,Junior,Москва,Удалённо,Стартап (<50),"Git, JavaScript, Node.js, React, SQL",54000,63000,RUB
105502,2026-07-18,Data Scientist,Junior,Москва,Гибрид,Малая (50-250),"Git, Pandas, Python, Scikit-learn",63000,82000,RUB
101962,2026-07-18,Backend Developer,Junior,Санкт-Петербург,Гибрид,Стартап (<50),"Git, Kubernetes, PostgreSQL, Python, REST API, SQL",31000,40000,RUB
104365,2026-07-18,ML Engineer,Middle,Москва,Офис,Малая (50-250),"Docker, Git, MLflow, PyTorch, Python, TensorFlow",144000,178000,RUB
101246,2026-07-18,Data Analyst,Senior,Москва,Гибрид,Средняя (250-1000),"Git, Power BI, Python, SQL, Tableau",159000,187000,RUB
101361,2026-07-18,Full-stack Developer,Junior,Казань,Удалённо,Стартап (<50),"Docker, Git, JavaScript, Node.js, React, SQL",33000,44000,RUB
100400,2026-07-18,Backend Developer,Middle,Москва,Удалённо,Малая (50-250),"Docker, Git, Java",133000,162000,RUB
102520,2026-07-18,Mobile Developer,Junior,Москва,Офис,Средняя (250-1000),"Git, Kotlin, REST API",59000,78000,RUB
102232,2026-07-18,DevOps Engineer,Senior,Удалённо (Россия),Удалённо,Малая (50-250),"AWS, CI/CD, Git, Kubernetes, Terraform",149000,198000,RUB
101372,2026-07-19,Data Scientist,Senior,Санкт-Петербург,Удалённо,Малая (50-250),"Git, PyTorch, Python, Scikit-learn",227000,285000,RUB
104329,2026-07-19,Mobile Developer,Middle,Санкт-Петербург,Удалённо,Малая (50-250),"Git, SQL, Swift",73000,90000,RUB
104347,2026-07-19,Mobile Developer,Lead,Санкт-Петербург,Удалённо,Средняя (250-1000),"Git, Kotlin, REST API, SQL, Swift",202000,234000,RUB
104886,2026-07-19,QA Engineer,Middle,Новосибирск,Удалённо,Крупная (1000+),"Git, Manual Testing, Python, SQL, Selenium",52000,62000,RUB
103188,2026-07-19,Frontend Developer,Middle,Екатеринбург,Гибрид,Крупная (1000+),"CSS, Git, TypeScript",76000,99000,RUB
100675,2026-07-19,Backend Developer,Lead,Москва,Удалённо,Крупная (1000+),"Docker, Git, Kubernetes, Python, REST API, SQL",310000,405000,RUB
101306,2026-07-20,Frontend Developer,Middle,Новосибирск,Удалённо,Крупная (1000+),"CSS, Git, HTML, React, TypeScript",91000,113000,RUB
100567,2026-07-20,DevOps Engineer,Junior,Новосибирск,Гибрид,Средняя (250-1000),"AWS, CI/CD, Docker, Git, Kubernetes, Linux, Terraform",40000,48000,RUB
100121,2026-07-20,Data Analyst,Senior,Краснодар,Гибрид,Крупная (1000+),"Excel, Git, Power BI, Python, SQL, Tableau",99000,115000,RUB
100886,2026-07-20,Mobile Developer,Middle,Удалённо (Россия),Удалённо,Средняя (250-1000),"Git, Kotlin, REST API, SQL",114000,134000,RUB
100106,2026-07-20,Mobile Developer,Senior,Удалённо (Россия),Удалённо,Стартап (<50),"Git, Kotlin, REST API, SQL, Swift",186000,231000,RUB
101806,2026-07-20,DevOps Engineer,Junior,Москва,Гибрид,Средняя (250-1000),"AWS, CI/CD, Git, Terraform",67000,80000,RUB
105393,2026-07-20,Mobile Developer,Junior,Екатеринбург,Гибрид,Крупная (1000+),"Git, Kotlin, REST API, SQL, Swift",47000,60000,RUB
101451,2026-07-20,Data Engineer,Senior,Нижний Новгород,Гибрид,Крупная (1000+),"ClickHouse, Docker, Git, Kafka, Python, SQL, Spark",127000,161000,RUB
102016,2026-07-21,Backend Developer,Senior,Нижний Новгород,Удалённо,Средняя (250-1000),"Docker, Git, Kubernetes, Python, SQL",122000,156000,RUB
102273,2026-07-21,Data Analyst,Senior,Москва,Гибрид,Средняя (250-1000),"Excel, Git, SQL, Tableau",148000,189000,RUB
105528,2026-07-21,Data Analyst,Middle,Санкт-Петербург,Удалённо,Малая (50-250),"Git, Power BI, Python, SQL, Tableau",83000,99000,RUB
102605,2026-07-21,Backend Developer,Junior,Удалённо (Россия),Удалённо,Средняя (250-1000),"Git, Java, PostgreSQL, Python, REST API",65000,76000,RUB
105510,2026-07-22,Data Scientist,Middle,Санкт-Петербург,Удалённо,Стартап (<50),"Docker, Git, PyTorch, Scikit-learn",95000,117000,RUB
103823,2026-07-22,Mobile Developer,Junior,Краснодар,Офис,Малая (50-250),"Git, Kotlin, SQL, Swift",34000,40000,RUB
100018,2026-07-22,Frontend Developer,Junior,Удалённо (Россия),Офис,Крупная (1000+),"Git, HTML, React, TypeScript",50000,61000,RUB
105879,2026-07-22,Mobile Developer,Junior,Удалённо (Россия),Офис,Средняя (250-1000),"Git, Kotlin, REST API, SQL, Swift",52000,69000,RUB
104092,2026-07-22,QA Engineer,Junior,Москва,Удалённо,Малая (50-250),"Git, Manual Testing, Python, SQL, Selenium",51000,59000,RUB
105488,2026-07-22,Data Engineer,Junior,Санкт-Петербург,Офис,Крупная (1000+),"ClickHouse, Git, Kafka, Python, Spark",65000,86000,RUB
101264,2026-07-22,DevOps Engineer,Middle,Удалённо (Россия),Офис,Средняя (250-1000),"AWS, CI/CD, Docker, Git, Linux, Terraform",138000,176000,RUB
102138,2026-07-22,Backend Developer,Junior,Москва,Гибрид,Крупная (1000+),"Docker, Git, Java, PostgreSQL, SQL",87000,110000,RUB
102141,2026-07-22,Data Engineer,Senior,Удалённо (Россия),Гибрид,Средняя (250-1000),"Docker, Git, Kafka, Spark",196000,264000,RUB
100938,2026-07-22,Data Analyst,Middle,Москва,Гибрид,Стартап (<50),"Excel, Git, Power BI, Python, SQL, Tableau",95000,111000,RUB
101830,2026-07-22,Full-stack Developer,Lead,Нижний Новгород,Гибрид,Крупная (1000+),"Docker, Git, JavaScript, React, SQL",170000,206000,RUB
103353,2026-07-23,DevOps Engineer,Middle,Санкт-Петербург,Офис,Стартап (<50),"Docker, Git, Terraform",98000,121000,RUB
105959,2026-07-23,Frontend Developer,Junior,Москва,Гибрид,Малая (50-250),"Git, HTML, JavaScript, React, TypeScript",56000,72000,RUB
104136,2026-07-23,Product Manager,Junior,Москва,Удалённо,Малая (50-250),"Agile, Analytics, Confluence, Git, SQL",69000,87000,RUB
103887,2026-07-23,Backend Developer,Junior,Удалённо (Россия),Офис,Стартап (<50),"Docker, PostgreSQL, Python, SQL",54000,70000,RUB
101259,2026-07-23,Full-stack Developer,Senior,Удалённо (Россия),Гибрид,Крупная (1000+),"Git, JavaScript, React, SQL",200000,268000,RUB
102163,2026-07-24,Mobile Developer,Junior,Новосибирск,Офис,Средняя (250-1000),"Git, Kotlin, SQL, Swift",45000,55000,RUB
103654,2026-07-24,Backend Developer,Junior,Москва,Удалённо,Малая (50-250),"Docker, Git, Java, Python, SQL",50000,58000,RUB
104391,2026-07-24,QA Engineer,Middle,Москва,Гибрид,Крупная (1000+),"Git, Manual Testing, Postman, Python, SQL, Selenium",84000,111000,RUB
101978,2026-07-24,Data Analyst,Junior,Удалённо (Россия),Офис,Крупная (1000+),"Excel, Git, SQL, Tableau",47000,59000,RUB
101608,2026-07-24,Data Analyst,Middle,Удалённо (Россия),Удалённо,Малая (50-250),"Excel, Git, Power BI, SQL, Tableau",102000,118000,RUB
105118,2026-07-24,Backend Developer,Junior,Москва,Офис,Малая (50-250),"Docker, Git, Java, PostgreSQL, SQL",59000,71000,RUB
105235,2026-07-25,Mobile Developer,Senior,Санкт-Петербург,Офис,Крупная (1000+),"Git, Kotlin, REST API, SQL",138000,176000,RUB
101370,2026-07-25,Mobile Developer,Junior,Нижний Новгород,Офис,Малая (50-250),"Git, Kotlin, REST API, SQL, Swift",32000,43000,RUB
101979,2026-07-25,Backend Developer,Middle,Екатеринбург,Удалённо,Средняя (250-1000),"Docker, Git, Java, REST API, SQL",88000,108000,RUB
103378,2026-07-25,Data Analyst,Middle,Удалённо (Россия),Удалённо,Крупная (1000+),"Excel, Git, Python, SQL, Tableau",90000,106000,RUB
104317,2026-07-26,Data Scientist,Senior,Краснодар,Удалённо,Средняя (250-1000),"Git, PyTorch, Python, SQL, Scikit-learn, Statistics",141000,170000,RUB
102668,2026-07-26,Data Engineer,Junior,Нижний Новгород,Удалённо,Крупная (1000+),"Airflow, Git, SQL, Spark",44000,53000,RUB
103591,2026-07-26,Full-stack Developer,Senior,Нижний Новгород,Офис,Стартап (<50),"Docker, Git, Node.js, SQL",90000,106000,RUB
102651,2026-07-26,Data Engineer,Lead,Санкт-Петербург,Удалённо,Стартап (<50),"Git, Kafka, Python, Spark",210000,276000,RUB
103073,2026-07-26,Data Scientist,Senior,Нижний Новгород,Гибрид,Малая (50-250),"Git, PyTorch, SQL, Statistics",99000,118000,RUB
100454,2026-07-26,DevOps Engineer,Senior,Удалённо (Россия),Удалённо,Средняя (250-1000),"AWS, CI/CD, Docker, Git, Linux, Terraform",259000,349000,RUB
103762,2026-07-26,Data Analyst,Junior,Екатеринбург,Гибрид,Крупная (1000+),"Excel, Git, Power BI, Python, SQL, Tableau",39000,49000,RUB
105363,2026-07-27,System Analyst,Lead,Москва,Гибрид,Средняя (250-1000),"BPMN, Confluence, Git, Jira, UML",252000,336000,RUB
101371,2026-07-27,System Analyst,Junior,Москва,Удалённо,Средняя (250-1000),"BPMN, Confluence, SQL, UML",64000,74000,RUB
100156,2026-07-27,Frontend Developer,Senior,Москва,Гибрид,Малая (50-250),"CSS, Git, HTML, JavaScript, React, TypeScript",149000,191000,RUB
100107,2026-07-27,Backend Developer,Middle,Санкт-Петербург,Офис,Стартап (<50),"Docker, Git, Java, Kubernetes, PostgreSQL, SQL",71000,85000,RUB
105277,2026-07-27,Mobile Developer,Junior,Краснодар,Удалённо,Средняя (250-1000),"Git, Kotlin, REST API, Swift",43000,57000,RUB
103828,2026-07-27,Full-stack Developer,Lead,Удалённо (Россия),Офис,Крупная (1000+),"Docker, Git, JavaScript, Node.js, React, SQL",245000,304000,RUB
105035,2026-07-27,Data Analyst,Senior,Москва,Удалённо,Крупная (1000+),"Excel, Git, Power BI, Python, SQL, Tableau",167000,217000,RUB
100245,2026-07-27,Data Scientist,Junior,Удалённо (Россия),Офис,Средняя (250-1000),"Docker, Git, Python",59000,72000,RUB
105771,2026-07-28,QA Engineer,Junior,Удалённо (Россия),Удалённо,Средняя (250-1000),"Git, Manual Testing, Python, SQL",51000,67000,RUB
102331,2026-07-28,Backend Developer,Senior,Санкт-Петербург,Удалённо,Средняя (250-1000),"Git, Java, PostgreSQL, Python, REST API, SQL",168000,194000,RUB
105880,2026-07-29,Frontend Developer,Middle,Москва,Гибрид,Крупная (1000+),"CSS, Git, JavaScript, React, TypeScript",129000,154000,RUB
104925,2026-07-29,Backend Developer,Senior,Москва,Удалённо,Крупная (1000+),"Docker, Git, Java, PostgreSQL, REST API, SQL",235000,291000,RUB
103522,2026-07-29,Full-stack Developer,Senior,Казань,Удалённо,Средняя (250-1000),"Docker, Git, JavaScript, SQL",120000,152000,RUB
100609,2026-07-29,Frontend Developer,Lead,Москва,Гибрид,Малая (50-250),"Git, React, TypeScript",209000,282000,RUB
101713,2026-07-29,Full-stack Developer,Middle,Казань,Офис,Малая (50-250),"Docker, Node.js, React, SQL",66000,88000,RUB
100538,2026-07-30,Frontend Developer,Lead,Москва,Удалённо,Малая (50-250),"CSS, Git, HTML, JavaScript, React, TypeScript",210000,259000,RUB
102191,2026-07-30,Product Manager,Senior,Санкт-Петербург,Удалённо,Средняя (250-1000),"Agile, Analytics, Confluence, Git, Jira",191000,225000,RUB
105103,2026-07-30,Data Scientist,Junior,Москва,Удалённо,Крупная (1000+),"Docker, Git, PyTorch, Python, Scikit-learn, Statistics",94000,126000,RUB
105176,2026-07-30,Full-stack Developer,Senior,Москва,Офис,Малая (50-250),"Docker, Git, JavaScript, Node.js, React, SQL",183000,213000,RUB
105037,2026-07-30,ML Engineer,Senior,Москва,Гибрид,Малая (50-250),"Docker, Git, Kubernetes, MLflow, PyTorch, Python",213000,286000,RUB
105324,2026-07-30,Data Analyst,Middle,Краснодар,Удалённо,Малая (50-250),"Excel, Git, SQL, Tableau",49000,58000,RUB
103572,2026-07-31,System Analyst,Middle,Москва,Гибрид,Стартап (<50),"BPMN, Confluence, Git, Jira, UML",85000,100000,RUB
101862,2026-07-31,Product Manager,Senior,Москва,Офис,Малая (50-250),"Agile, Git, Jira",203000,255000,RUB
104625,2026-07-31,Backend Developer,Junior,Москва,Удалённо,Крупная (1000+),"Docker, Git, Java, PostgreSQL, Python, SQL",70000,93000,RUB
103690,2026-08-01,Mobile Developer,Middle,Нижний Новгород,Удалённо,Стартап (<50),"Git, Kotlin, REST API, SQL, Swift",68000,86000,RUB
102565,2026-08-01,DevOps Engineer,Junior,Нижний Новгород,Офис,Средняя (250-1000),"AWS, Docker, Git, Kubernetes, Linux, Terraform",37000,43000,RUB
100182,2026-08-01,Frontend Developer,Middle,Новосибирск,Офис,Стартап (<50),"CSS, Git, HTML, JavaScript, TypeScript",75000,97000,RUB
100512,2026-08-01,Backend Developer,Middle,Нижний Новгород,Гибрид,Средняя (250-1000),"Docker, Git, Kubernetes, PostgreSQL, Python",71000,88000,RUB
102304,2026-08-01,Full-stack Developer,Middle,Удалённо (Россия),Гибрид,Средняя (250-1000),"Git, JavaScript, Node.js, React, SQL",75000,94000,RUB
103041,2026-08-01,Backend Developer,Middle,Санкт-Петербург,Офис,Средняя (250-1000),"Docker, Git, Python, REST API",97000,127000,RUB
102795,2026-08-01,Frontend Developer,Junior,Екатеринбург,Офис,Малая (50-250),"CSS, Git, HTML, JavaScript, React, TypeScript",33000,43000,RUB
102406,2026-08-01,System Analyst,Middle,Удалённо (Россия),Гибрид,Малая (50-250),"BPMN, Git, Jira, SQL, UML",93000,113000,RUB
105542,2026-08-02,Data Scientist,Middle,Санкт-Петербург,Удалённо,Малая (50-250),"Docker, Git, Python, SQL",97000,123000,RUB
104927,2026-08-02,Frontend Developer,Middle,Москва,Офис,Малая (50-250),"CSS, Git, JavaScript, React, TypeScript",86000,100000,RUB
102745,2026-08-02,DevOps Engineer,Middle,Удалённо (Россия),Офис,Малая (50-250),"CI/CD, Docker, Git, Linux, Terraform",111000,141000,RUB
101069,2026-08-03,Frontend Developer,Senior,Удалённо (Россия),Удалённо,Средняя (250-1000),"CSS, Git, HTML, JavaScript, React, TypeScript",187000,243000,RUB
100887,2026-08-03,Backend Developer,Senior,Краснодар,Офис,Средняя (250-1000),"Docker, Git, Java, Kubernetes, REST API, SQL",113000,132000,RUB
104105,2026-08-03,Backend Developer,Middle,Нижний Новгород,Офис,Средняя (250-1000),"Git, Java, Kubernetes, PostgreSQL, Python, SQL",50000,57000,RUB
105412,2026-08-03,Frontend Developer,Middle,Москва,Гибрид,Средняя (250-1000),"CSS, Git, HTML, React",84000,110000,RUB
101058,2026-08-03,Frontend Developer,Lead,Удалённо (Россия),Удалённо,Малая (50-250),"CSS, Git, HTML, JavaScript, React, TypeScript",210000,265000,RUB
102552,2026-08-03,Full-stack Developer,Senior,Санкт-Петербург,Гибрид,Крупная (1000+),"Docker, Git, Node.js, React, SQL",151000,176000,RUB
104932,2026-08-04,Product Manager,Middle,Краснодар,Удалённо,Средняя (250-1000),"Agile, Analytics, Confluence, Git, Jira, SQL",62000,76000,RUB
103017,2026-08-04,Frontend Developer,Senior,Санкт-Петербург,Офис,Малая (50-250),"CSS, Git, HTML, JavaScript, React, TypeScript",134000,179000,RUB
102863,2026-08-04,DevOps Engineer,Junior,Казань,Удалённо,Малая (50-250),"AWS, CI/CD, Kubernetes, Terraform",46000,55000,RUB
103904,2026-08-04,ML Engineer,Junior,Москва,Гибрид,Стартап (<50),"Git, MLflow, TensorFlow",55000,69000,RUB
103243,2026-08-04,Full-stack Developer,Senior,Москва,Гибрид,Малая (50-250),"Git, Node.js, React",157000,195000,RUB
102483,2026-08-04,System Analyst,Senior,Екатеринбург,Офис,Средняя (250-1000),"BPMN, Confluence, Git, UML",126000,162000,RUB
100531,2026-08-04,DevOps Engineer,Middle,Москва,Удалённо,Стартап (<50),"AWS, CI/CD, Docker, Git, Kubernetes, Linux",160000,213000,RUB
105665,2026-08-05,Data Analyst,Junior,Новосибирск,Офис,Средняя (250-1000),"Git, Power BI, Python, SQL",31000,36000,RUB
100218,2026-08-05,Product Manager,Middle,Москва,Гибрид,Малая (50-250),"Confluence, Git, Jira, SQL",127000,147000,RUB
104900,2026-08-05,Backend Developer,Junior,Удалённо (Россия),Гибрид,Стартап (<50),"Git, Python, SQL",57000,75000,RUB
100532,2026-08-06,QA Engineer,Junior,Москва,Офис,Крупная (1000+),"Git, Manual Testing, Postman, Python, SQL, Selenium",53000,65000,RUB
100761,2026-08-06,Full-stack Developer,Senior,Москва,Удалённо,Малая (50-250),"Docker, Git, JavaScript, Node.js",210000,249000,RUB
104095,2026-08-06,ML Engineer,Middle,Москва,Гибрид,Малая (50-250),"Docker, Git, Kubernetes, PyTorch, Python, TensorFlow",119000,149000,RUB
105301,2026-08-06,Full-stack Developer,Middle,Краснодар,Гибрид,Малая (50-250),"Docker, Git, JavaScript, Node.js, React, SQL",53000,68000,RUB
103628,2026-08-06,Data Analyst,Middle,Удалённо (Россия),Гибрид,Стартап (<50),"Excel, Python, Tableau",64000,80000,RUB
105057,2026-08-06,QA Engineer,Junior,Удалённо (Россия),Офис,Малая (50-250),"Git, Manual Testing, Postman, Python, SQL, Selenium",34000,41000,RUB
104929,2026-08-07,Frontend Developer,Senior,Санкт-Петербург,Офис,Средняя (250-1000),"CSS, Git, HTML, TypeScript",162000,206000,RUB
102003,2026-08-07,Backend Developer,Middle,Москва,Гибрид,Стартап (<50),"Git, PostgreSQL, Python, REST API",108000,131000,RUB
105392,2026-08-07,Full-stack Developer,Lead,Санкт-Петербург,Гибрид,Средняя (250-1000),"Docker, Git, JavaScript, Node.js, React, SQL",245000,330000,RUB
102155,2026-08-07,QA Engineer,Middle,Екатеринбург,Гибрид,Малая (50-250),"Git, Manual Testing, Postman, Python, SQL, Selenium",53000,67000,RUB
105261,2026-08-07,DevOps Engineer,Middle,Санкт-Петербург,Гибрид,Малая (50-250),"CI/CD, Docker, Git, Kubernetes, Linux, Terraform",121000,150000,RUB
105209,2026-08-07,DevOps Engineer,Junior,Екатеринбург,Гибрид,Средняя (250-1000),"AWS, CI/CD, Docker, Git",54000,69000,RUB
104975,2026-08-08,System Analyst,Middle,Новосибирск,Гибрид,Малая (50-250),"BPMN, Confluence, Git, Jira, UML",64000,81000,RUB
102106,2026-08-08,Full-stack Developer,Junior,Казань,Офис,Стартап (<50),"Docker, Git, JavaScript, Node.js, React, SQL",37000,43000,RUB
104845,2026-08-08,Data Analyst,Middle,Удалённо (Россия),Офис,Средняя (250-1000),"Excel, Git, Python, SQL, Tableau",87000,115000,RUB
101902,2026-08-08,Data Scientist,Middle,Удалённо (Россия),Гибрид,Малая (50-250),"Git, PyTorch, SQL",95000,127000,RUB
104524,2026-08-08,Mobile Developer,Junior,Новосибирск,Удалённо,Малая (50-250),"Git, Kotlin, REST API, SQL, Swift",46000,58000,RUB
105770,2026-08-08,Data Engineer,Middle,Удалённо (Россия),Офис,Средняя (250-1000),"ClickHouse, Docker, Git, SQL",119000,151000,RUB
105689,2026-08-08,Data Analyst,Middle,Москва,Гибрид,Средняя (250-1000),"Excel, Git, Power BI, SQL",108000,137000,RUB
105073,2026-08-09,ML Engineer,Middle,Новосибирск,Офис,Стартап (<50),"Git, Kubernetes, MLflow, PyTorch, TensorFlow",95000,112000,RUB
104957,2026-08-09,Mobile Developer,Junior,Санкт-Петербург,Гибрид,Малая (50-250),"Git, Kotlin, REST API, SQL, Swift",49000,59000,RUB
105415,2026-08-09,Backend Developer,Middle,Санкт-Петербург,Офис,Малая (50-250),"Docker, Git, Java, Python",90000,110000,RUB
100487,2026-08-09,Backend Developer,Middle,Москва,Офис,Средняя (250-1000),"Git, Kubernetes, Python, REST API, SQL",145000,174000,RUB
103609,2026-08-10,Data Analyst,Lead,Казань,Гибрид,Стартап (<50),"Excel, Git, Power BI, Python, SQL, Tableau",116000,142000,RUB
105215,2026-08-10,Mobile Developer,Senior,Удалённо (Россия),Удалённо,Крупная (1000+),"Git, REST API, SQL, Swift",158000,193000,RUB
103133,2026-08-10,ML Engineer,Middle,Москва,Удалённо,Малая (50-250),"Docker, Git, Kubernetes, MLflow, TensorFlow",152000,176000,RUB
104304,2026-08-10,ML Engineer,Senior,Санкт-Петербург,Гибрид,Крупная (1000+),"Docker, Git, MLflow, PyTorch, TensorFlow",185000,238000,RUB
103766,2026-08-10,Backend Developer,Senior,Москва,Гибрид,Малая (50-250),"Git, REST API, SQL",178000,206000,RUB
101612,2026-08-10,Data Analyst,Middle,Москва,Офис,Стартап (<50),"Excel, Git, Python, SQL, Tableau",84000,98000,RUB
104951,2026-08-10,System Analyst,Middle,Москва,Офис,Стартап (<50),"BPMN, Confluence, Git, Jira, SQL, UML",124000,163000,RUB
104145,2026-08-11,Data Engineer,Middle,Санкт-Петербург,Офис,Крупная (1000+),"ClickHouse, Docker, Git, Kafka",107000,129000,RUB
100150,2026-08-11,Backend Developer,Middle,Москва,Удалённо,Малая (50-250),"Git, Java, Kubernetes, Python, REST API",103000,120000,RUB
100239,2026-08-11,Data Scientist,Middle,Удалённо (Россия),Офис,Малая (50-250),"Docker, Git, PyTorch, SQL, Scikit-learn, Statistics",141000,166000,RUB
100862,2026-08-11,System Analyst,Middle,Краснодар,Удалённо,Крупная (1000+),"BPMN, Confluence, Git, SQL, UML",50000,59000,RUB
100802,2026-08-11,System Analyst,Middle,Новосибирск,Удалённо,Средняя (250-1000),"BPMN, Confluence, Git, SQL, UML",67000,90000,RUB
105613,2026-08-12,Data Analyst,Middle,Екатеринбург,Удалённо,Средняя (250-1000),"Git, Power BI, Python, SQL, Tableau",70000,90000,RUB
102922,2026-08-12,Mobile Developer,Junior,Удалённо (Россия),Офис,Крупная (1000+),"Git, REST API, SQL, Swift",55000,67000,RUB
101611,2026-08-12,DevOps Engineer,Junior,Москва,Гибрид,Малая (50-250),"CI/CD, Git, Linux",74000,97000,RUB
100564,2026-08-12,Data Analyst,Senior,Москва,Гибрид,Стартап (<50),"Excel, Git, Power BI, Python, SQL, Tableau",153000,203000,RUB
100769,2026-08-12,Data Analyst,Junior,Москва,Офис,Средняя (250-1000),"Excel, Git, Power BI, SQL",48000,55000,RUB
103698,2026-08-12,Backend Developer,Junior,Удалённо (Россия),Офис,Стартап (<50),"Git, Java, PostgreSQL, Python",66000,81000,RUB
102894,2026-08-12,System Analyst,Middle,Удалённо (Россия),Офис,Крупная (1000+),"Git, Jira, SQL, UML",86000,101000,RUB
103007,2026-08-12,Data Engineer,Middle,Новосибирск,Удалённо,Крупная (1000+),"Airflow, Git, Kafka, Python, SQL",94000,111000,RUB
100827,2026-08-12,Product Manager,Middle,Удалённо (Россия),Офис,Малая (50-250),"Agile, Analytics, Confluence, Git, Jira, SQL",94000,127000,RUB
102499,2026-08-13,Frontend Developer,Lead,Санкт-Петербург,Офис,Стартап (<50),"CSS, Git, JavaScript, React, TypeScript",135000,168000,RUB
101223,2026-08-13,Data Analyst,Middle,Москва,Офис,Средняя (250-1000),"Excel, Git, Power BI, Python, SQL",83000,95000,RUB
103485,2026-08-13,Backend Developer,Middle,Нижний Новгород,Удалённо,Малая (50-250),"Docker, Git, Kubernetes, PostgreSQL, Python, REST API",69000,82000,RUB
102722,2026-08-13,Data Scientist,Middle,Удалённо (Россия),Гибрид,Малая (50-250),"Docker, Git, PyTorch, SQL, Scikit-learn",120000,151000,RUB
104128,2026-08-13,DevOps Engineer,Middle,Москва,Офис,Крупная (1000+),"AWS, CI/CD, Docker, Git, Kubernetes, Linux, Terraform",127000,167000,RUB
105483,2026-08-13,Data Analyst,Middle,Удалённо (Россия),Удалённо,Малая (50-250),"Excel, Power BI, SQL, Tableau",75000,94000,RUB
102998,2026-08-14,Data Analyst,Middle,Москва,Удалённо,Стартап (<50),"Excel, Git, Power BI, Python, Tableau",97000,118000,RUB
100258,2026-08-14,Full-stack Developer,Junior,Удалённо (Россия),Офис,Средняя (250-1000),"Git, JavaScript, Node.js, React, SQL",58000,77000,RUB
102587,2026-08-14,DevOps Engineer,Middle,Новосибирск,Гибрид,Крупная (1000+),"AWS, CI/CD, Docker, Git, Kubernetes, Linux",99000,131000,RUB
103754,2026-08-14,Product Manager,Junior,Казань,Удалённо,Малая (50-250),"Agile, Analytics, Confluence, Git, Jira",42000,53000,RUB
104418,2026-08-14,DevOps Engineer,Middle,Удалённо (Россия),Удалённо,Стартап (<50),"AWS, CI/CD, Git, Kubernetes, Linux, Terraform",110000,135000,RUB
101363,2026-08-14,Data Scientist,Senior,Санкт-Петербург,Удалённо,Средняя (250-1000),"Git, Pandas, PyTorch, Python, SQL, Scikit-learn, Statistics",170000,220000,RUB
100369,2026-08-15,Data Engineer,Middle,Нижний Новгород,Удалённо,Стартап (<50),"Airflow, ClickHouse, Git, Spark",59000,79000,RUB
103536,2026-08-15,ML Engineer,Junior,Екатеринбург,Гибрид,Крупная (1000+),"Git, Kubernetes, MLflow",47000,60000,RUB
100287,2026-08-15,Data Engineer,Junior,Екатеринбург,Гибрид,Малая (50-250),"ClickHouse, Docker, Git, Python, SQL",38000,49000,RUB
100692,2026-08-15,Data Analyst,Middle,Санкт-Петербург,Удалённо,Средняя (250-1000),"Excel, Git, Python, SQL, Tableau",98000,127000,RUB
104862,2026-08-15,System Analyst,Middle,Москва,Гибрид,Малая (50-250),"BPMN, Confluence, Git, Jira, SQL",101000,135000,RUB
104232,2026-08-15,DevOps Engineer,Junior,Санкт-Петербург,Удалённо,Стартап (<50),"AWS, Docker, Git, Linux, Terraform",55000,65000,RUB
100181,2026-08-15,Full-stack Developer,Senior,Екатеринбург,Удалённо,Крупная (1000+),"Git, JavaScript, Node.js, React, SQL",164000,220000,RUB
101049,2026-08-15,ML Engineer,Middle,Удалённо (Россия),Офис,Средняя (250-1000),"Git, MLflow, PyTorch, TensorFlow",98000,126000,RUB
101949,2026-08-15,Backend Developer,Middle,Удалённо (Россия),Офис,Крупная (1000+),"Docker, Git, Java, PostgreSQL, Python, SQL",117000,135000,RUB
100443,2026-08-15,Data Analyst,Junior,Екатеринбург,Гибрид,Средняя (250-1000),"Excel, Git, Power BI, Python, SQL, Tableau",32000,37000,RUB
104083,2026-08-16,Product Manager,Middle,Нижний Новгород,Гибрид,Малая (50-250),"Agile, Confluence, Git, SQL",80000,98000,RUB
103301,2026-08-16,Backend Developer,Middle,Удалённо (Россия),Гибрид,Малая (50-250),"Docker, Git, Kubernetes, PostgreSQL, REST API",106000,134000,RUB
102476,2026-08-16,Full-stack Developer,Junior,Санкт-Петербург,Удалённо,Средняя (250-1000),"Git, JavaScript, Node.js, React, SQL",53000,71000,RUB
100005,2026-08-16,Backend Developer,Middle,Москва,Офис,Малая (50-250),"Docker, Git, Kubernetes, Python, REST API, SQL",115000,142000,RUB
102357,2026-08-16,Data Analyst,Middle,Санкт-Петербург,Гибрид,Крупная (1000+),"Excel, Git, Python, SQL",95000,116000,RUB
105236,2026-08-16,Frontend Developer,Lead,Санкт-Петербург,Гибрид,Стартап (<50),"CSS, Git, HTML, React",219000,267000,RUB
102209,2026-08-16,Full-stack Developer,Middle,Москва,Офис,Средняя (250-1000),"Git, JavaScript, Node.js, React, SQL",86000,114000,RUB
100929,2026-08-16,Frontend Developer,Middle,Удалённо (Россия),Гибрид,Малая (50-250),"CSS, Git, HTML, JavaScript",123000,158000,RUB
105644,2026-08-16,Data Analyst,Senior,Новосибирск,Гибрид,Малая (50-250),"Excel, Git, Power BI, Python, SQL, Tableau",85000,105000,RUB
102704,2026-08-17,Mobile Developer,Middle,Екатеринбург,Гибрид,Стартап (<50),"Git, Kotlin, REST API, SQL, Swift",82000,108000,RUB
100075,2026-08-17,Data Engineer,Middle,Казань,Удалённо,Малая (50-250),"Airflow, Docker, Git, Kafka, Spark",81000,96000,RUB
105918,2026-08-17,ML Engineer,Senior,Москва,Гибрид,Крупная (1000+),"Docker, Git, Kubernetes, PyTorch, TensorFlow",251000,300000,RUB
102726,2026-08-17,Frontend Developer,Middle,Удалённо (Россия),Удалённо,Крупная (1000+),"CSS, Git, JavaScript, TypeScript",98000,116000,RUB
100965,2026-08-17,System Analyst,Senior,Москва,Гибрид,Малая (50-250),"BPMN, Confluence, Git, Jira, UML",149000,186000,RUB
102036,2026-08-17,ML Engineer,Middle,Новосибирск,Гибрид,Малая (50-250),"Docker, Git, Python",102000,129000,RUB
105217,2026-08-17,Frontend Developer,Senior,Удалённо (Россия),Гибрид,Стартап (<50),"CSS, Git, HTML, JavaScript, React, TypeScript",126000,156000,RUB
103432,2026-08-18,Data Scientist,Junior,Казань,Гибрид,Стартап (<50),"Git, Pandas, PyTorch, Scikit-learn",46000,57000,RUB
102257,2026-08-18,Data Engineer,Junior,Казань,Гибрид,Стартап (<50),"ClickHouse, Git, Kafka, SQL",43000,50000,RUB
100019,2026-08-18,DevOps Engineer,Middle,Удалённо (Россия),Офис,Стартап (<50),"AWS, CI/CD, Docker, Git, Linux, Terraform",89000,119000,RUB
105552,2026-08-18,Backend Developer,Middle,Новосибирск,Гибрид,Крупная (1000+),"Git, Kubernetes, Python, REST API",65000,84000,RUB
104768,2026-08-18,Backend Developer,Middle,Санкт-Петербург,Офис,Средняя (250-1000),"Docker, Git, Java, Kubernetes, PostgreSQL",106000,140000,RUB
102736,2026-08-18,System Analyst,Middle,Москва,Удалённо,Малая (50-250),"BPMN, Confluence, Git, Jira, SQL, UML",85000,104000,RUB
100119,2026-08-18,Frontend Developer,Middle,Москва,Удалённо,Малая (50-250),"CSS, Git, HTML, JavaScript, React",104000,133000,RUB
103488,2026-08-18,Data Engineer,Junior,Москва,Офис,Стартап (<50),"Docker, Git, Kafka, Python, SQL, Spark",79000,101000,RUB
104916,2026-08-19,DevOps Engineer,Middle,Москва,Гибрид,Средняя (250-1000),"CI/CD, Docker, Git, Kubernetes, Linux",199000,262000,RUB
101210,2026-08-19,DevOps Engineer,Lead,Удалённо (Россия),Удалённо,Крупная (1000+),"CI/CD, Docker, Git, Kubernetes, Linux, Terraform",304000,364000,RUB
104515,2026-08-19,Data Scientist,Senior,Москва,Офис,Стартап (<50),"Git, Pandas, PyTorch, Python, Scikit-learn, Statistics",200000,248000,RUB
105156,2026-08-19,ML Engineer,Junior,Нижний Новгород,Гибрид,Средняя (250-1000),"Git, PyTorch, Python, TensorFlow",48000,56000,RUB
101033,2026-08-19,Data Analyst,Junior,Москва,Удалённо,Малая (50-250),"Excel, Git, Power BI, Python, SQL, Tableau",62000,74000,RUB
105070,2026-08-19,Frontend Developer,Middle,Москва,Гибрид,Средняя (250-1000),"Git, HTML, React",123000,146000,RUB
104560,2026-08-20,System Analyst,Middle,Москва,Офис,Стартап (<50),"BPMN, Confluence, Git, Jira, UML",83000,104000,RUB
104641,2026-08-20,Full-stack Developer,Middle,Санкт-Петербург,Удалённо,Малая (50-250),"Git, JavaScript, Node.js, React",87000,102000,RUB
104920,2026-08-20,Backend Developer,Middle,Москва,Гибрид,Стартап (<50),"Docker, Git, PostgreSQL",119000,161000,RUB
102096,2026-08-20,Data Analyst,Senior,Удалённо (Россия),Офис,Средняя (250-1000),"Excel, Git, Python, SQL, Tableau",168000,217000,RUB
105921,2026-08-20,QA Engineer,Senior,Москва,Офис,Малая (50-250),"Git, Manual Testing, Postman, Python, Selenium",83000,108000,RUB
102746,2026-08-20,QA Engineer,Junior,Санкт-Петербург,Гибрид,Стартап (<50),"Git, Python, SQL",31000,36000,RUB
101504,2026-08-20,Data Scientist,Senior,Казань,Офис,Малая (50-250),"Docker, Git, Pandas, PyTorch, Scikit-learn, Statistics",131000,157000,RUB
105890,2026-08-20,Product Manager,Senior,Новосибирск,Удалённо,Стартап (<50),"Agile, Analytics, Confluence, Git, Jira, SQL",145000,169000,RUB
103198,2026-08-21,Mobile Developer,Junior,Новосибирск,Офис,Малая (50-250),"Git, REST API, SQL, Swift",41000,51000,RUB
101932,2026-08-21,Data Analyst,Senior,Москва,Офис,Стартап (<50),"Excel, Git, Python, SQL",150000,177000,RUB
102577,2026-08-21,Full-stack Developer,Senior,Краснодар,Офис,Средняя (250-1000),"Docker, Git, Node.js, React",132000,167000,RUB
104035,2026-08-21,ML Engineer,Junior,Москва,Гибрид,Крупная (1000+),"Docker, Git, Kubernetes, MLflow, Python, TensorFlow",80000,106000,RUB
101149,2026-08-21,Data Scientist,Junior,Новосибирск,Гибрид,Средняя (250-1000),"Docker, Git, Pandas, SQL, Statistics",49000,64000,RUB
103487,2026-08-21,Backend Developer,Lead,Удалённо (Россия),Гибрид,Стартап (<50),"Docker, Git, Java, Kubernetes, REST API",184000,242000,RUB
100323,2026-08-21,DevOps Engineer,Senior,Москва,Офис,Крупная (1000+),"AWS, Git, Linux",239000,303000,RUB
101050,2026-08-21,Full-stack Developer,Lead,Москва,Гибрид,Малая (50-250),"Docker, Git, Node.js, React",201000,256000,RUB
101698,2026-08-22,Full-stack Developer,Middle,Москва,Гибрид,Малая (50-250),"Docker, Git, JavaScript, Node.js",109000,141000,RUB
102906,2026-08-22,System Analyst,Middle,Удалённо (Россия),Офис,Крупная (1000+),"BPMN, Confluence, Git, Jira, SQL, UML",91000,121000,RUB
105264,2026-08-22,Backend Developer,Middle,Новосибирск,Удалённо,Малая (50-250),"Git, Java, Kubernetes, Python, REST API",86000,100000,RUB
100885,2026-08-22,DevOps Engineer,Junior,Москва,Офис,Малая (50-250),"Docker, Git, Kubernetes, Linux, Terraform",55000,73000,RUB
100211,2026-08-22,Data Engineer,Middle,Москва,Удалённо,Стартап (<50),"Docker, Git, Kafka, Python, SQL, Spark",95000,120000,RUB
102513,2026-08-22,DevOps Engineer,Lead,Удалённо (Россия),Гибрид,Крупная (1000+),"CI/CD, Docker, Git, Kubernetes, Linux, Terraform",284000,380000,RUB
100990,2026-08-22,Backend Developer,Junior,Удалённо (Россия),Гибрид,Стартап (<50),"Git, Kubernetes, Python",54000,68000,RUB
102006,2026-08-23,Product Manager,Junior,Москва,Удалённо,Стартап (<50),"Agile, Analytics, Git, SQL",68000,80000,RUB
101700,2026-08-23,Data Analyst,Middle,Удалённо (Россия),Офис,Малая (50-250),"Excel, Git, Python, SQL, Tableau",102000,133000,RUB
104024,2026-08-23,Backend Developer,Junior,Москва,Удалённо,Малая (50-250),"Docker, Git, Java, Kubernetes, Python, SQL",59000,78000,RUB
100594,2026-08-23,Data Analyst,Senior,Екатеринбург,Офис,Стартап (<50),"Git, Power BI, Python, SQL, Tableau",97000,117000,RUB
101619,2026-08-23,Data Analyst,Middle,Москва,Гибрид,Средняя (250-1000),"Excel, Git, Power BI, Tableau",112000,150000,RUB
104506,2026-08-23,ML Engineer,Junior,Екатеринбург,Удалённо,Малая (50-250),"Docker, Git, Kubernetes, MLflow, PyTorch, TensorFlow",51000,67000,RUB
100292,2026-08-23,Data Scientist,Senior,Санкт-Петербург,Удалённо,Средняя (250-1000),"Docker, Git, PyTorch, Python, SQL, Scikit-learn, Statistics",196000,246000,RUB
